country,state,city,station,last_update,latitude,longitude,pollutant_id,pollutant_min,pollutant_max,pollutant_avg
India,Andhra_Pradesh,Nellore,"Ambedkar Nagar, Nellore - APPCB ","03-06-2026 23:00:00","14.438164 ","79.966814 ",NH3,4,6,6
India,Andhra_Pradesh,Nellore,"Ambedkar Nagar, Nellore - APPCB ","03-06-2026 23:00:00","14.438164 ","79.966814 ",SO2,6,15,12
India,Andhra_Pradesh,Nellore,"Ambedkar Nagar, Nellore - APPCB ","03-06-2026 23:00:00","14.438164 ","79.966814 ",OZONE,28,47,39
India,Andhra_Pradesh,Rajamahendravaram,"Anand Kala Kshetram, Rajamahendravaram - APPCB","03-06-2026 23:00:00",16.9872867,81.7363176,PM10,NA,NA,NA
India,Andhra_Pradesh,Rajamahendravaram,"Anand Kala Kshetram, Rajamahendravaram - APPCB","03-06-2026 23:00:00",16.9872867,81.7363176,NO2,NA,NA,NA
India,Andhra_Pradesh,Rajamahendravaram,"Anand Kala Kshetram, Rajamahendravaram - APPCB","03-06-2026 23:00:00",16.9872867,81.7363176,OZONE,9,37,24
India,Andhra_Pradesh,Tirumala,"Toll Gate, Tirumala - APPCB","03-06-2026 23:00:00",13.67,79.35,NH3,2,3,3
India,Andhra_Pradesh,Tirupati,"Vaikuntapuram, Tirupati - APPCB","03-06-2026 23:00:00",13.615387,79.409230,CO,18,30,20
India,Andhra_Pradesh,Vijayawada,"HB Colony, Vijayawada - APPCB","03-06-2026 23:00:00",16.536107,80.594233,NO2,16,24,20
India,Andhra_Pradesh,Vijayawada,"HB Colony, Vijayawada - APPCB","03-06-2026 23:00:00",16.536107,80.594233,NH3,4,5,4
India,Andhra_Pradesh,Vijayawada,"Kanuru, Vijayawada - APPCB","03-06-2026 23:00:00",16.486692,80.699436,NH3,4,7,5
India,Andhra_Pradesh,Vijayawada,"Rajiv Gandhi Park, Vijayawada - APPCB","03-06-2026 23:00:00",16.509717,80.612222,PM2.5,54,68,62
India,Andhra_Pradesh,Vijayawada,"Rajiv Gandhi Park, Vijayawada - APPCB","03-06-2026 23:00:00",16.509717,80.612222,NH3,4,6,5
India,Andhra_Pradesh,Vijayawada,"Rajiv Gandhi Park, Vijayawada - APPCB","03-06-2026 23:00:00",16.509717,80.612222,CO,24,40,35
India,Andhra_Pradesh,Vijayawada,"Rajiv Nagar, Vijayawada - APPCB","03-06-2026 23:00:00",16.554731,80.649110,PM2.5,53,80,64
India,Andhra_Pradesh,Vijayawada,"Rajiv Nagar, Vijayawada - APPCB","03-06-2026 23:00:00",16.554731,80.649110,OZONE,17,53,22
India,Andhra_Pradesh,Visakhapatnam,"GVM Corporation, Visakhapatnam - APPCB","03-06-2026 23:00:00",17.72,83.3,PM2.5,27,112,65
India,Arunachal_Pradesh,Naharlagun,"Naharlagun, Naharlagun - APSPCB","03-06-2026 23:00:00",27.103358,93.679645,PM2.5,2,40,22
India,Arunachal_Pradesh,Naharlagun,"Naharlagun, Naharlagun - APSPCB","03-06-2026 23:00:00",27.103358,93.679645,SO2,10,11,11
India,Assam,Byrnihat,"Central Academy for SFS, Byrnihat - PCBA","03-06-2026 23:00:00",26.071318,91.87488,SO2,21,33,31
India,Assam,Byrnihat,"Central Academy for SFS, Byrnihat - PCBA","03-06-2026 23:00:00",26.071318,91.87488,CO,20,72,46
India,Assam,Guwahati,"IITG, Guwahati - PCBA","03-06-2026 23:00:00",26.2028636,91.70046436,NH3,5,5,5
India,Assam,Guwahati,"IITG, Guwahati - PCBA","03-06-2026 23:00:00",26.2028636,91.70046436,SO2,33,36,35
India,Assam,Guwahati,"IITG, Guwahati - PCBA","03-06-2026 23:00:00",26.2028636,91.70046436,OZONE,2,43,14
India,Assam,Guwahati,"LGBI Airport, Guwahati - PCBA","03-06-2026 23:00:00",26.10887,91.589544,OZONE,16,38,34
India,Assam,Guwahati,"Pan Bazaar, Guwahati - PCBA","03-06-2026 23:00:00",26.187500,91.744194,NO2,NA,NA,NA
India,Assam,Guwahati,"Railway Colony, Guwahati - PCBA","03-06-2026 23:00:00",26.181742,91.78063,PM10,50,117,78
India,Assam,Nagaon,"Christianpatty, Nagaon - PCBA","03-06-2026 23:00:00",26.349082,92.68449,OZONE,9,12,10
India,Assam,Silchar,"Tarapur, Silchar - PCBA","03-06-2026 23:00:00",24.82827,92.79525,NO2,16,16,16
India,Assam,Sivasagar,"Girls College, Sivasagar - PCBA","03-06-2026 23:00:00",26.987634,94.636574,NO2,7,11,9
India,Bihar,Araria,"Kharahiya Basti, Araria - BSPCB","03-06-2026 23:00:00",26.146529,87.454184,PM10,75,147,103
India,Chhattisgarh,Korba,"Rampur, Korba - CECB","03-06-2026 23:00:00",22.368195,82.746431,PM10,17,45,30
India,Chhattisgarh,Korba,"Urja Nagar, Korba - CECB","03-06-2026 23:00:00",22.348441,82.549611,NO2,NA,NA,NA
India,Chhattisgarh,Kunjemura,"OP Jindal School, Kunjemura - CECB","03-06-2026 23:00:00",22.126650,83.483212,SO2,3,23,12
India,Chhattisgarh,Kunjemura,"OP Jindal School, Kunjemura - CECB","03-06-2026 23:00:00",22.126650,83.483212,OZONE,3,62,41
India,Chhattisgarh,Milupara,"Govt. Higher Secondary School, Milupara - CECB","03-06-2026 23:00:00",22.1910172,83.5197009,NH3,NA,NA,NA
India,Chhattisgarh,Milupara,"Govt. Higher Secondary School, Milupara - CECB","03-06-2026 23:00:00",22.1910172,83.5197009,OZONE,68,180,118
India,Chhattisgarh,Raipur,"AIIMS, Raipur - CECB","03-06-2026 23:00:00",21.258815,81.578979,SO2,4,8,6
India,Chhattisgarh,Raipur,"AIIMS, Raipur - CECB","03-06-2026 23:00:00",21.258815,81.578979,OZONE,12,54,26
India,Chhattisgarh,Raipur,"Bhatagaon New ISBT, Raipur - CECB","03-06-2026 23:00:00",21.219665,81.630094,PM2.5,23,71,41
India,Chhattisgarh,Raipur,"Bhatagaon New ISBT, Raipur - CECB","03-06-2026 23:00:00",21.219665,81.630094,OZONE,1,9,6
India,Chhattisgarh,Raipur,"Siltara Phase-II, Raipur - CECB","03-06-2026 23:00:00",21.371751,81.664929,PM2.5,35,205,69
India,Chhattisgarh,Raipur,"Siltara Phase-II, Raipur - CECB","03-06-2026 23:00:00",21.371751,81.664929,OZONE,5,28,20
India,Chhattisgarh,Tumidih,"OP Jindal Industrial Park, Tumidih - CECB","03-06-2026 23:00:00",22.06631475,83.33820077,PM2.5,33,69,48
India,Delhi,Delhi,"Alipur, Delhi - DPCC","03-06-2026 23:00:00",28.815329,77.153010,PM2.5,70,311,127
India,Bihar,Gaya,"Kareemganj, Gaya - BSPCB","03-06-2026 23:00:00",24.792403,84.992416,NH3,1,1,1
India,Bihar,Gaya,"SFTI Kusdihra, Gaya - BSPCB","03-06-2026 23:00:00",24.762518,84.982348,PM2.5,37,52,44
India,Bihar,Gaya,"SFTI Kusdihra, Gaya - BSPCB","03-06-2026 23:00:00",24.762518,84.982348,NO2,16,26,21
India,Bihar,Gaya,"SFTI Kusdihra, Gaya - BSPCB","03-06-2026 23:00:00",24.762518,84.982348,NH3,3,6,4
India,Bihar,Katihar,"Mirchaibari, Katihar - BSPCB","03-06-2026 23:00:00",25.560083,87.553265,PM10,28,46,39
India,Bihar,Kishanganj,"SDM Office_Khagra, Kishanganj - BSPCB","03-06-2026 23:00:00",26.0881305,87.93840336,PM10,90,133,107
India,Bihar,Kishanganj,"SDM Office_Khagra, Kishanganj - BSPCB","03-06-2026 23:00:00",26.0881305,87.93840336,CO,13,16,14
India,Bihar,Manguraha,"Forest Rest House, Manguraha - BSPCB","03-06-2026 23:00:00",27.308328,84.531742,NO2,2,9,4
India,Bihar,Manguraha,"Forest Rest House, Manguraha - BSPCB","03-06-2026 23:00:00",27.308328,84.531742,SO2,15,17,16
India,Bihar,Motihari,"Gandak Colony, Motihari - BSPCB","03-06-2026 23:00:00",26.63086,84.90051,NO2,NA,NA,NA
India,Bihar,Motihari,"Gandak Colony, Motihari - BSPCB","03-06-2026 23:00:00",26.63086,84.90051,CO,12,15,13
India,Bihar,Munger,"Town Hall, Munger - BSPCB","03-06-2026 23:00:00",25.376776,86.471523,PM10,26,132,56
India,Bihar,Munger,"Town Hall, Munger - BSPCB","03-06-2026 23:00:00",25.376776,86.471523,NO2,7,7,7
India,Bihar,Muzaffarpur,"MIT-Daudpur Kothi, Muzaffarpur - BSPCB","03-06-2026 23:00:00",26.1403345,85.3650192,OZONE,38,69,67
India,Bihar,Sasaram,"Dada Peer, Sasaram - BSPCB","03-06-2026 23:00:00",24.952822,84.002396,OZONE,7,38,20
India,Bihar,Siwan,"Chitragupta Nagar, Siwan - BSPCB","03-06-2026 23:00:00",26.2271665,84.3570427,PM2.5,8,147,58
India,Bihar,Siwan,"Chitragupta Nagar, Siwan - BSPCB","03-06-2026 23:00:00",26.2271665,84.3570427,CO,33,114,108
India,Chandigarh,Chandigarh,"Sector 22, Chandigarh - CPCC","03-06-2026 23:00:00",30.735567,76.775714,PM10,27,72,45
India,Chandigarh,Chandigarh,"Sector-25, Chandigarh - CPCC","03-06-2026 23:00:00",30.751462,76.762879,PM2.5,45,80,65
India,Chandigarh,Chandigarh,"Sector-25, Chandigarh - CPCC","03-06-2026 23:00:00",30.751462,76.762879,OZONE,10,49,47
India,Chandigarh,Chandigarh,"Sector-53, Chandigarh - CPCC","03-06-2026 23:00:00",30.719859,76.738637,NO2,12,127,54
India,Chhattisgarh,Bhilai,"32Bungalows, Bhilai - CECB","03-06-2026 23:00:00",21.194815,81.314770,SO2,12,43,25
India,Chhattisgarh,Bhilai,"Civic Center, Bhilai - Bhilai Steel Plant","03-06-2026 23:00:00",21.185571,81.343175,NO2,13,14,13
India,Chhattisgarh,Bhilai,"Hathkhoj, Bhilai - CECB","03-06-2026 23:00:00",21.224231,81.408350,NH3,4,6,5
India,Chhattisgarh,Bilaspur,"Mangala, Bilaspur - NTPC","03-06-2026 23:00:00",22.08815,82.13737,PM2.5,60,128,80
India,Chhattisgarh,Chhal,"Nawapara SECL Colony, Chhal - CECB","03-06-2026 23:00:00",22.118125,83.140608,NH3,5,6,5
India,Delhi,Delhi,"Anand Vihar, Delhi - DPCC","03-06-2026 23:00:00",28.647622,77.3158090,PM2.5,20,269,126
India,Delhi,Delhi,"Anand Vihar, Delhi - DPCC","03-06-2026 23:00:00",28.647622,77.3158090,PM10,117,312,196
India,Delhi,Delhi,"Anand Vihar, Delhi - DPCC","03-06-2026 23:00:00",28.647622,77.3158090,NO2,29,100,57
India,Delhi,Delhi,"Ashok Vihar, Delhi - DPCC","03-06-2026 23:00:00",28.695381,77.181665,SO2,16,32,24
India,Delhi,Delhi,"Bawana, Delhi - DPCC","03-06-2026 23:00:00",28.776200,77.051074,CO,17,52,30
India,Delhi,Delhi,"Burari Crossing, Delhi - IITM","03-06-2026 23:00:00",28.7256504,77.2011573,CO,54,104,75
India,Delhi,Delhi,"CRRI Mathura Road, Delhi - IITM","03-06-2026 23:00:00",28.5512005,77.2735737,CO,21,71,31
India,Delhi,Delhi,"Cantonment Area, Delhi - DPCC ","03-06-2026 23:00:00","28.594169 ","77.125100 ",NO2,8,45,24
India,Delhi,Delhi,"Chandni Chowk, Delhi - IITM","03-06-2026 23:00:00",28.656756,77.227234,PM2.5,73,108,92
India,Delhi,Delhi,"Chandni Chowk, Delhi - IITM","03-06-2026 23:00:00",28.656756,77.227234,SO2,10,100,37
India,Delhi,Delhi,"Commonwealth Sports Complex, Delhi - DPCC","03-06-2026 23:00:00","28.615828 ","77.271992 ",PM2.5,74,175,108
India,Delhi,Delhi,"Commonwealth Sports Complex, Delhi - DPCC","03-06-2026 23:00:00","28.615828 ","77.271992 ",PM10,91,171,119
India,Delhi,Delhi,"Commonwealth Sports Complex, Delhi - DPCC","03-06-2026 23:00:00","28.615828 ","77.271992 ",NH3,2,12,5
India,Bihar,Muzaffarpur,"Muzaffarpur Collectorate, Muzaffarpur - BSPCB","03-06-2026 23:00:00",26.1209,85.3647,CO,18,60,30
India,Bihar,Patna,"DRM Office Danapur, Patna - BSPCB","03-06-2026 23:00:00",25.586562,85.043586,NO2,29,36,32
India,Bihar,Patna,"Govt. High School Shikarpur, Patna - BSPCB","03-06-2026 23:00:00",25.592539,85.227158,SO2,8,10,9
India,Bihar,Patna,"IGSC Planetarium Complex, Patna - BSPCB","03-06-2026 23:00:00",25.610369,85.132568,SO2,16,28,22
India,Bihar,Patna,"Muradpur, Patna - BSPCB","03-06-2026 23:00:00",25.619651,85.147382,NO2,3,4,3
India,Bihar,Patna,"Rajbansi Nagar, Patna - BSPCB","03-06-2026 23:00:00",25.599486,85.113666,PM2.5,43,62,53
India,Bihar,Patna,"Samanpura, Patna - BSPCB","03-06-2026 23:00:00",25.596727,85.085624,CO,22,34,26
India,Bihar,Purnia,"Mariam Nagar, Purnia - BSPCB","03-06-2026 23:00:00",25.366336,87.117468,PM2.5,62,82,68
India,Bihar,Purnia,"Mariam Nagar, Purnia - BSPCB","03-06-2026 23:00:00",25.366336,87.117468,NH3,2,2,2
India,Bihar,Purnia,"Mariam Nagar, Purnia - BSPCB","03-06-2026 23:00:00",25.366336,87.117468,OZONE,17,80,47
India,Bihar,Samastipur,"DM Office_Kasipur, Samastipur - BSPCB","03-06-2026 23:00:00",25.859655,85.77944,NH3,1,2,1
India,Bihar,Arrah,"New DM Office, Arrah - BSPCB","03-06-2026 23:00:00",25.5626095,84.663264,CO,46,61,54
India,Bihar,Begusarai,"Lohiyanagar, Begusarai - BSPCB","03-06-2026 23:00:00",25.42742023,86.13886079,NO2,11,17,13
India,Bihar,Begusarai,"Lohiyanagar, Begusarai - BSPCB","03-06-2026 23:00:00",25.42742023,86.13886079,CO,8,19,15
India,Bihar,Bettiah,"Kamalnath Nagar, Bettiah - BSPCB","03-06-2026 23:00:00",26.80365,84.51954,NO2,NA,NA,NA
India,Bihar,Bhagalpur,"DM Office_Kachari Chowk, Bhagalpur - BSPCB","03-06-2026 23:00:00",25.251013,86.989001,CO,18,54,41
India,Bihar,Buxar,"Charitra Van, Buxar - BSPCB","03-06-2026 23:00:00",25.567520,83.966379,SO2,29,36,31
India,Bihar,Buxar,"Charitra Van, Buxar - BSPCB","03-06-2026 23:00:00",25.567520,83.966379,CO,22,26,25
India,Bihar,Buxar,"Charitra Van, Buxar - BSPCB","03-06-2026 23:00:00",25.567520,83.966379,OZONE,22,171,86
India,Bihar,Chhapra,"Darshan Nagar, Chhapra - BSPCB","03-06-2026 23:00:00",25.7808257,84.7446768,PM2.5,85,85,85
India,Bihar,Chhapra,"Darshan Nagar, Chhapra - BSPCB","03-06-2026 23:00:00",25.7808257,84.7446768,NH3,3,4,3
India,Bihar,Gaya,"Kareemganj, Gaya - BSPCB","03-06-2026 23:00:00",24.792403,84.992416,PM10,80,266,120
India,Delhi,Delhi,"Commonwealth Sports Complex, Delhi - DPCC","03-06-2026 23:00:00","28.615828 ","77.271992 ",CO,24,60,40
India,Delhi,Delhi,"DTU, Delhi - CPCB","03-06-2026 23:00:00",28.7500499,77.1112615,NO2,7,8,8
India,Delhi,Delhi,"Dr. Karni Singh Shooting Range, Delhi - DPCC","03-06-2026 23:00:00",28.498571,77.264840,NH3,5,7,6
India,Delhi,Delhi,"Dr. Karni Singh Shooting Range, Delhi - DPCC","03-06-2026 23:00:00",28.498571,77.264840,CO,26,54,38
India,Delhi,Delhi,"Dr. Karni Singh Shooting Range, Delhi - DPCC","03-06-2026 23:00:00",28.498571,77.264840,OZONE,16,142,87
India,Delhi,Delhi,"Dwarka-Sector 8, Delhi - DPCC ","03-06-2026 23:00:00",28.5710274,77.0719006,OZONE,20,97,70
India,Delhi,Delhi,"IGI Airport (T3), Delhi - IITM","03-06-2026 23:00:00",28.5627763,77.1180053,PM2.5,29,145,88
India,Delhi,Delhi,"IGI Airport (T3), Delhi - IITM","03-06-2026 23:00:00",28.5627763,77.1180053,PM10,96,193,138
India,Delhi,Delhi,"IHBAS, Dilshad Garden, Delhi - CPCB","03-06-2026 23:00:00",28.6811736,77.3025234,PM10,67,134,106
India,Delhi,Delhi,"IHBAS, Dilshad Garden, Delhi - CPCB","03-06-2026 23:00:00",28.6811736,77.3025234,OZONE,20,105,62
India,Delhi,Delhi,"ITO, Delhi - CPCB","03-06-2026 23:00:00",28.628624,77.241060,NH3,3,6,4
India,Andhra_Pradesh,Amaravati,"Secretariat, Amaravati - APPCB","03-06-2026 23:00:00",16.5150833,80.5181667,CO,18,119,23
India,Andhra_Pradesh,Anantapur,"Gulzarpet, Anantapur - APPCB","03-06-2026 23:00:00",14.675886,77.593027,PM10,35,422,88
India,Andhra_Pradesh,Anantapur,"Gulzarpet, Anantapur - APPCB","03-06-2026 23:00:00",14.675886,77.593027,SO2,12,17,14
India,Andhra_Pradesh,Eluru,"District Court, Eluru - APPCB","03-06-2026 23:00:00",16.711754,81.092095,OZONE,15,48,28
India,Andhra_Pradesh,Guntur,"Rajendra Nagar North, Guntur - APPCB","03-06-2026 23:00:00",16.316553,80.413302,NO2,21,69,40
India,Andhra_Pradesh,Guntur,"Rajendra Nagar North, Guntur - APPCB","03-06-2026 23:00:00",16.316553,80.413302,NH3,4,13,8
India,Andhra_Pradesh,Guntur,"Rajendra Nagar North, Guntur - APPCB","03-06-2026 23:00:00",16.316553,80.413302,SO2,10,20,14
India,Andhra_Pradesh,Kadapa,"Yerramukkapalli, Kadapa - APPCB","03-06-2026 23:00:00",14.465052,78.824187,NH3,3,5,4
India,Andhra_Pradesh,Kadapa,"Yerramukkapalli, Kadapa - APPCB","03-06-2026 23:00:00",14.465052,78.824187,SO2,10,21,13
India,Andhra_Pradesh,Machilipatnam,"Srinivas Nagar Colony, Machilipatnam - APPCB","03-06-2026 23:00:00",16.186555,81.13219,PM2.5,51,188,80
India,Haryana,Karnal,"Sector-12, Karnal - HSPCB","03-06-2026 23:00:00",29.695300,77.002700,PM10,70,143,94
India,Haryana,Karnal,"Sector-12, Karnal - HSPCB","03-06-2026 23:00:00",29.695300,77.002700,NO2,6,7,6
India,Haryana,Karnal,"Sector-12, Karnal - HSPCB","03-06-2026 23:00:00",29.695300,77.002700,NH3,6,6,6
India,Haryana,Karnal,"Sector-12, Karnal - HSPCB","03-06-2026 23:00:00",29.695300,77.002700,SO2,1,13,4
India,Haryana,Kurukshetra,"Sector-7, Kurukshetra - HSPCB","03-06-2026 23:00:00",29.966942,76.875879,NO2,15,23,19
India,Haryana,Kurukshetra,"Sector-7, Kurukshetra - HSPCB","03-06-2026 23:00:00",29.966942,76.875879,NH3,5,5,5
India,Haryana,Kurukshetra,"Sector-7, Kurukshetra - HSPCB","03-06-2026 23:00:00",29.966942,76.875879,SO2,2,3,2
India,Haryana,Kurukshetra,"Sector-7, Kurukshetra - HSPCB","03-06-2026 23:00:00",29.966942,76.875879,CO,12,30,19
India,Haryana,Mandikhera,"General Hospital, Mandikhera(Nuh) - HSPCB","03-06-2026 23:00:00",27.9002,76.9938,PM10,35,355,79
India,Haryana,Manesar,"Sector-2 IMT, Manesar - HSPCB","03-06-2026 23:00:00",28.360699,76.936090,OZONE,10,49,18
India,Haryana,Narnaul,"Shastri Nagar, Narnaul - HSPCB","03-06-2026 23:00:00",28.060249,76.113115,NH3,3,8,5
India,Haryana,Palwal,"Shyam Nagar, Palwal - HSPCB","03-06-2026 23:00:00",28.1485564,77.3320667,PM2.5,49,52,50
India,Haryana,Palwal,"Shyam Nagar, Palwal - HSPCB","03-06-2026 23:00:00",28.1485564,77.3320667,SO2,12,13,12
India,Haryana,Palwal,"Shyam Nagar, Palwal - HSPCB","03-06-2026 23:00:00",28.1485564,77.3320667,CO,11,123,77
India,Haryana,Panchgaon,"Amity University, Panchgaon - IITM","03-06-2026 23:00:00",28.3153,76.9143,PM2.5,23,182,95
India,Haryana,Panchgaon,"Amity University, Panchgaon - IITM","03-06-2026 23:00:00",28.3153,76.9143,NO2,22,58,28
India,Haryana,Panchgaon,"Amity University, Panchgaon - IITM","03-06-2026 23:00:00",28.3153,76.9143,CO,14,59,34
India,Haryana,Panipat,"Sector-18, Panipat - HSPCB","03-06-2026 23:00:00",29.432304,76.972765,PM2.5,149,173,162
India,Haryana,Panipat,"Sector-18, Panipat - HSPCB","03-06-2026 23:00:00",29.432304,76.972765,NO2,31,32,31
India,Haryana,Rohtak,"MD University, Rohtak - HSPCB","03-06-2026 23:00:00",28.52123,76.37138,PM10,70,133,92
India,Haryana,Rohtak,"MD University, Rohtak - HSPCB","03-06-2026 23:00:00",28.52123,76.37138,NO2,6,9,8
India,Haryana,Rohtak,"MD University, Rohtak - HSPCB","03-06-2026 23:00:00",28.52123,76.37138,SO2,11,13,12
India,Haryana,Sirsa,"F-Block, Sirsa - HSPCB","03-06-2026 23:00:00",29.536400,75.015800,PM10,64,119,91
India,Haryana,"Yamuna Nagar","Gobind Pura, Yamuna Nagar - HSPCB","03-06-2026 23:00:00",30.1480566,77.2893471,NO2,11,20,15
India,"Himachal Pradesh",Baddi,"HIMUDA Complex Phase-1, Baddi - HPPCB","03-06-2026 23:00:00",30.943887,76.801991,NO2,6,34,15
India,"Himachal Pradesh",Baddi,"HIMUDA Complex Phase-1, Baddi - HPPCB","03-06-2026 23:00:00",30.943887,76.801991,OZONE,34,188,132
India,Jammu_and_Kashmir,Pampore,"Khrew, Pampore - JKPCC","03-06-2026 23:00:00",34.031606,75.009712,PM2.5,14,42,25
India,Jammu_and_Kashmir,Pampore,"Khrew, Pampore - JKPCC","03-06-2026 23:00:00",34.031606,75.009712,PM10,20,59,35
India,Jammu_and_Kashmir,Pampore,"Khrew, Pampore - JKPCC","03-06-2026 23:00:00",34.031606,75.009712,NO2,13,35,21
India,Jammu_and_Kashmir,Srinagar,"Rajbagh, Srinagar - JKPCC","03-06-2026 23:00:00",34.066206,74.819820,PM10,33,64,45
India,Jammu_and_Kashmir,Srinagar,"Rajbagh, Srinagar - JKPCC","03-06-2026 23:00:00",34.066206,74.819820,SO2,3,4,3
India,Jharkhand,Jorapokhar,"Tata Stadium, Jorapokhar - JSPCB","03-06-2026 23:00:00",23.707909,86.414670,PM10,47,124,86
India,Jharkhand,Jorapokhar,"Tata Stadium, Jorapokhar - JSPCB","03-06-2026 23:00:00",23.707909,86.414670,SO2,4,4,4
India,Karnataka,Bagalkot,"Vidayagiri, Bagalkot - KSPCB","03-06-2026 23:00:00",16.172806,75.659694,SO2,7,7,7
India,Karnataka,Belgaum,"Ramteerth Nagar, Belgaum - KSPCB","03-06-2026 23:00:00",15.888653,74.541751,NH3,1,10,4
India,Karnataka,Belgaum,"Ramteerth Nagar, Belgaum - KSPCB","03-06-2026 23:00:00",15.888653,74.541751,SO2,47,58,53
India,Karnataka,Bengaluru,"BTM Layout, Bengaluru - CPCB","03-06-2026 23:00:00",12.9135218,77.5950804,NO2,19,20,19
India,Karnataka,Bengaluru,"BWSSB Kadabesanahalli, Bengaluru - CPCB","03-06-2026 23:00:00",12.9352049,77.6814488,OZONE,14,30,21
India,Karnataka,Bengaluru,"Bapuji Nagar, Bengaluru - KSPCB","03-06-2026 23:00:00",12.951913,77.539784,NO2,NA,NA,NA
India,Karnataka,Bengaluru,"Bapuji Nagar, Bengaluru - KSPCB","03-06-2026 23:00:00",12.951913,77.539784,SO2,NA,NA,NA
India,Karnataka,Bengaluru,"Hombegowda Nagar, Bengaluru - KSPCB","03-06-2026 23:00:00",12.938539,77.590100,PM10,14,39,26
India,Karnataka,Bengaluru,"Hombegowda Nagar, Bengaluru - KSPCB","03-06-2026 23:00:00",12.938539,77.590100,NH3,1,2,2
India,Karnataka,Bengaluru,"Hombegowda Nagar, Bengaluru - KSPCB","03-06-2026 23:00:00",12.938539,77.590100,SO2,1,10,5
India,Karnataka,Bengaluru,"Jayanagar 5th Block, Bengaluru - KSPCB","03-06-2026 23:00:00",12.920984,77.584908,PM2.5,16,45,34
India,Karnataka,Bengaluru,"Jayanagar 5th Block, Bengaluru - KSPCB","03-06-2026 23:00:00",12.920984,77.584908,SO2,18,36,27
India,Karnataka,Bengaluru,"Jayanagar 5th Block, Bengaluru - KSPCB","03-06-2026 23:00:00",12.920984,77.584908,OZONE,12,70,40
India,Karnataka,Bengaluru,"Peenya, Bengaluru - CPCB","03-06-2026 23:00:00",13.0270199,77.494094,PM10,48,49,48
India,Karnataka,Bengaluru,"Peenya, Bengaluru - CPCB","03-06-2026 23:00:00",13.0270199,77.494094,NO2,4,331,97
India,Karnataka,Bengaluru,"Peenya, Bengaluru - CPCB","03-06-2026 23:00:00",13.0270199,77.494094,CO,20,34,24
India,Karnataka,Bengaluru,"Shivapura_Peenya, Bengaluru - KSPCB","03-06-2026 23:00:00",13.0246342,77.5080115,CO,NA,NA,NA
India,Karnataka,Chikkaballapur,"Chikkaballapur Rural, Chikkaballapur - KSPCB","03-06-2026 23:00:00",13.428828,77.731418,CO,11,38,26
India,Karnataka,Chikkamagaluru,"Kalyana Nagara, Chikkamagaluru - KSPCB","03-06-2026 23:00:00",13.328028,75.797056,PM2.5,NA,NA,NA
India,Karnataka,Chikkamagaluru,"Kalyana Nagara, Chikkamagaluru - KSPCB","03-06-2026 23:00:00",13.328028,75.797056,OZONE,10,20,12
India,Delhi,Delhi,"North Campus, DU, Delhi - IITM","03-06-2026 23:00:00",28.6573814,77.1585447,OZONE,2,204,100
India,Delhi,Delhi,"Okhla Phase-2, Delhi - DPCC","03-06-2026 23:00:00",28.530785,77.271255,NO2,10,90,45
India,Delhi,Delhi,"Okhla Phase-2, Delhi - DPCC","03-06-2026 23:00:00",28.530785,77.271255,OZONE,6,89,59
India,Delhi,Delhi,"Patparganj, Delhi - DPCC","03-06-2026 23:00:00",28.623763,77.287209,OZONE,1,87,57
India,Delhi,Delhi,"Punjabi Bagh, Delhi - DPCC","03-06-2026 23:00:00",28.674045,77.131023,NH3,3,4,4
India,Delhi,Delhi,"Punjabi Bagh, Delhi - DPCC","03-06-2026 23:00:00",28.674045,77.131023,SO2,17,30,25
India,Delhi,Delhi,"Pusa, Delhi - DPCC","03-06-2026 23:00:00",28.639652,77.146275,SO2,7,32,18
India,Delhi,Delhi,"Pusa, Delhi - IITM","03-06-2026 23:00:00",28.636110,77.173332,NO2,20,98,53
India,Delhi,Delhi,"R K Puram, Delhi - DPCC","03-06-2026 23:00:00",28.563262,77.186937,PM2.5,65,240,129
India,Delhi,Delhi,"R K Puram, Delhi - DPCC","03-06-2026 23:00:00",28.563262,77.186937,NO2,18,105,54
India,Delhi,Delhi,"R K Puram, Delhi - DPCC","03-06-2026 23:00:00",28.563262,77.186937,OZONE,1,66,37
India,Delhi,Delhi,"Rohini, Delhi - DPCC","03-06-2026 23:00:00",28.732528,77.119920,PM2.5,63,253,120
India,Delhi,Delhi,"Rohini, Delhi - DPCC","03-06-2026 23:00:00",28.732528,77.119920,SO2,7,17,10
India,Delhi,Delhi,"Shadipur, Delhi - CPCB","03-06-2026 23:00:00",28.6514781,77.1473105,NO2,30,57,42
India,Delhi,Delhi,"Sirifort, Delhi - CPCB","03-06-2026 23:00:00",28.5504249,77.2159377,SO2,36,44,38
India,Delhi,Delhi,"Sirifort, Delhi - CPCB","03-06-2026 23:00:00",28.5504249,77.2159377,CO,15,74,48
India,Gujarat,Bhavnagar,"Vidhyanagar, Bhavnagar - Nexteng Enviro","03-06-2026 23:00:00",21.755417,72.139056,PM10,48,240,76
India,Gujarat,Bhavnagar,"Vidhyanagar, Bhavnagar - Nexteng Enviro","03-06-2026 23:00:00",21.755417,72.139056,OZONE,7,9,8
India,Gujarat,Gandhinagar,"IIPHG Lekawada, Gandhinagar - IITM","03-06-2026 23:00:00",23.243639,72.68994,PM2.5,35,75,48
India,Gujarat,Gandhinagar,"IIPHG Lekawada, Gandhinagar - IITM","03-06-2026 23:00:00",23.243639,72.68994,PM10,94,133,111
India,Gujarat,Gandhinagar,"IIPHG Lekawada, Gandhinagar - IITM","03-06-2026 23:00:00",23.243639,72.68994,NO2,3,23,10
India,Gujarat,Gandhinagar,"IIPHG Lekawada, Gandhinagar - IITM","03-06-2026 23:00:00",23.243639,72.68994,SO2,2,3,3
India,Gujarat,Gandhinagar,"Sector-10, Gandhinagar - GPCB","03-06-2026 23:00:00",23.221714,72.654328,PM2.5,28,75,55
India,Gujarat,Gandhinagar,"Sector-10, Gandhinagar - GPCB","03-06-2026 23:00:00",23.221714,72.654328,NO2,11,41,23
India,Gujarat,Gandhinagar,"Sector-10, Gandhinagar - GPCB","03-06-2026 23:00:00",23.221714,72.654328,CO,28,44,32
India,Gujarat,Mehsana,"Sadanand Nagar, Mehsana - Nexteng Enviro","03-06-2026 23:00:00",23.593150,72.372792,PM2.5,27,221,87
India,Gujarat,Mehsana,"Sadanand Nagar, Mehsana - Nexteng Enviro","03-06-2026 23:00:00",23.593150,72.372792,NH3,1,2,2
India,Gujarat,Mehsana,"Sadanand Nagar, Mehsana - Nexteng Enviro","03-06-2026 23:00:00",23.593150,72.372792,SO2,10,12,11
India,Gujarat,Mehsana,"Sadanand Nagar, Mehsana - Nexteng Enviro","03-06-2026 23:00:00",23.593150,72.372792,CO,70,77,71
India,Gujarat,Nandesari,"GIDC, Nandesari - Nandesari Ind. Association","03-06-2026 23:00:00",22.410802,73.097923,NO2,15,49,30
India,Gujarat,Nandesari,"GIDC, Nandesari - Nandesari Ind. Association","03-06-2026 23:00:00",22.410802,73.097923,SO2,3,3,3
India,Gujarat,Rajkot,"Mavdi, Rajkot - Nexteng Enviro ","03-06-2026 23:00:00",22.248853,70.776774,CO,74,77,76
India,Haryana,Faridabad,"Sector 11, Faridabad - HSPCB","03-06-2026 23:00:00",28.376058,77.315741,SO2,6,12,9
India,Haryana,Faridabad,"Sector 11, Faridabad - HSPCB","03-06-2026 23:00:00",28.376058,77.315741,CO,55,79,64
India,Haryana,Faridabad,"Sector 30, Faridabad - HSPCB","03-06-2026 23:00:00",28.4417,77.3217,CO,41,64,61
India,Haryana,Fatehabad,"Huda Sector, Fatehabad - HSPCB","03-06-2026 23:00:00",29.503664,75.467934,SO2,1,28,12
India,Haryana,Gurugram,"NISE Gwal Pahari, Gurugram - IITM","03-06-2026 23:00:00",28.422681,77.148944,NO2,10,26,14
India,Haryana,Gurugram,"NISE Gwal Pahari, Gurugram - IITM","03-06-2026 23:00:00",28.422681,77.148944,OZONE,1,224,134
India,Haryana,Gurugram,"Sector-51, Gurugram - HSPCB","03-06-2026 23:00:00",28.4227,77.0667,PM2.5,84,219,133
India,Haryana,Gurugram,"Teri Gram, Gurugram - HSPCB","03-06-2026 23:00:00",28.4275,77.1465,OZONE,16,47,17
India,Haryana,Gurugram,"Vikas Sadan, Gurugram - HSPCB","03-06-2026 23:00:00",28.4501238,77.0263051,CO,34,111,97
India,Haryana,Gurugram,"Vikas Sadan, Gurugram - HSPCB","03-06-2026 23:00:00",28.4501238,77.0263051,OZONE,4,31,18
India,Haryana,Hisar,"Urban Estate-II, Hisar - HSPCB","03-06-2026 23:00:00",29.140560,75.744941,NH3,NA,NA,NA
India,Haryana,Jind,"Police Lines, Jind - HSPCB","03-06-2026 23:00:00",29.307814,76.337619,PM2.5,61,321,174
India,Haryana,Kaithal,"Rishi Nagar, Kaithal - HSPCB","03-06-2026 23:00:00",29.8006,76.4155,PM10,49,166,132
India,Delhi,Delhi,"Jahangirpuri, Delhi - DPCC","03-06-2026 23:00:00",28.732820,77.170633,PM2.5,37,301,93
India,Delhi,Delhi,"Jahangirpuri, Delhi - DPCC","03-06-2026 23:00:00",28.732820,77.170633,PM10,119,265,148
India,Delhi,Delhi,"Jahangirpuri, Delhi - DPCC","03-06-2026 23:00:00",28.732820,77.170633,CO,36,99,57
India,Delhi,Delhi,"Jawaharlal Nehru Stadium, Delhi - DPCC","03-06-2026 23:00:00",28.580280,77.233829,PM10,103,193,135
India,Delhi,Delhi,"Major Dhyan Chand National Stadium, Delhi - DPCC","03-06-2026 23:00:00",28.611281,77.237738,SO2,13,41,19
India,Delhi,Delhi,"Mandir Marg, Delhi - DPCC","03-06-2026 23:00:00",28.636429,77.201067,PM2.5,20,92,67
India,Delhi,Delhi,"Mandir Marg, Delhi - DPCC","03-06-2026 23:00:00",28.636429,77.201067,PM10,111,167,138
India,Delhi,Delhi,"Mandir Marg, Delhi - DPCC","03-06-2026 23:00:00",28.636429,77.201067,OZONE,2,114,64
India,Delhi,Delhi,"Mundka, Delhi - DPCC","03-06-2026 23:00:00",28.684678,77.076574,NH3,7,13,9
India,Delhi,Delhi,"Mundka, Delhi - DPCC","03-06-2026 23:00:00",28.684678,77.076574,SO2,10,23,16
India,Delhi,Delhi,"NSIT Dwarka, Delhi - CPCB","03-06-2026 23:00:00",28.60909,77.0325413,CO,8,78,28
India,Delhi,Delhi,"Najafgarh, Delhi - DPCC","03-06-2026 23:00:00",28.570173,76.933762,NH3,8,12,10
India,Delhi,Delhi,"Nehru Nagar, Delhi - DPCC","03-06-2026 23:00:00",28.567890,77.250515,NH3,6,9,8
India,Delhi,Delhi,"Nehru Nagar, Delhi - DPCC","03-06-2026 23:00:00",28.567890,77.250515,SO2,9,46,21
India,Delhi,Delhi,"Nehru Nagar, Delhi - DPCC","03-06-2026 23:00:00",28.567890,77.250515,CO,40,88,64
India,Gujarat,Vadodara,"Bapunagar, Vadodara - Nexteng Enviro","03-06-2026 23:00:00",22.320153,73.216285,OZONE,3,7,5
India,Gujarat,Vapi,"Phase-1 GIDC, Vapi - GPCB","03-06-2026 23:00:00",20.362421,72.918013,OZONE,4,30,18
India,Haryana,Ambala,"Patti Mehar, Ambala - HSPCB","03-06-2026 23:00:00",30.379589,76.778328,SO2,15,31,22
India,Haryana,Ballabgarh,"Nathu Colony, Ballabgarh - HSPCB","03-06-2026 23:00:00",28.3419248,77.319699,NO2,19,21,20
India,Haryana,Ballabgarh,"Nathu Colony, Ballabgarh - HSPCB","03-06-2026 23:00:00",28.3419248,77.319699,OZONE,15,16,15
India,Haryana,Bhiwani,"H.B. Colony, Bhiwani - HSPCB","03-06-2026 23:00:00",28.806223,76.141105,NH3,7,11,9
India,Haryana,"Charkhi Dadri","Mini Secretariat, Charkhi Dadri - HSPCB","03-06-2026 23:00:00",28.593883,76.270653,PM2.5,64,308,143
India,Haryana,Dharuhera,"Municipal Corporation Office, Dharuhera -  HSPCB","03-06-2026 23:00:00",28.206800,76.799700,PM2.5,68,274,137
India,Haryana,Dharuhera,"Municipal Corporation Office, Dharuhera -  HSPCB","03-06-2026 23:00:00",28.206800,76.799700,NO2,15,52,36
India,Haryana,Dharuhera,"Municipal Corporation Office, Dharuhera -  HSPCB","03-06-2026 23:00:00",28.206800,76.799700,OZONE,10,73,31
India,Haryana,Faridabad,"New Industrial Town, Faridabad - HSPCB","03-06-2026 23:00:00",28.39072,77.30059,NH3,11,12,11
India,Delhi,Delhi,"Vivek Vihar, Delhi - DPCC","03-06-2026 23:00:00",28.672342,77.315260,PM2.5,40,177,75
India,Delhi,Delhi,"Vivek Vihar, Delhi - DPCC","03-06-2026 23:00:00",28.672342,77.315260,NH3,11,13,12
India,Delhi,Delhi,"Vivek Vihar, Delhi - DPCC","03-06-2026 23:00:00",28.672342,77.315260,SO2,12,35,19
India,Delhi,Delhi,"Wazirpur, Delhi - DPCC","03-06-2026 23:00:00",28.699793,77.165453,SO2,9,13,11
India,Gujarat,Ahmedabad,"Maninagar, Ahmedabad - GPCB","03-06-2026 23:00:00",23.002657,72.591912,OZONE,35,87,62
India,Gujarat,Ahmedabad,"Raikhad, Ahmedabad - IITM","03-06-2026 23:00:00",23.020509,72.579261,PM2.5,29,75,46
India,Gujarat,Ahmedabad,"Rakhial, Ahmedabad - IITM","03-06-2026 23:00:00",23.016834,72.625775,PM10,64,127,104
India,Gujarat,Ahmedabad,"SAC ISRO Bopal, Ahmedabad - IITM","03-06-2026 23:00:00",23.041137,72.456691,CO,10,16,12
India,Gujarat,Ahmedabad,"SAC ISRO Satellite, Ahmedabad - IITM","03-06-2026 23:00:00",23.023389,72.515201,PM2.5,51,103,75
India,Gujarat,Ahmedabad,"SAC ISRO Satellite, Ahmedabad - IITM","03-06-2026 23:00:00",23.023389,72.515201,NO2,12,15,15
India,Maharashtra,Dombivli,"Kalu Nagar, Dombivli - MPCB","03-06-2026 23:00:00","19.2268427 ","73.0788456 ",NH3,1,2,1
India,Maharashtra,Dombivli,"Kalu Nagar, Dombivli - MPCB","03-06-2026 23:00:00","19.2268427 ","73.0788456 ",CO,6,28,16
India,Maharashtra,Hingoli,"Ashta Vinayak Nagar, Hingoli - MPCB","03-06-2026 23:00:00",19.710842,77.151824,NH3,2,5,3
India,Maharashtra,Hingoli,"Ashta Vinayak Nagar, Hingoli - MPCB","03-06-2026 23:00:00",19.710842,77.151824,SO2,1,3,2
India,Maharashtra,Hingoli,"Ashta Vinayak Nagar, Hingoli - MPCB","03-06-2026 23:00:00",19.710842,77.151824,CO,10,20,13
India,Maharashtra,Jalgaon,"Prabhat Colony, Jalgaon - MPCB","03-06-2026 23:00:00",21.001264,75.565602,SO2,5,7,6
India,Maharashtra,Jalna,"Old MIDC, Jalna - MPCB","03-06-2026 23:00:00",19.854616,75.905894,NO2,16,23,19
India,Maharashtra,Jalna,"Old MIDC, Jalna - MPCB","03-06-2026 23:00:00",19.854616,75.905894,NH3,2,5,4
India,Maharashtra,Jalna,"Old MIDC, Jalna - MPCB","03-06-2026 23:00:00",19.854616,75.905894,CO,5,32,20
India,Maharashtra,Jalna,"Old MIDC, Jalna - MPCB","03-06-2026 23:00:00",19.854616,75.905894,OZONE,12,53,33
India,Maharashtra,Kalyan,"Pimpleshwar Mandir, Kalyan - MPCB","03-06-2026 23:00:00",19.192056,72.9585188,NO2,20,24,22
India,Maharashtra,Kalyan,"Pimpleshwar Mandir, Kalyan - MPCB","03-06-2026 23:00:00",19.192056,72.9585188,OZONE,43,53,45
India,Maharashtra,Kolhapur,"Shivaji University, Kolhapur - MPCB","03-06-2026 23:00:00",16.6870449,74.2505872,PM2.5,15,28,21
India,Maharashtra,Kolhapur,"Shivaji University, Kolhapur - MPCB","03-06-2026 23:00:00",16.6870449,74.2505872,PM10,17,44,34
India,Maharashtra,Kolhapur,"Shivaji University, Kolhapur - MPCB","03-06-2026 23:00:00",16.6870449,74.2505872,NO2,5,23,14
India,Maharashtra,Latur,"Sawe Wadi, Latur - MPCB","03-06-2026 23:00:00",18.39963,76.57452,OZONE,9,32,18
India,Maharashtra,Mahad,"Kamble Tarf Birwadi, Mahad - MPCB","03-06-2026 23:00:00",18.1023399,73.4783687,PM2.5,NA,NA,NA
India,Maharashtra,Mahad,"Kamble Tarf Birwadi, Mahad - MPCB","03-06-2026 23:00:00",18.1023399,73.4783687,PM10,NA,NA,NA
India,Maharashtra,Malegaon,"Mahesh Nagar, Malegaon - MPCB","03-06-2026 23:00:00",20.555712,74.529236,PM2.5,NA,NA,NA
India,Maharashtra,Amravati,"Shri Shivaji Science College, Amravati - MPCB","03-06-2026 23:00:00",20.939198,77.765701,SO2,7,8,8
India,Maharashtra,Amravati,"Shri Shivaji Science College, Amravati - MPCB","03-06-2026 23:00:00",20.939198,77.765701,OZONE,1,62,43
India,Maharashtra,Aurangabad,"More Chowk Waluj, Aurangabad - MPCB","03-06-2026 23:00:00",19.8389439,75.244448,NO2,8,13,10
India,Maharashtra,Aurangabad,"More Chowk Waluj, Aurangabad - MPCB","03-06-2026 23:00:00",19.8389439,75.244448,CO,6,155,44
India,Maharashtra,Aurangabad,"More Chowk Waluj, Aurangabad - MPCB","03-06-2026 23:00:00",19.8389439,75.244448,OZONE,12,46,33
India,Maharashtra,Aurangabad,"Rachnakar Colony, Aurangabad - MPCB","03-06-2026 23:00:00",19.863756,75.321188,PM2.5,18,48,32
India,Maharashtra,Aurangabad,"Rachnakar Colony, Aurangabad - MPCB","03-06-2026 23:00:00",19.863756,75.321188,CO,19,30,23
India,Maharashtra,Badlapur,"Katrap, Badlapur - MPCB","03-06-2026 23:00:00",19.16485,73.23409,NO2,20,24,22
India,Maharashtra,Badlapur,"Katrap, Badlapur - MPCB","03-06-2026 23:00:00",19.16485,73.23409,NH3,6,6,6
India,Maharashtra,Badlapur,"Katrap, Badlapur - MPCB","03-06-2026 23:00:00",19.16485,73.23409,SO2,6,7,7
India,Maharashtra,Beed,"Bir, Beed - MPCB","03-06-2026 23:00:00",18.988474,75.753873,NH3,3,3,3
India,Maharashtra,Belapur,"CBD Belapur, Belapur - MPCB","03-06-2026 23:00:00",19.0243902,73.0406721,NO2,23,49,34
India,Maharashtra,Bhiwandi,"Gokul Nagar, Bhiwandi - MPCB","03-06-2026 23:00:00",19.309073,73.057223,NO2,9,30,20
India,Maharashtra,Boisar,"Khaira, Boisar - MPCB","03-06-2026 23:00:00",19.786089,72.757971,PM2.5,42,43,42
India,Maharashtra,Boisar,"Khaira, Boisar - MPCB","03-06-2026 23:00:00",19.786089,72.757971,PM10,36,56,44
India,Maharashtra,Chandrapur,"Chauhan Colony, Chandrapur - MPCB","03-06-2026 23:00:00",19.962900,79.298714,PM2.5,20,110,55
India,Karnataka,Dharwad,"Kalabhavan, Dharwad - KSPCB","03-06-2026 23:00:00",15.459706,75.008381,NH3,6,7,7
India,Karnataka,Hubballi,"Lingaraj Nagar, Hubballi - KSPCB","03-06-2026 23:00:00",15.3714823,75.1160168,PM2.5,35,38,37
India,Karnataka,Hubballi,"Lingaraj Nagar, Hubballi - KSPCB","03-06-2026 23:00:00",15.3714823,75.1160168,SO2,2,3,2
India,Karnataka,Koppal,"Diwator Nagar, Koppal - KSPCB","03-06-2026 23:00:00",15.347630,76.181767,NH3,NA,NA,NA
India,Karnataka,Madikeri,"Stuart Hill, Madikeri - KSPCB","03-06-2026 23:00:00",12.415911,75.735050,CO,10,20,15
India,Karnataka,Mangalore,"Kadri, Mangalore - KSPCB","03-06-2026 23:00:00",12.889250,74.853000,NH3,1,2,2
India,Karnataka,Mysuru,"Hebbal 1st Stage, Mysuru - KSPCB","03-06-2026 23:00:00",12.21041,76.37376,PM2.5,NA,NA,NA
India,Karnataka,Mysuru,"Hebbal 1st Stage, Mysuru - KSPCB","03-06-2026 23:00:00",12.21041,76.37376,PM10,NA,NA,NA
India,Karnataka,Mysuru,"Hebbal 1st Stage, Mysuru - KSPCB","03-06-2026 23:00:00",12.21041,76.37376,NO2,NA,NA,NA
India,Karnataka,Mysuru,"Hebbal 1st Stage, Mysuru - KSPCB","03-06-2026 23:00:00",12.21041,76.37376,SO2,NA,NA,NA
India,Karnataka,Mysuru,"Hebbal 1st Stage, Mysuru - KSPCB","03-06-2026 23:00:00",12.21041,76.37376,CO,15,33,23
India,Karnataka,Shivamogga,"Vinoba Nagara, Shivamogga - KSPCB","03-06-2026 23:00:00",13.940000,75.555917,NO2,24,31,27
India,Karnataka,Shivamogga,"Vinoba Nagara, Shivamogga - KSPCB","03-06-2026 23:00:00",13.940000,75.555917,NH3,3,4,3
India,Karnataka,Shivamogga,"Vinoba Nagara, Shivamogga - KSPCB","03-06-2026 23:00:00",13.940000,75.555917,CO,9,36,25
India,Karnataka,Vijayapura,"Ibrahimpur, Vijayapura - KSPCB","03-06-2026 23:00:00",16.802639,75.722694,OZONE,16,17,16
India,Kerala,Kannur,"Thavakkara, Kannur - Kerala PCB","03-06-2026 23:00:00",11.875000,75.373200,PM2.5,40,118,68
India,Maharashtra,Malegaon,"Mahesh Nagar, Malegaon - MPCB","03-06-2026 23:00:00",20.555712,74.529236,OZONE,36,41,38
India,Maharashtra,Mira-Bhayandar,"Bhayandar West, Mira-Bhayandar - MPCB","03-06-2026 23:00:00",19.296481,72.840923,NH3,4,4,4
India,Maharashtra,Mira-Bhayandar,"Bhayandar West, Mira-Bhayandar - MPCB","03-06-2026 23:00:00",19.296481,72.840923,CO,10,21,10
India,Maharashtra,Mira-Bhayandar,"Bhayandar West, Mira-Bhayandar - MPCB","03-06-2026 23:00:00",19.296481,72.840923,OZONE,12,39,23
India,Maharashtra,Mumbai,"Bandra Kurla Complex, Mumbai - IITM","03-06-2026 23:00:00",19.053536,72.84643,OZONE,7,36,12
India,Maharashtra,Mumbai,"Borivali East, Mumbai - IITM","03-06-2026 23:00:00",19.23241,72.86895,PM10,34,64,52
India,Maharashtra,Mumbai,"Borivali East, Mumbai - IITM","03-06-2026 23:00:00",19.23241,72.86895,NO2,NA,NA,NA
India,Maharashtra,Mumbai,"Borivali East, Mumbai - IITM","03-06-2026 23:00:00",19.23241,72.86895,OZONE,28,82,67
India,Maharashtra,Mumbai,"Borivali East, Mumbai - MPCB","03-06-2026 23:00:00",19.2243333,72.8658113,OZONE,NA,NA,NA
India,Maharashtra,Mumbai,"Byculla, Mumbai - BMC","03-06-2026 23:00:00",18.9767,72.8380,SO2,1,8,2
India,Maharashtra,Mumbai,"Byculla, Mumbai - BMC","03-06-2026 23:00:00",18.9767,72.8380,OZONE,1,36,20
India,Maharashtra,Mumbai,"Chakala-Andheri East, Mumbai - IITM","03-06-2026 23:00:00",19.11074,72.86084,NH3,6,10,7
India,Maharashtra,Mumbai,"Chakala-Andheri East, Mumbai - IITM","03-06-2026 23:00:00",19.11074,72.86084,CO,10,44,26
India,Maharashtra,Mumbai,"Chembur, Mumbai - MPCB","03-06-2026 23:00:00",19.0364585,72.8954371,PM10,32,65,48
India,Maharashtra,Mumbai,"Chembur, Mumbai - MPCB","03-06-2026 23:00:00",19.0364585,72.8954371,NH3,8,22,13
India,Maharashtra,Mumbai,"Chembur, Mumbai - MPCB","03-06-2026 23:00:00",19.0364585,72.8954371,CO,36,54,39
India,"Madhya Pradesh",Gwalior,"Deen Dayal Nagar, Gwalior - MPPCB","03-06-2026 23:00:00",26.259242,78.216432,PM10,60,162,103
India,"Madhya Pradesh",Indore,"Chhoti Gwaltoli, Indore - MPPCB","03-06-2026 23:00:00",22.4310,75.5213,PM2.5,39,54,49
India,"Madhya Pradesh",Indore,"Regional Park, Indore - IMC","03-06-2026 23:00:00",22.6780,75.8559,CO,46,106,100
India,"Madhya Pradesh",Indore,"Regional Park, Indore - IMC","03-06-2026 23:00:00",22.6780,75.8559,OZONE,6,10,8
India,"Madhya Pradesh",Indore,"Residency Area, Indore - IMC","03-06-2026 23:00:00",22.7084,75.8815,NO2,1,1,1
India,"Madhya Pradesh",Jabalpur,"Govindh Bhavan Colony, Jabalpur - JMC","03-06-2026 23:00:00",23.163174,79.973061,PM2.5,22,63,39
India,"Madhya Pradesh",Jabalpur,"Govindh Bhavan Colony, Jabalpur - JMC","03-06-2026 23:00:00",23.163174,79.973061,PM10,28,63,42
India,"Madhya Pradesh",Jabalpur,"Govindh Bhavan Colony, Jabalpur - JMC","03-06-2026 23:00:00",23.163174,79.973061,NO2,10,13,11
India,"Madhya Pradesh",Jabalpur,"Govindh Bhavan Colony, Jabalpur - JMC","03-06-2026 23:00:00",23.163174,79.973061,OZONE,6,94,34
India,"Madhya Pradesh",Jabalpur,"Gupteshwar, Jabalpur - JMC","03-06-2026 23:00:00",23.142888,79.916147,NH3,NA,NA,NA
India,"Madhya Pradesh",Jabalpur,"Gupteshwar, Jabalpur - JMC","03-06-2026 23:00:00",23.142888,79.916147,SO2,NA,NA,NA
India,"Madhya Pradesh",Jabalpur,"Marhatal, Jabalpur - MPPCB","03-06-2026 23:00:00",23.168606,79.932247,PM10,56,114,85
India,"Madhya Pradesh",Ujjain,"Mahashweta Nagar, Ujjain - MPPCB","03-06-2026 23:00:00",23.1633321,75.800225,NH3,6,10,8
India,"Madhya Pradesh",Ujjain,"Mahashweta Nagar, Ujjain - MPPCB","03-06-2026 23:00:00",23.1633321,75.800225,CO,12,56,30
India,Maharashtra,Ahmednagar,"Tarakpur, Ahmednagar - MPCB","03-06-2026 23:00:00",19.10122,74.73339,OZONE,13,44,32
India,Maharashtra,Akola,"Ramdaspeth, Akola - MPCB","03-06-2026 23:00:00",20.719516,77.000253,PM2.5,38,86,48
India,Maharashtra,Akola,"Ramdaspeth, Akola - MPCB","03-06-2026 23:00:00",20.719516,77.000253,NO2,8,56,15
India,Maharashtra,Akola,"Ramdaspeth, Akola - MPCB","03-06-2026 23:00:00",20.719516,77.000253,OZONE,15,81,64
India,Maharashtra,Ambernath,"Chinchpada, Ambernath - MPCB","03-06-2026 23:00:00",19.2157840,73.1997810,PM10,17,46,30
India,Maharashtra,Ambernath,"Chinchpada, Ambernath - MPCB","03-06-2026 23:00:00",19.2157840,73.1997810,NO2,16,41,25
India,Maharashtra,Amravati,"Shivneri Colony, Amravati - MPCB","03-06-2026 23:00:00",20.9402359,77.7895248,PM2.5,23,63,43
India,Maharashtra,Amravati,"Shivneri Colony, Amravati - MPCB","03-06-2026 23:00:00",20.9402359,77.7895248,PM10,43,78,62
India,Maharashtra,Amravati,"Shri Shivaji Science College, Amravati - MPCB","03-06-2026 23:00:00",20.939198,77.765701,PM2.5,30,68,43
India,"Madhya Pradesh",Jabalpur,"Suhagi, Jabalpur - JMC","03-06-2026 23:00:00",23.218135,79.957770,NH3,3,3,3
India,"Madhya Pradesh",Katni,"Gole Bazar, Katni - MPPCB","03-06-2026 23:00:00",23.50016,80.23284,PM10,49,136,87
India,"Madhya Pradesh",Katni,"Gole Bazar, Katni - MPPCB","03-06-2026 23:00:00",23.50016,80.23284,CO,14,52,39
India,"Madhya Pradesh",Pithampur,"Sector-2 Industrial Area, Pithampur - MPPCB","03-06-2026 23:00:00",22.624758,75.675238,PM2.5,7,108,68
India,"Madhya Pradesh",Pithampur,"Sector-2 Industrial Area, Pithampur - MPPCB","03-06-2026 23:00:00",22.624758,75.675238,NO2,NA,NA,NA
India,"Madhya Pradesh",Pithampur,"Sector-2 Industrial Area, Pithampur - MPPCB","03-06-2026 23:00:00",22.624758,75.675238,NH3,NA,NA,NA
India,"Madhya Pradesh",Ratlam,"Shasthri Nagar, Ratlam - IPCA Lab","03-06-2026 23:00:00",23.331731,75.045981,NO2,3,20,12
India,"Madhya Pradesh",Satna,"Bandhavgar Colony, Satna - Birla Cement","03-06-2026 23:00:00",24.58434363,80.8549414,PM2.5,48,51,50
India,"Madhya Pradesh",Satna,"Bandhavgar Colony, Satna - Birla Cement","03-06-2026 23:00:00",24.58434363,80.8549414,PM10,69,71,70
India,"Madhya Pradesh",Ujjain,"Mahashweta Nagar, Ujjain - MPPCB","03-06-2026 23:00:00",23.1633321,75.800225,PM2.5,12,93,54
India,Maharashtra,Mumbai,"Deonar, Mumbai - IITM","03-06-2026 23:00:00",19.04946,72.9230,PM10,NA,NA,NA
India,Maharashtra,Mumbai,"Deonar, Mumbai - IITM","03-06-2026 23:00:00",19.04946,72.9230,NO2,NA,NA,NA
India,Maharashtra,Mumbai,"Ghatkopar, Mumbai - BMC","03-06-2026 23:00:00",19.083694,72.920967,NO2,6,31,17
India,Maharashtra,Mumbai,"Kandivali West, Mumbai - BMC","03-06-2026 23:00:00",19.215859,72.831718,NO2,8,38,16
India,Maharashtra,Mumbai,"Kherwadi_Bandra East, Mumbai - MPCB","03-06-2026 23:00:00",19.0632143,72.8456324,SO2,3,3,3
India,Maharashtra,Mumbai,"Kurla, Mumbai - MPCB","03-06-2026 23:00:00",19.0863,72.8888,SO2,29,29,29
India,Maharashtra,Mumbai,"Malad West, Mumbai - IITM","03-06-2026 23:00:00",19.19709,72.82204,PM2.5,1,48,7
India,Maharashtra,Mumbai,"Malad West, Mumbai - IITM","03-06-2026 23:00:00",19.19709,72.82204,CO,32,80,46
India,Maharashtra,Mumbai,"Mazgaon, Mumbai - IITM","03-06-2026 23:00:00",18.96702,72.84214,PM10,49,87,64
India,Maharashtra,Mumbai,"Mazgaon, Mumbai - IITM","03-06-2026 23:00:00",18.96702,72.84214,NH3,2,3,2
India,Maharashtra,Mumbai,"Mindspace-Malad West, Mumbai - MPCB","03-06-2026 23:00:00",19.1878657,72.8304069,NO2,NA,NA,NA
India,Kerala,Thiruvananthapuram,"Kariavattom, Thiruvananthapuram - Kerala PCB","03-06-2026 23:00:00",8.563700,76.886500,SO2,9,11,10
India,Kerala,Thiruvananthapuram,"Plammoodu, Thiruvananthapuram - Kerala PCB","03-06-2026 23:00:00",8.5149093,76.9435879,PM10,5,35,15
India,Kerala,Thrissur,"Corporation Ground, Thrissur - Kerala PCB","03-06-2026 23:00:00",10.532400,76.215900,CO,14,20,16
India,"Madhya Pradesh",Bhopal,"T T Nagar, Bhopal - MPPCB","03-06-2026 23:00:00",23.233584,77.400574,NO2,15,31,20
India,"Madhya Pradesh",Bhopal,"T T Nagar, Bhopal - MPPCB","03-06-2026 23:00:00",23.233584,77.400574,CO,8,36,23
India,"Madhya Pradesh",Dewas,"Bhopal Chauraha, Dewas - MPPCB","03-06-2026 23:00:00",22.9682591,76.064118,PM2.5,32,61,44
India,"Madhya Pradesh",Dewas,"Bhopal Chauraha, Dewas - MPPCB","03-06-2026 23:00:00",22.9682591,76.064118,CO,20,42,30
India,"Madhya Pradesh",Dewas,"Bhopal Chauraha, Dewas - MPPCB","03-06-2026 23:00:00",22.9682591,76.064118,OZONE,10,117,11
India,Odisha,Rourkela,"Fertilizer Township, Rourkela - OSPCB","03-06-2026 23:00:00",22.18972222,84.86277778,SO2,NA,NA,NA
India,Odisha,Rourkela,"Fertilizer Township, Rourkela - OSPCB","03-06-2026 23:00:00",22.18972222,84.86277778,CO,14,36,20
India,Odisha,Rourkela,"Raghunathpali, Rourkela - OSPCB","03-06-2026 23:00:00",22.220833,84.809444,NO2,15,15,15
India,Odisha,Rourkela,"Raghunathpali, Rourkela - OSPCB","03-06-2026 23:00:00",22.220833,84.809444,CO,30,72,46
India,Odisha,Suakati,"OMC Colony, Suakati - OSPCB","03-06-2026 23:00:00",21.606865,85.510538,NO2,10,10,10
India,Odisha,Suakati,"OMC Colony, Suakati - OSPCB","03-06-2026 23:00:00",21.606865,85.510538,NH3,4,4,4
India,Odisha,Suakati,"OMC Colony, Suakati - OSPCB","03-06-2026 23:00:00",21.606865,85.510538,SO2,3,16,5
India,Odisha,Talcher,"Talcher Coalfields,Talcher - OSPCB","03-06-2026 23:00:00",20.9360711,85.1707021,PM10,9,151,69
India,Odisha,Tensa,"Barsua Iron Ore Mines, Tensa - OSPCB","03-06-2026 23:00:00",21.869985,85.167016,PM2.5,18,68,31
India,Puducherry,Puducherry,"Jawahar Nagar, Puducherry - PPCC","03-06-2026 23:00:00",11.9309,79.8027,PM2.5,3,35,15
India,Puducherry,Puducherry,"Jawahar Nagar, Puducherry - PPCC","03-06-2026 23:00:00",11.9309,79.8027,NH3,1,7,3
India,Punjab,Amritsar,"Golden Temple, Amritsar - PPCB","03-06-2026 23:00:00",31.620000,74.876512,PM2.5,95,171,113
India,Punjab,Amritsar,"Golden Temple, Amritsar - PPCB","03-06-2026 23:00:00",31.620000,74.876512,PM10,108,139,116
India,Punjab,Amritsar,"Golden Temple, Amritsar - PPCB","03-06-2026 23:00:00",31.620000,74.876512,OZONE,44,59,49
India,Punjab,Bathinda,"Hardev Nagar, Bathinda - PPCB","03-06-2026 23:00:00",30.233011,74.907758,PM2.5,48,198,83
India,Punjab,Bathinda,"Hardev Nagar, Bathinda - PPCB","03-06-2026 23:00:00",30.233011,74.907758,PM10,44,146,69
India,Punjab,Jalandhar,"Civil Line, Jalandhar - PPCB","03-06-2026 23:00:00",31.321907,75.578914,SO2,13,15,14
India,Punjab,Khanna,"Kalal Majra, Khanna - PPCB","03-06-2026 23:00:00","30.736056 ",76.209694,PM2.5,NA,NA,NA
India,Punjab,Khanna,"Kalal Majra, Khanna - PPCB","03-06-2026 23:00:00","30.736056 ",76.209694,NH3,NA,NA,NA
India,Punjab,Ludhiana,"Punjab Agricultural University, Ludhiana - PPCB","03-06-2026 23:00:00",30.9028,75.8086,PM10,81,120,93
India,Punjab,Ludhiana,"Punjab Agricultural University, Ludhiana - PPCB","03-06-2026 23:00:00",30.9028,75.8086,NH3,12,14,12
India,Punjab,Patiala,"Model Town, Patiala - PPCB","03-06-2026 23:00:00",30.349388,76.366642,PM2.5,27,46,37
India,Punjab,Rupnagar,"Ratanpura, Rupnagar - Ambuja Cements","03-06-2026 23:00:00",31.0325454,76.5623046,CO,34,46,40
India,Rajasthan,Ajmer,"Civil Lines,  Ajmer - RSPCB","03-06-2026 23:00:00",26.470859,74.646594,NO2,19,33,24
India,Rajasthan,Alwar,"Moti Doongri, Alwar - RSPCB","03-06-2026 23:00:00",27.554793,76.611536,NO2,34,109,74
India,Rajasthan,Alwar,"Moti Doongri, Alwar - RSPCB","03-06-2026 23:00:00",27.554793,76.611536,CO,10,101,51
India,Rajasthan,Banswara,"Rati Talai, Banswara - RSPCB","03-06-2026 23:00:00",23.555190,74.440010,CO,12,40,36
India,Rajasthan,Baran,"Bamboliya, Baran - RSPCB","03-06-2026 23:00:00",25.106006,76.469948,SO2,11,27,18
India,Rajasthan,Barmer,"Railway Colony, Barmer - RSPCB","03-06-2026 23:00:00",25.747299,71.393989,PM10,108,486,289
India,Rajasthan,Bharatpur,"Krishna Nagar, Bharatpur - RSPCB","03-06-2026 23:00:00",27.215415,77.50873,OZONE,30,246,162
India,Rajasthan,Bhilwara,"Pratap Nagar, Bhilwara - RSPCB","03-06-2026 23:00:00",25.339605,74.618883,PM10,73,169,115
India,Rajasthan,Bhilwara,"Pratap Nagar, Bhilwara - RSPCB","03-06-2026 23:00:00",25.339605,74.618883,NO2,5,33,15
India,Rajasthan,Bhilwara,"Pratap Nagar, Bhilwara - RSPCB","03-06-2026 23:00:00",25.339605,74.618883,NH3,2,11,6
India,Rajasthan,Bhiwadi,"RIICO Ind. Area III, Bhiwadi - RSPCB","03-06-2026 23:00:00",28.194909,76.862296,PM2.5,88,311,203
India,Rajasthan,Bhiwadi,"RIICO Ind. Area III, Bhiwadi - RSPCB","03-06-2026 23:00:00",28.194909,76.862296,PM10,68,177,117
India,Rajasthan,Bhiwadi,"RIICO Ind. Area III, Bhiwadi - RSPCB","03-06-2026 23:00:00",28.194909,76.862296,NO2,15,66,40
India,Rajasthan,Bhiwadi,"RIICO Ind. Area III, Bhiwadi - RSPCB","03-06-2026 23:00:00",28.194909,76.862296,CO,26,63,36
India,Odisha,Bhubaneswar,"Lingraj Mandir, Bhubaneswar - OSPCB","03-06-2026 23:00:00",20.240790,85.836784,PM10,40,135,85
India,Odisha,Bhubaneswar,"Patia, Bhubaneswar - OSPCB","03-06-2026 23:00:00",20.34652,85.81630,CO,119,168,133
India,Odisha,Bileipada,"Tata Township, Bileipada - OSPCB","03-06-2026 23:00:00",22.06156703,85.47409613,PM2.5,30,319,130
India,Odisha,Bileipada,"Tata Township, Bileipada - OSPCB","03-06-2026 23:00:00",22.06156703,85.47409613,NH3,5,5,5
India,Odisha,Bileipada,"Tata Township, Bileipada - OSPCB","03-06-2026 23:00:00",22.06156703,85.47409613,OZONE,14,16,15
India,Odisha,Brajrajnagar,"GM Office, Brajrajnagar - OSPCB","03-06-2026 23:00:00",21.8004996,83.8396977,SO2,24,25,24
India,Odisha,Brajrajnagar,"GM Office, Brajrajnagar - OSPCB","03-06-2026 23:00:00",21.8004996,83.8396977,CO,6,36,16
India,Odisha,Brajrajnagar,"GM Office, Brajrajnagar - OSPCB","03-06-2026 23:00:00",21.8004996,83.8396977,OZONE,43,68,45
India,Odisha,Byasanagar,"Ferro Chrome Colony, Byasanagar - OSPCB","03-06-2026 23:00:00",20.94185,86.11510,PM2.5,26,91,48
India,Odisha,Byasanagar,"Ferro Chrome Colony, Byasanagar - OSPCB","03-06-2026 23:00:00",20.94185,86.11510,SO2,6,17,12
India,Odisha,Cuttack,"CDA Area, Cuttack - OSPCB","03-06-2026 23:00:00","20.48891     ","85.84768     ",PM2.5,17,45,29
India,Odisha,Cuttack,"CDA Area, Cuttack - OSPCB","03-06-2026 23:00:00","20.48891     ","85.84768     ",SO2,2,8,5
India,Odisha,Rairangpur,"Divisional Forest Office, Rairangpur - OSPCB","03-06-2026 23:00:00",22.265816,86.174829,SO2,10,13,11
India,Maharashtra,Nagpur,"Ram Nagar, Nagpur - MPCB","03-06-2026 23:00:00",21.143383,79.048912,CO,8,24,14
India,Maharashtra,Nanded,"Sneh Nagar, Nanded - MPCB","03-06-2026 23:00:00",19.173852,77.296291,SO2,4,18,9
India,Maharashtra,Nashik,"Gangapur Road, Nashik - MPCB","03-06-2026 23:00:00",20.0073285,73.7762427,PM2.5,16,59,37
India,Maharashtra,Nashik,"Hirawadi, Nashik - MPCB","03-06-2026 23:00:00",20.021503,73.813844,SO2,1,106,9
India,Maharashtra,Nashik,"Hirawadi, Nashik - MPCB","03-06-2026 23:00:00",20.021503,73.813844,OZONE,8,85,57
India,Maharashtra,Nashik,"MIDC Ambad, Nashik - MPCB","03-06-2026 23:00:00",19.950220,73.731480,SO2,NA,NA,NA
India,Maharashtra,Nashik,"Pandav Nagari, Nashik - MPCB","03-06-2026 23:00:00",19.9591346,73.7788008,NO2,8,22,13
India,Maharashtra,Nashik,"Pandav Nagari, Nashik - MPCB","03-06-2026 23:00:00",19.9591346,73.7788008,CO,10,19,16
India,Maharashtra,"Navi Mumbai","Kopripada-Vashi, Navi Mumbai - MPCB","03-06-2026 23:00:00",19.090337,73.014232,NO2,9,25,15
India,Maharashtra,"Navi Mumbai","Sanpada, Navi Mumbai - MPCB","03-06-2026 23:00:00",19.0575752,73.0151367,PM2.5,7,36,22
India,Maharashtra,"Navi Mumbai","Sanpada, Navi Mumbai - MPCB","03-06-2026 23:00:00",19.0575752,73.0151367,NO2,4,23,10
India,Maharashtra,"Navi Mumbai","Sanpada, Navi Mumbai - MPCB","03-06-2026 23:00:00",19.0575752,73.0151367,CO,4,62,7
India,Maharashtra,Pimpri-Chinchwad,"Bhosari,Pimpri-Chinchwad - IITM","03-06-2026 23:00:00",18.640051,73.848956,NO2,12,31,19
India,Maharashtra,Pimpri-Chinchwad,"Bhumkar Nagar, Pimpri-Chinchwad - IITM","03-06-2026 23:00:00",18.605770,73.749976,NO2,15,28,22
India,Maharashtra,Pimpri-Chinchwad,"Gavalinagar, Pimpri Chinchwad - MPCB","03-06-2026 23:00:00",18.63673,73.82487,PM2.5,27,51,38
India,Maharashtra,Pimpri-Chinchwad,"Thergaon, Pimpri Chinchwad - MPCB","03-06-2026 23:00:00",18.616318,73.765797,NH3,11,13,12
India,Maharashtra,Pimpri-Chinchwad,"Transport Nagar-Nigdi, Pimpri-Chinchwad- IITM","03-06-2026 23:00:00",18.664282,73.763966,PM2.5,10,37,20
India,Maharashtra,Pimpri-Chinchwad,"Transport Nagar-Nigdi, Pimpri-Chinchwad- IITM","03-06-2026 23:00:00",18.664282,73.763966,OZONE,15,28,26
India,Maharashtra,Pune,"Dhankawadi, Pune - IITM","03-06-2026 23:00:00",18.459883,73.852193,PM2.5,11,41,23
India,Maharashtra,Pune,"Dhankawadi, Pune - IITM","03-06-2026 23:00:00",18.459883,73.852193,CO,2,121,107
India,Maharashtra,Pune,"Panchawati_Pashan, Pune - IITM","03-06-2026 23:00:00",18.536457,73.805454,PM10,38,133,59
India,Maharashtra,Pune,"Revenue Colony-Shivajinagar, Pune - IITM","03-06-2026 23:00:00",18.530085,73.849598,OZONE,9,23,18
India,Maharashtra,Mumbai,"Navy Nagar-Colaba, Mumbai - IITM","03-06-2026 23:00:00",18.897756,72.813320,SO2,2,16,8
India,Maharashtra,Mumbai,"Sewri, Mumbai - BMC","03-06-2026 23:00:00",19.000084,72.856730,PM2.5,30,54,37
India,Maharashtra,Mumbai,"Shivaji Nagar, Mumbai - BMC","03-06-2026 23:00:00",19.060498,72.923356,PM10,69,119,91
India,Maharashtra,Mumbai,"Shivaji Nagar, Mumbai - BMC","03-06-2026 23:00:00",19.060498,72.923356,NH3,4,8,6
India,Maharashtra,Mumbai,"Shivaji Nagar, Mumbai - BMC","03-06-2026 23:00:00",19.060498,72.923356,CO,8,38,20
India,Maharashtra,Mumbai,"Sion, Mumbai - MPCB","03-06-2026 23:00:00",19.047000,72.874600,NO2,29,62,35
India,Maharashtra,Mumbai,"Sion, Mumbai - MPCB","03-06-2026 23:00:00",19.047000,72.874600,CO,14,20,15
India,Maharashtra,Mumbai,"Sion, Mumbai - MPCB","03-06-2026 23:00:00",19.047000,72.874600,OZONE,29,32,30
India,Maharashtra,Nagpur,"Ambazari, Nagpur - MPCB","03-06-2026 23:00:00",21.121801,79.04952,PM2.5,30,102,59
India,Maharashtra,Nagpur,"Ambazari, Nagpur - MPCB","03-06-2026 23:00:00",21.121801,79.04952,OZONE,2,76,47
India,Maharashtra,Nagpur,"Mahal, Nagpur - MPCB","03-06-2026 23:00:00",21.14472,79.107595,CO,35,104,66
India,Maharashtra,Nagpur,"Opp GPO Civil Lines, Nagpur - MPCB","03-06-2026 23:00:00",21.152875,79.0517531,PM10,38,110,76
India,Meghalaya,Byrnihat,"15th Mile-Nongthymmai, Byrnihat - Meghalaya PCB","03-06-2026 23:00:00",26.05374,91.86796,NO2,NA,NA,NA
India,Meghalaya,Shillong,"JN Stadium, Shillong - Meghalaya PCB","03-06-2026 23:00:00",25.5803419,91.8942571,SO2,25,32,29
India,Mizoram,Aizawl,"Sikulpuikawn, Aizawl - Mizoram PCB","03-06-2026 23:00:00",23.7176342,92.7192841,PM2.5,4,18,8
India,Nagaland,Kohima,"PWD Junction, Kohima - NPCB","03-06-2026 23:00:00",25.6635413,94.0989878,SO2,32,46,36
India,Odisha,Angul,"Hakimapada, Angul - OSPCB","03-06-2026 23:00:00",20.832874,85.104082,CO,14,102,45
India,Odisha,Balasore,"Kalidaspur, Balasore - OSPCB","03-06-2026 23:00:00",21.51161,86.89088,CO,28,58,46
India,Odisha,Balasore,"Kalidaspur, Balasore - OSPCB","03-06-2026 23:00:00",21.51161,86.89088,OZONE,16,99,44
India,Odisha,Baripada,"Meher Colony, Baripada - OSPCB","03-06-2026 23:00:00",21.941841,86.728318,PM10,42,97,74
India,Maharashtra,Pune,"Savitribai Phule Pune University, Pune - MPCB","03-06-2026 23:00:00",18.547056,73.826908,PM10,26,53,37
India,Maharashtra,Satara,"Koyana Nagar, Satara - MPCB","03-06-2026 23:00:00",17.696651,74.003387,PM10,34,87,57
India,Maharashtra,Solapur,"Dnyaneshwar Nagar, Solapur - MPCB","03-06-2026 23:00:00",17.6336264,75.9132495,PM2.5,NA,NA,NA
India,Maharashtra,Solapur,"Dnyaneshwar Nagar, Solapur - MPCB","03-06-2026 23:00:00",17.6336264,75.9132495,SO2,1,6,4
India,Maharashtra,Solapur,"Ratandeep Housing Society, Solapur - MPCB","03-06-2026 23:00:00",17.65439,75.90649,NH3,2,5,4
India,Maharashtra,Thane,"Upvan Fort, Thane - MPCB","03-06-2026 23:00:00",19.222279,72.957979,NH3,1,9,3
India,Maharashtra,Thane,"Upvan Fort, Thane - MPCB","03-06-2026 23:00:00",19.222279,72.957979,CO,50,74,62
India,Maharashtra,Ulhasnagar,"Vithalwadi, Ulhasnagar - MPCB","03-06-2026 23:00:00","19.2307571 ",73.1551920,PM2.5,10,25,16
India,Rajasthan,Bhiwadi,"Vasundhara Nagar_UIT, Bhiwadi - RSPCB","03-06-2026 23:00:00",28.207266,76.829265,OZONE,13,64,37
India,Rajasthan,Bikaner,"MM Ground, Bikaner - RSPCB","03-06-2026 23:00:00",28.018792,73.292658,PM10,139,500,237
India,Rajasthan,Bikaner,"MM Ground, Bikaner - RSPCB","03-06-2026 23:00:00",28.018792,73.292658,NH3,4,6,5
India,Rajasthan,Bundi,"New Colony, Bundi - RSPCB","03-06-2026 23:00:00",25.435774,75.644272,CO,8,36,13
India,Rajasthan,Chittorgarh,"Shastri Nagar, Chittorgarh - RSPCB","03-06-2026 23:00:00",24.892047,74.623527,SO2,NA,NA,NA
India,Rajasthan,Churu,"Subash Chowk, Churu - RSPCB","03-06-2026 23:00:00",28.296139,74.961696,PM2.5,28,135,57
India,TamilNadu,Chennai,"Velachery Res. Area, Chennai - CPCB","03-06-2026 23:00:00",13.0052189,80.2398125,PM10,35,82,55
India,TamilNadu,Chennai,"Velachery Res. Area, Chennai - CPCB","03-06-2026 23:00:00",13.0052189,80.2398125,NO2,11,13,12
India,TamilNadu,Chennai,"Velachery Res. Area, Chennai - CPCB","03-06-2026 23:00:00",13.0052189,80.2398125,OZONE,8,15,11
India,TamilNadu,Coimbatore,"SIDCO Kurichi, Coimbatore - TNPCB","03-06-2026 23:00:00",10.942451,76.978996,PM10,8,26,18
India,TamilNadu,Coimbatore,"SIDCO Kurichi, Coimbatore - TNPCB","03-06-2026 23:00:00",10.942451,76.978996,CO,15,20,17
India,TamilNadu,Coimbatore,"SIDCO Kurichi, Coimbatore - TNPCB","03-06-2026 23:00:00",10.942451,76.978996,OZONE,19,20,20
India,TamilNadu,Gummidipoondi,"Anthoni Pillai Nagar, Gummidipoondi - TNPCB","03-06-2026 23:00:00",13.4127,80.1081,NO2,16,29,22
India,TamilNadu,Gummidipoondi,"Anthoni Pillai Nagar, Gummidipoondi - TNPCB","03-06-2026 23:00:00",13.4127,80.1081,NH3,1,1,1
India,TamilNadu,Madurai,"Uchapatti, Madurai - TNPCB","03-06-2026 23:00:00",9.865935,78.022669,CO,27,27,27
India,TamilNadu,Perundurai,"SIPCOT Industrial Park, Perundurai - TNPCB","03-06-2026 23:00:00",11.258242,77.552761,NO2,10,11,10
India,TamilNadu,Perundurai,"SIPCOT Industrial Park, Perundurai - TNPCB","03-06-2026 23:00:00",11.258242,77.552761,NH3,1,1,1
India,TamilNadu,Perundurai,"SIPCOT Industrial Park, Perundurai - TNPCB","03-06-2026 23:00:00",11.258242,77.552761,SO2,14,15,15
India,TamilNadu,Perundurai,"SIPCOT Industrial Park, Perundurai - TNPCB","03-06-2026 23:00:00",11.258242,77.552761,CO,24,50,24
India,TamilNadu,Perundurai,"SIPCOT Industrial Park, Perundurai - TNPCB","03-06-2026 23:00:00",11.258242,77.552761,OZONE,15,29,19
India,TamilNadu,Thoothukudi,"Meelavittan, Thoothukudi - TNPCB","03-06-2026 23:00:00","8.816428 ",78.099039,CO,24,28,25
India,TamilNadu,Thoothukudi,"Meelavittan, Thoothukudi - TNPCB","03-06-2026 23:00:00","8.816428 ",78.099039,OZONE,25,38,31
India,Telangana,Hyderabad,"Central University, Hyderabad - TSPCB","03-06-2026 23:00:00",17.460103,78.334361,PM10,NA,NA,NA
India,Telangana,Hyderabad,"ECIL Kapra, Hyderabad - TSPCB","03-06-2026 23:00:00",17.470431,78.566959,PM2.5,49,56,52
India,Rajasthan,Jodhpur,"Mandor, Jodhpur - RSPCB","03-06-2026 23:00:00",26.358805,73.047444,SO2,1,4,2
India,Rajasthan,Jodhpur,"Mandor, Jodhpur - RSPCB","03-06-2026 23:00:00",26.358805,73.047444,CO,8,29,17
India,Rajasthan,Jodhpur,"Samrat Ashok Udhyan, Jodhpur - RSPCB","03-06-2026 23:00:00",26.253384,72.976571,PM10,NA,NA,NA
India,Rajasthan,Jodhpur,"Samrat Ashok Udhyan, Jodhpur - RSPCB","03-06-2026 23:00:00",26.253384,72.976571,CO,14,21,17
India,Rajasthan,Kota,"Dhanmandi, Kota - RSPCB","03-06-2026 23:00:00",25.164090,75.858137,CO,1,92,22
India,Rajasthan,Kota,"Nayapura, Kota - RSPCB","03-06-2026 23:00:00",25.196024,75.855668,NH3,2,19,5
India,Rajasthan,Kota,"Nayapura, Kota - RSPCB","03-06-2026 23:00:00",25.196024,75.855668,CO,2,65,14
India,Rajasthan,Kota,"Shrinath Puram, Kota - RSPCB","03-06-2026 23:00:00",25.14389,75.821256,PM10,45,130,76
India,Rajasthan,Kota,"Shrinath Puram, Kota - RSPCB","03-06-2026 23:00:00",25.14389,75.821256,NO2,12,17,14
India,Rajasthan,Pali,"Indira Colony Vistar, Pali - RSPCB","03-06-2026 23:00:00",25.771061," 73.340227",PM10,134,284,187
India,Rajasthan,Pali,"Indira Colony Vistar, Pali - RSPCB","03-06-2026 23:00:00",25.771061," 73.340227",OZONE,8,71,24
India,Rajasthan,Pratapgarh,"Pragati Nagar, Pratapgarh - RSPCB","03-06-2026 23:00:00",24.041198,74.780702,SO2,2,7,3
India,Rajasthan,Rajsamand,"Dhoinda, Rajsamand - RSPCB","03-06-2026 23:00:00",25.036360,73.883502,PM2.5,23,65,45
India,Rajasthan,Rajsamand,"Dhoinda, Rajsamand - RSPCB","03-06-2026 23:00:00",25.036360,73.883502,PM10,48,122,82
India,Rajasthan,Rajsamand,"Dhoinda, Rajsamand - RSPCB","03-06-2026 23:00:00",25.036360,73.883502,NO2,11,43,21
India,Rajasthan,Rajsamand,"Dhoinda, Rajsamand - RSPCB","03-06-2026 23:00:00",25.036360,73.883502,SO2,4,6,5
India,Rajasthan,"Sawai Madhopur","Sahu Nagar, Sawai Madhopur - RSPCB","03-06-2026 23:00:00",26.031443,76.359327,SO2,6,10,8
India,Rajasthan,Dausa,"Khatikan Mohalla, Dausa - RSPCB","03-06-2026 23:00:00",26.895552,76.334753,SO2,2,4,3
India,Rajasthan,Dholpur,"Raja Ganj, Dholpur - RSPCB","03-06-2026 23:00:00",26.699557,77.898881,PM2.5,20,52,37
India,Rajasthan,Dholpur,"Raja Ganj, Dholpur - RSPCB","03-06-2026 23:00:00",26.699557,77.898881,NH3,8,14,12
India,Rajasthan,Dungarpur,"Bhoiwada, Dungarpur - RSPCB","03-06-2026 23:00:00",23.837789,73.714926,PM2.5,3,83,55
India,Rajasthan,Dungarpur,"Bhoiwada, Dungarpur - RSPCB","03-06-2026 23:00:00",23.837789,73.714926,NH3,5,17,11
India,Rajasthan,Hanumangarh,"Housing Board, Hanumangarh - RSPCB","03-06-2026 23:00:00",29.610750,74.283608,NH3,6,11,8
India,Rajasthan,Hanumangarh,"Housing Board, Hanumangarh - RSPCB","03-06-2026 23:00:00",29.610750,74.283608,OZONE,38,129,91
India,Rajasthan,Jaipur,"Adarsh Nagar, Jaipur - RSPCB","03-06-2026 23:00:00",26.902909,75.836858,PM2.5,NA,NA,NA
India,Rajasthan,Jaipur,"Adarsh Nagar, Jaipur - RSPCB","03-06-2026 23:00:00",26.902909,75.836858,NH3,NA,NA,NA
India,Rajasthan,Jaipur,"Mansarovar Sector-12, Jaipur - RSPCB","03-06-2026 23:00:00",26.843698,75.766894,PM2.5,25,92,51
India,Rajasthan,Jaipur,"Mansarovar Sector-12, Jaipur - RSPCB","03-06-2026 23:00:00",26.843698,75.766894,SO2,2,5,3
India,Rajasthan,Jaipur,"RIICO Sitapura, Jaipur - RSPCB","03-06-2026 23:00:00",26.786682,75.827928,PM2.5,43,100,73
India,Rajasthan,Jaipur,"Sector-2 Murlipura, Jaipur - RSPCB","03-06-2026 23:00:00",26.960669,75.771817,SO2,2,3,2
India,Rajasthan,Jaipur,"Shastri Nagar, Jaipur - RSPCB","03-06-2026 23:00:00",26.9502929,75.730943,PM2.5,48,214,103
India,Rajasthan,Jaipur,"Shastri Nagar, Jaipur - RSPCB","03-06-2026 23:00:00",26.9502929,75.730943,PM10,82,186,127
India,Rajasthan,Jaipur,"Shastri Nagar, Jaipur - RSPCB","03-06-2026 23:00:00",26.9502929,75.730943,NO2,39,109,69
India,Rajasthan,Sikar,"Radhakishan Pura, Sikar - RSPCB","03-06-2026 23:00:00",27.608912,75.153302,CO,8,62,30
India,Rajasthan,Sirohi,"Vedhaynath Colony, Sirohi - RSPCB","03-06-2026 23:00:00",24.885261,72.857549,PM10,45,189,97
India,Rajasthan,Sirohi,"Vedhaynath Colony, Sirohi - RSPCB","03-06-2026 23:00:00",24.885261,72.857549,NO2,5,26,10
India,Rajasthan,"Sri Ganganagar","Old City, Sri Ganganagar - RSPCB","03-06-2026 23:00:00",29.931624,73.864511,NH3,3,9,6
India,Rajasthan,"Sri Ganganagar","Old City, Sri Ganganagar - RSPCB","03-06-2026 23:00:00",29.931624,73.864511,OZONE,36,102,78
India,Rajasthan,Tonk,"Shastri Nagar, Tonk - RSPCB","03-06-2026 23:00:00",26.159933,75.780517,CO,10,32,18
India,Rajasthan,Udaipur,"Ashok Nagar, Udaipur - RSPCB","03-06-2026 23:00:00",24.5886166,73.6321397,OZONE,6,87,37
India,TamilNadu,Chennai,"Kodungaiyur, Chennai - TNPCB","03-06-2026 23:00:00",13.1278,80.2642,NO2,11,15,13
India,TamilNadu,Chennai,"Manali Village, Chennai - TNPCB","03-06-2026 23:00:00",13.1662,80.2584,PM2.5,NA,NA,NA
India,TamilNadu,Chennai,"Manali Village, Chennai - TNPCB","03-06-2026 23:00:00",13.1662,80.2584,PM10,NA,NA,NA
India,TamilNadu,Chennai,"Manali Village, Chennai - TNPCB","03-06-2026 23:00:00",13.1662,80.2584,NO2,NA,NA,NA
India,TamilNadu,Chennai,"Manali, Chennai - CPCB","03-06-2026 23:00:00",13.164544,80.26285,SO2,4,26,14
India,TamilNadu,Chennai,"Manali, Chennai - CPCB","03-06-2026 23:00:00",13.164544,80.26285,OZONE,22,30,23
India,TamilNadu,Chennai,"Perungudi, Chennai - TNPCB","03-06-2026 23:00:00",12.9533,80.2357,PM2.5,9,59,29
India,TamilNadu,Chennai,"Perungudi, Chennai - TNPCB","03-06-2026 23:00:00",12.9533,80.2357,PM10,11,329,67
India,TamilNadu,Chennai,"Perungudi, Chennai - TNPCB","03-06-2026 23:00:00",12.9533,80.2357,SO2,2,8,5
India,Uttar_Pradesh,Agra,"Shastripuram, Agra - UPPCB","03-06-2026 23:00:00",27.19862,77.92066,SO2,5,6,6
India,Uttar_Pradesh,Agra,"Shastripuram, Agra - UPPCB","03-06-2026 23:00:00",27.19862,77.92066,CO,6,22,10
India,Uttar_Pradesh,Baghpat,"Sardar Patel Inter College, Baghpat - UPPCB","03-06-2026 23:00:00",28.964949,77.278761,PM2.5,NA,NA,NA
India,Uttar_Pradesh,Bareilly,"Civil Lines, Bareilly - UPPCB","03-06-2026 23:00:00",28.359581,79.414455,SO2,42,90,68
India,Uttar_Pradesh,Bareilly,"Civil Lines, Bareilly - UPPCB","03-06-2026 23:00:00",28.359581,79.414455,CO,40,52,43
India,Uttar_Pradesh,Bareilly,"Rajendra Nagar, Bareilly - UPPCB","03-06-2026 23:00:00",28.38910936,79.42963708,PM10,40,79,57
India,Uttar_Pradesh,Bareilly,"Rajendra Nagar, Bareilly - UPPCB","03-06-2026 23:00:00",28.38910936,79.42963708,NH3,1,2,1
India,Uttar_Pradesh,Bulandshahr,"Yamunapuram, Bulandshahr - UPPCB","03-06-2026 23:00:00",28.406963,77.849831,PM2.5,52,98,72
India,Uttar_Pradesh,Bulandshahr,"Yamunapuram, Bulandshahr - UPPCB","03-06-2026 23:00:00",28.406963,77.849831,NH3,7,16,10
India,Uttar_Pradesh,Bulandshahr,"Yamunapuram, Bulandshahr - UPPCB","03-06-2026 23:00:00",28.406963,77.849831,OZONE,2,49,39
India,Uttar_Pradesh,Firozabad,"Nagla Bhau, Firozabad - UPPCB","03-06-2026 23:00:00",27.168897,78.376960,NH3,2,2,2
India,Uttar_Pradesh,Firozabad,"Vibhab Nagar, Firozabad - UPPCB","03-06-2026 23:00:00",27.1594,78.3953,NO2,15,15,15
India,Uttar_Pradesh,Firozabad,"Vibhab Nagar, Firozabad - UPPCB","03-06-2026 23:00:00",27.1594,78.3953,NH3,2,2,2
India,Uttar_Pradesh,Ghaziabad,"Govindpuram, Ghaziabad - UPPCB","03-06-2026 23:00:00","28.694528 ","77.494705 ",CO,30,78,42
India,Uttar_Pradesh,Ghaziabad,"Indirapuram, Ghaziabad - UPPCB","03-06-2026 23:00:00",28.646233,77.358075,SO2,15,20,18
India,Telangana,Hyderabad,"New Malakpet, Hyderabad - TSPCB","03-06-2026 23:00:00",17.37206,78.50864,SO2,19,21,19
India,Telangana,Hyderabad,"Ramachandrapuram, Hyderabad - TSPCB","03-06-2026 23:00:00",17.528544,78.286195,PM2.5,38,56,50
India,Telangana,Hyderabad,"Ramachandrapuram, Hyderabad - TSPCB","03-06-2026 23:00:00",17.528544,78.286195,CO,22,30,26
India,Telangana,Hyderabad,"Somajiguda, Hyderabad - TSPCB","03-06-2026 23:00:00",17.417094,78.457437,PM10,56,78,65
India,Telangana,Hyderabad,"Somajiguda, Hyderabad - TSPCB","03-06-2026 23:00:00",17.417094,78.457437,SO2,20,22,21
India,Telangana,Hyderabad,"Somajiguda, Hyderabad - TSPCB","03-06-2026 23:00:00",17.417094,78.457437,OZONE,15,19,18
India,Telangana,Hyderabad,"Zoo Park, Hyderabad - TSPCB","03-06-2026 23:00:00",17.349694,78.451437,NO2,3,6,4
India,Uttar_Pradesh,Agra,"Manoharpur, Agra - UPPCB","03-06-2026 23:00:00",27.23711,78.01936,PM10,31,157,91
India,Uttar_Pradesh,Agra,"Manoharpur, Agra - UPPCB","03-06-2026 23:00:00",27.23711,78.01936,NH3,1,2,2
India,Uttar_Pradesh,Agra,"Rohta, Agra - UPPCB","03-06-2026 23:00:00",27.106972,78.000111,NH3,5,5,5
India,Uttar_Pradesh,Agra,"Rohta, Agra - UPPCB","03-06-2026 23:00:00",27.106972,78.000111,SO2,5,14,10
India,Uttar_Pradesh,Agra,"Sanjay Palace, Agra - UPPCB","03-06-2026 23:00:00",27.19865833,78.00598056,PM10,58,137,95
India,Uttar_Pradesh,Agra,"Sanjay Palace, Agra - UPPCB","03-06-2026 23:00:00",27.19865833,78.00598056,OZONE,3,99,68
India,Uttar_Pradesh,Agra,"Sector-3B Avas Vikas Colony, Agra - UPPCB","03-06-2026 23:00:00",27.19412,77.96237,SO2,12,14,13
India,Uttar_Pradesh,Agra,"Shahjahan Garden, Agra - UPPCB","03-06-2026 23:00:00",27.169338,78.03582,NH3,1,1,1
India,Uttar_Pradesh,Ghaziabad,"Loni, Ghaziabad - UPPCB","03-06-2026 23:00:00",28.757294,77.278792,NO2,18,87,59
India,Uttar_Pradesh,Ghaziabad,"Loni, Ghaziabad - UPPCB","03-06-2026 23:00:00",28.757294,77.278792,NH3,1,8,5
India,Uttar_Pradesh,Ghaziabad,"Sanjay Nagar, Ghaziabad - UPPCB","03-06-2026 23:00:00",28.685382,77.453839,NO2,11,96,60
India,Uttar_Pradesh,Gorakhpur,"Madan Mohan Malaviya University of Technology, Gorakhpur - UPPCB","03-06-2026 23:00:00",26.730136,83.433859,NO2,11,12,11
India,Uttar_Pradesh,Gorakhpur,"Madan Mohan Malaviya University of Technology, Gorakhpur - UPPCB","03-06-2026 23:00:00",26.730136,83.433859,CO,6,7,6
India,Uttar_Pradesh,Gorakhpur,"Madan Mohan Malaviya University of Technology, Gorakhpur - UPPCB","03-06-2026 23:00:00",26.730136,83.433859,OZONE,6,20,11
India,Uttar_Pradesh,"Greater Noida","Knowledge Park - III, Greater Noida - UPPCB","03-06-2026 23:00:00",28.47272,77.482000,PM10,103,213,144
India,Uttar_Pradesh,Jhansi,"Shivaji Nagar, Jhansi - UPPCB","03-06-2026 23:00:00",25.4547,78.6039,NO2,6,7,6
India,Uttar_Pradesh,Jhansi,"Shivaji Nagar, Jhansi - UPPCB","03-06-2026 23:00:00",25.4547,78.6039,SO2,11,26,18
India,Uttar_Pradesh,Kanpur,"FTI Kidwai Nagar, Kanpur - UPPCB","03-06-2026 23:00:00",26.428282,80.327067,PM2.5,13,125,61
India,Uttar_Pradesh,Kanpur,"FTI Kidwai Nagar, Kanpur - UPPCB","03-06-2026 23:00:00",26.428282,80.327067,SO2,3,59,36
India,Uttar_Pradesh,Kanpur,"FTI Kidwai Nagar, Kanpur - UPPCB","03-06-2026 23:00:00",26.428282,80.327067,CO,34,49,38
India,Rajasthan,Jaisalmer,"Sadar Bazar, Jaisalmer - RSPCB","03-06-2026 23:00:00",26.912329,70.909168,PM2.5,35,500,157
India,Rajasthan,Jalore,"Mudtra Sili, Jalore - RSPCB","03-06-2026 23:00:00",25.344694,72.626208,SO2,4,12,6
India,Rajasthan,Jhunjhunu,"Indra Nagar, Jhunjhunu - RSPCB","03-06-2026 23:00:00",28.108988,75.386577,PM10,53,159,96
India,Rajasthan,Jhunjhunu,"Indra Nagar, Jhunjhunu - RSPCB","03-06-2026 23:00:00",28.108988,75.386577,NH3,7,19,10
India,Rajasthan,Jhunjhunu,"Indra Nagar, Jhunjhunu - RSPCB","03-06-2026 23:00:00",28.108988,75.386577,OZONE,29,132,70
India,Rajasthan,Jodhpur,"Collectorate, Jodhpur - RSPCB","03-06-2026 23:00:00",26.268249,73.0193853,PM2.5,33,485,234
India,Rajasthan,Jodhpur,"Collectorate, Jodhpur - RSPCB","03-06-2026 23:00:00",26.268249,73.0193853,OZONE,22,45,39
India,Rajasthan,Jodhpur,"Digari Kalan, Jodhpur - RSPCB","03-06-2026 23:00:00",26.295810,73.082283,PM2.5,22,317,103
India,Rajasthan,Jodhpur,"Digari Kalan, Jodhpur - RSPCB","03-06-2026 23:00:00",26.295810,73.082283,SO2,3,7,5
India,Rajasthan,Jodhpur,"Jhalamand, Jodhpur - RSPCB","03-06-2026 23:00:00",26.215415,73.070156,PM10,93,500,239
India,Rajasthan,Jodhpur,"Mandor, Jodhpur - RSPCB","03-06-2026 23:00:00",26.358805,73.047444,PM10,113,487,218
India,Rajasthan,Jodhpur,"Mandor, Jodhpur - RSPCB","03-06-2026 23:00:00",26.358805,73.047444,NH3,5,12,7
India,Telangana,Hyderabad,"ICRISAT Patancheru, Hyderabad - TSPCB","03-06-2026 23:00:00",17.518400,78.278777,PM2.5,17,56,28
India,Telangana,Hyderabad,"ICRISAT Patancheru, Hyderabad - TSPCB","03-06-2026 23:00:00",17.518400,78.278777,OZONE,37,108,70
India,Telangana,Hyderabad,"IDA Pashamylaram, Hyderabad - TSPCB","03-06-2026 23:00:00",17.5316895,78.218939,NH3,1,3,1
India,Telangana,Hyderabad,"IDA Pashamylaram, Hyderabad - TSPCB","03-06-2026 23:00:00",17.5316895,78.218939,SO2,2,27,13
India,Telangana,Hyderabad,"Kokapet, Hyderabad - TSPCB","03-06-2026 23:00:00",17.393559,78.339194,NH3,2,3,2
India,Telangana,Hyderabad,"Kokapet, Hyderabad - TSPCB","03-06-2026 23:00:00",17.393559,78.339194,OZONE,16,39,29
India,Telangana,Hyderabad,"Kompally Municipal Office, Hyderabad - TSPCB","03-06-2026 23:00:00",17.544899,78.486949,NO2,13,16,15
India,Telangana,Hyderabad,"Kompally Municipal Office, Hyderabad - TSPCB","03-06-2026 23:00:00",17.544899,78.486949,NH3,2,4,3
India,Telangana,Hyderabad,"Nacharam_TSIIC IALA, Hyderabad - TSPCB","03-06-2026 23:00:00",17.429398,78.569354,PM10,NA,NA,NA
India,Telangana,Hyderabad,"Nacharam_TSIIC IALA, Hyderabad - TSPCB","03-06-2026 23:00:00",17.429398,78.569354,CO,28,51,40
India,Telangana,Hyderabad,"New Malakpet, Hyderabad - TSPCB","03-06-2026 23:00:00",17.37206,78.50864,PM10,68,102,83
India,Uttar_Pradesh,Lucknow,"B R Ambedkar University, Lucknow - UPPCB","03-06-2026 23:00:00",26.766433,80.927299,PM10,65,177,97
India,Uttar_Pradesh,Lucknow,"B R Ambedkar University, Lucknow - UPPCB","03-06-2026 23:00:00",26.766433,80.927299,OZONE,1,83,49
India,Uttar_Pradesh,Lucknow,"Gomti Nagar, Lucknow - UPPCB","03-06-2026 23:00:00",26.868120,81.005119,CO,41,46,45
India,Uttar_Pradesh,Lucknow,"Kukrail Picnic Spot-1, Lucknow - UPPCB","03-06-2026 23:00:00",26.90723,80.98579,CO,13,19,15
India,Uttar_Pradesh,Lucknow,"Lalbagh, Lucknow - CPCB","03-06-2026 23:00:00",26.8458805,80.9365541,NO2,30,41,34
India,Uttar_Pradesh,Lucknow,"Talkatora District Industries Center, Lucknow - CPCB","03-06-2026 23:00:00",26.83399722,80.8917361,PM2.5,56,115,75
India,Uttar_Pradesh,Lucknow,"Talkatora District Industries Center, Lucknow - CPCB","03-06-2026 23:00:00",26.83399722,80.8917361,NH3,12,14,13
India,Uttar_Pradesh,Lucknow,"Talkatora District Industries Center, Lucknow - CPCB","03-06-2026 23:00:00",26.83399722,80.8917361,CO,17,32,28
India,Uttar_Pradesh,Meerut,"Ganga Nagar, Meerut - UPPCB","03-06-2026 23:00:00",28.999264,77.7590354,PM2.5,48,109,78
India,Uttar_Pradesh,Meerut,"Jai Bhim Nagar, Meerut - UPPCB","03-06-2026 23:00:00",28.9535882,77.7622941,NO2,9,13,11
India,Uttar_Pradesh,Meerut,"Pallavpuram Phase 2, Meerut - UPPCB","03-06-2026 23:00:00",29.063510,77.709723,PM2.5,42,155,77
India,Uttar_Pradesh,Meerut,"Pallavpuram Phase 2, Meerut - UPPCB","03-06-2026 23:00:00",29.063510,77.709723,SO2,6,67,22
India,Uttar_Pradesh,Moradabad,"Buddhi Vihar, Moradabad - UPPCB","03-06-2026 23:00:00",28.83526,78.74460,PM2.5,17,88,46
India,Uttar_Pradesh,Moradabad,"Buddhi Vihar, Moradabad - UPPCB","03-06-2026 23:00:00",28.83526,78.74460,CO,6,41,26
India,Uttar_Pradesh,Moradabad,"Eco Herbal Park, Moradabad - UPPCB","03-06-2026 23:00:00",28.840739,78.697531,OZONE,7,134,65
India,Uttar_Pradesh,Moradabad,"Employment Office, Moradabad - UPPCB","03-06-2026 23:00:00",28.88528,78.73880,PM10,66,135,88
India,Uttar_Pradesh,Moradabad,"Jigar Colony, Moradabad - UPPCB","03-06-2026 23:00:00",28.856664,78.772638,PM10,68,104,82
India,Uttar_Pradesh,Moradabad,"Jigar Colony, Moradabad - UPPCB","03-06-2026 23:00:00",28.856664,78.772638,OZONE,17,24,19
India,Uttar_Pradesh,Moradabad,"Kashiram Nagar, Moradabad - UPPCB","03-06-2026 23:00:00",28.849399,78.742362,NH3,4,4,4
India,Uttar_Pradesh,Moradabad,"Kashiram Nagar, Moradabad - UPPCB","03-06-2026 23:00:00",28.849399,78.742362,SO2,3,136,52
India,Uttar_Pradesh,Moradabad,"Transport Nagar, Moradabad - UPPCB","03-06-2026 23:00:00",28.802625,78.753728,PM10,NA,NA,NA
India,Uttar_Pradesh,Muzaffarnagar,"New Mandi, Muzaffarnagar - UPPCB","03-06-2026 23:00:00",29.4723508,77.7194031,NH3,2,5,3
India,Uttar_Pradesh,Muzaffarnagar,"New Mandi, Muzaffarnagar - UPPCB","03-06-2026 23:00:00",29.4723508,77.7194031,SO2,11,44,23
India,Uttar_Pradesh,Noida,"Sector - 125, Noida - UPPCB","03-06-2026 23:00:00",28.5447608,77.3231257,PM2.5,65,303,145
India,Uttar_Pradesh,Noida,"Sector - 125, Noida - UPPCB","03-06-2026 23:00:00",28.5447608,77.3231257,CO,24,60,41
India,Uttar_Pradesh,Noida,"Sector - 125, Noida - UPPCB","03-06-2026 23:00:00",28.5447608,77.3231257,OZONE,7,183,102
India,Uttar_Pradesh,Noida,"Sector - 62, Noida - IITM","03-06-2026 23:00:00",28.6245479,77.3577104,CO,24,34,27
India,Uttar_Pradesh,Noida,"Sector-116, Noida - UPPCB","03-06-2026 23:00:00",28.569230,77.393848,SO2,10,22,17
India,Uttar_Pradesh,Prayagraj,"Jhunsi, Prayagraj - UPPCB","03-06-2026 23:00:00",25.425602,81.917152,PM10,38,109,59
India,Uttar_Pradesh,Prayagraj,"Jhunsi, Prayagraj - UPPCB","03-06-2026 23:00:00",25.425602,81.917152,SO2,15,62,31
India,Uttar_Pradesh,Prayagraj,"Motilal Nehru NIT, Prayagraj - UPPCB","03-06-2026 23:00:00",25.494,81.863,CO,6,38,18
India,Uttar_Pradesh,Prayagraj,"Nagar Nigam, Prayagraj - UPPCB","03-06-2026 23:00:00","25.44919916 ","81.82735986 ",SO2,20,78,36
India,Uttar_Pradesh,Prayagraj,"Nagar Nigam, Prayagraj - UPPCB","03-06-2026 23:00:00","25.44919916 ","81.82735986 ",CO,14,36,22
India,Uttar_Pradesh,Raebareli," Indira Nagar, Raebareli - NTPC Unchahar","03-06-2026 23:00:00",26.207781,81.245571,NH3,NA,NA,NA
India,Uttar_Pradesh,Raebareli," Indira Nagar, Raebareli - NTPC Unchahar","03-06-2026 23:00:00",26.207781,81.245571,CO,NA,NA,NA
India,Uttar_Pradesh,Varanasi,"Ardhali Bazar, Varanasi - UPPCB","03-06-2026 23:00:00",25.3505986,82.9083074,PM10,53,132,93
India,Uttar_Pradesh,Varanasi,"Ardhali Bazar, Varanasi - UPPCB","03-06-2026 23:00:00",25.3505986,82.9083074,SO2,11,17,14
India,Uttar_Pradesh,Varanasi,"Ardhali Bazar, Varanasi - UPPCB","03-06-2026 23:00:00",25.3505986,82.9083074,CO,19,19,19
India,Uttar_Pradesh,Varanasi,"Ardhali Bazar, Varanasi - UPPCB","03-06-2026 23:00:00",25.3505986,82.9083074,OZONE,15,38,24
India,Uttar_Pradesh,Varanasi,"IESD Banaras Hindu University, Varanasi - UPPCB","03-06-2026 23:00:00",25.262326,82.995408,NH3,1,4,2
India,Uttar_Pradesh,Vrindavan,"Omex Eternity, Vrindavan - UPPCB","03-06-2026 23:00:00",27.5714090,77.6557570,PM10,40,100,60
India,Uttarakhand,Dehradun,"Doon University, Dehradun - UKPCB","03-06-2026 23:00:00",30.269444,78.044167,PM2.5,10,62,30
India,Uttarakhand,Dehradun,"Doon University, Dehradun - UKPCB","03-06-2026 23:00:00",30.269444,78.044167,NO2,1,7,3
India,Uttarakhand,Dehradun,"Doon University, Dehradun - UKPCB","03-06-2026 23:00:00",30.269444,78.044167,CO,40,50,46
India,Uttarakhand,Rishikesh,"Shivaji Nagar, Rishikesh - UKPCB","03-06-2026 23:00:00",30.075911,78.2859547,PM2.5,2,2,2
India,West_Bengal,Asansol,"Asansol Court Area, Asansol - WBPCB","03-06-2026 23:00:00",23.685297,86.945968,NO2,30,51,38
India,West_Bengal,Asansol,"Asansol Court Area, Asansol - WBPCB","03-06-2026 23:00:00",23.685297,86.945968,CO,20,101,37
India,West_Bengal,Asansol,"Asansol Court Area, Asansol - WBPCB","03-06-2026 23:00:00",23.685297,86.945968,OZONE,15,118,64
India,West_Bengal,Asansol,"Evelyn Lodge, Asansol - WBPCB","03-06-2026 23:00:00",23.6979360,86.9443950,PM2.5,27,84,62
India,West_Bengal,Asansol,"Evelyn Lodge, Asansol - WBPCB","03-06-2026 23:00:00",23.6979360,86.9443950,PM10,34,105,75
India,West_Bengal,Asansol,"Evelyn Lodge, Asansol - WBPCB","03-06-2026 23:00:00",23.6979360,86.9443950,OZONE,9,78,44
India,West_Bengal,Asansol,"Trivenidevi Bhalotia College, Asansol - WBPCB","03-06-2026 23:00:00",23.616515,87.119133,NO2,7,18,12
India,West_Bengal,Durgapur,"Mahishkapur Road_B-Zone, Durgapur - WBPCB","03-06-2026 23:00:00",23.567923,87.306843,NH3,1,2,1
India,West_Bengal,Durgapur,"PCBL Residential Complex, Durgapur - WBPCB","03-06-2026 23:00:00",23.5087640,87.3544400,CO,10,46,29
India,West_Bengal,Durgapur,"Womens College_City Center, Durgapur - WBPCB","03-06-2026 23:00:00",23.549395,87.300496,SO2,12,12,12
India,West_Bengal,Durgapur,"Womens College_City Center, Durgapur - WBPCB","03-06-2026 23:00:00",23.549395,87.300496,CO,22,67,31
India,West_Bengal,Howrah,"Belur Math, Howrah - WBPCB","03-06-2026 23:00:00",22.629801,88.352017,PM2.5,57,87,69
India,West_Bengal,Howrah,"Dasnagar, Howrah - WBPCB","03-06-2026 23:00:00",22.6025571,88.3105664,NO2,7,21,12
India,West_Bengal,Howrah,"Ghusuri, Howrah - WBPCB","03-06-2026 23:00:00",22.611968,88.347422,CO,32,52,38
India,West_Bengal,Howrah,"Padmapukur, Howrah - WBPCB","03-06-2026 23:00:00",22.5687319,88.2797276,NH3,8,9,8
India,West_Bengal,Kolkata,"Ballygunge, Kolkata - WBPCB","03-06-2026 23:00:00",22.5367507,88.3638022,PM10,35,73,54
India,West_Bengal,Kolkata,"Ballygunge, Kolkata - WBPCB","03-06-2026 23:00:00",22.5367507,88.3638022,SO2,5,17,11
India,West_Bengal,Kolkata,"Fort William, Kolkata - WBPCB","03-06-2026 23:00:00",22.556640,88.342674,PM2.5,11,86,61
India,West_Bengal,Kolkata,"Fort William, Kolkata - WBPCB","03-06-2026 23:00:00",22.556640,88.342674,NO2,17,26,20
India,West_Bengal,Kolkata,"Jadavpur, Kolkata - WBPCB","03-06-2026 23:00:00",22.49929,88.36917,NO2,5,56,10
India,West_Bengal,Kolkata,"Jadavpur, Kolkata - WBPCB","03-06-2026 23:00:00",22.49929,88.36917,OZONE,11,84,34
India,West_Bengal,Kolkata,"Rabindra Bharati University, Kolkata - WBPCB","03-06-2026 23:00:00",22.627847,88.380669,SO2,9,14,11
India,West_Bengal,Kolkata,"Rabindra Bharati University, Kolkata - WBPCB","03-06-2026 23:00:00",22.627847,88.380669,CO,24,51,36
India,West_Bengal,Kolkata,"Rabindra Sarobar, Kolkata - WBPCB","03-06-2026 23:00:00",22.51106,88.35142,NH3,7,9,8
India,West_Bengal,Kolkata,"Rabindra Sarobar, Kolkata - WBPCB","03-06-2026 23:00:00",22.51106,88.35142,CO,14,23,19
India,West_Bengal,Kolkata,"Victoria, Kolkata - WBPCB","03-06-2026 23:00:00",22.5448082,88.3403691,NO2,22,25,23
India,West_Bengal,Siliguri,"Ward-32 Bapupara, Siliguri - WBPCB","03-06-2026 23:00:00",26.6879226,88.4152495,NH3,NA,NA,NA
India,Assam,Guwahati,"Pan Bazaar, Guwahati - PCBA","03-06-2026 23:00:00",26.187500,91.744194,PM10,NA,NA,NA
India,Assam,Guwahati,"Railway Colony, Guwahati - PCBA","03-06-2026 23:00:00",26.181742,91.78063,PM2.5,53,110,74
India,Assam,Nagaon,"Christianpatty, Nagaon - PCBA","03-06-2026 23:00:00",26.349082,92.68449,PM10,NA,NA,NA
India,Assam,Nagaon,"Christianpatty, Nagaon - PCBA","03-06-2026 23:00:00",26.349082,92.68449,SO2,NA,NA,NA
India,Assam,Nalbari,"Bata Chowk, Nalbari - PCBA","03-06-2026 23:00:00",26.446912,91.439057,PM2.5,26,287,56
India,Assam,Nalbari,"Bata Chowk, Nalbari - PCBA","03-06-2026 23:00:00",26.446912,91.439057,NH3,1,7,6
India,Assam,Nalbari,"Bata Chowk, Nalbari - PCBA","03-06-2026 23:00:00",26.446912,91.439057,CO,2,22,19
India,Assam,Sivasagar,"Girls College, Sivasagar - PCBA","03-06-2026 23:00:00",26.987634,94.636574,PM2.5,14,45,34
India,Assam,Sivasagar,"Girls College, Sivasagar - PCBA","03-06-2026 23:00:00",26.987634,94.636574,CO,15,41,18
India,Bihar,Araria,"Kharahiya Basti, Araria - BSPCB","03-06-2026 23:00:00",26.146529,87.454184,NO2,11,17,14
India,Bihar,Araria,"Kharahiya Basti, Araria - BSPCB","03-06-2026 23:00:00",26.146529,87.454184,SO2,34,60,48
India,Bihar,Araria,"Kharahiya Basti, Araria - BSPCB","03-06-2026 23:00:00",26.146529,87.454184,OZONE,8,12,10
India,Bihar,Arrah,"New DM Office, Arrah - BSPCB","03-06-2026 23:00:00",25.5626095,84.663264,NO2,6,8,7
India,Bihar,Arrah,"New DM Office, Arrah - BSPCB","03-06-2026 23:00:00",25.5626095,84.663264,OZONE,4,11,7
India,Bihar,Begusarai,"Lohiyanagar, Begusarai - BSPCB","03-06-2026 23:00:00",25.42742023,86.13886079,PM10,60,148,96
India,Bihar,Begusarai,"Lohiyanagar, Begusarai - BSPCB","03-06-2026 23:00:00",25.42742023,86.13886079,NH3,14,17,16
India,Bihar,Begusarai,"Lohiyanagar, Begusarai - BSPCB","03-06-2026 23:00:00",25.42742023,86.13886079,SO2,61,79,69
India,Bihar,Bettiah,"Kamalnath Nagar, Bettiah - BSPCB","03-06-2026 23:00:00",26.80365,84.51954,CO,27,54,51
India,Bihar,Bhagalpur,"DM Office_Kachari Chowk, Bhagalpur - BSPCB","03-06-2026 23:00:00",25.251013,86.989001,PM2.5,25,103,70
India,Bihar,Manguraha,"Forest Rest House, Manguraha - BSPCB","03-06-2026 23:00:00",27.308328,84.531742,CO,16,33,28
India,Bihar,Munger,"Town Hall, Munger - BSPCB","03-06-2026 23:00:00",25.376776,86.471523,PM2.5,28,227,70
India,Bihar,Munger,"Town Hall, Munger - BSPCB","03-06-2026 23:00:00",25.376776,86.471523,SO2,41,47,44
India,Bihar,Munger,"Town Hall, Munger - BSPCB","03-06-2026 23:00:00",25.376776,86.471523,OZONE,1,7,2
India,Bihar,Muzaffarpur,"Buddha Colony, Muzaffarpur - BSPCB","03-06-2026 23:00:00",26.11442,85.39813,NO2,19,39,26
India,Bihar,Muzaffarpur,"MIT-Daudpur Kothi, Muzaffarpur - BSPCB","03-06-2026 23:00:00",26.1403345,85.3650192,PM10,52,70,61
India,Bihar,Muzaffarpur,"Muzaffarpur Collectorate, Muzaffarpur - BSPCB","03-06-2026 23:00:00",26.1209,85.3647,OZONE,9,82,48
India,Bihar,Patna,"DRM Office Danapur, Patna - BSPCB","03-06-2026 23:00:00",25.586562,85.043586,PM2.5,58,93,74
India,Bihar,Patna,"DRM Office Danapur, Patna - BSPCB","03-06-2026 23:00:00",25.586562,85.043586,OZONE,3,54,8
India,Bihar,Patna,"Govt. High School Shikarpur, Patna - BSPCB","03-06-2026 23:00:00",25.592539,85.227158,CO,20,102,60
India,Bihar,Patna,"IGSC Planetarium Complex, Patna - BSPCB","03-06-2026 23:00:00",25.610369,85.132568,NO2,2,3,2
India,Bihar,Patna,"Muradpur, Patna - BSPCB","03-06-2026 23:00:00",25.619651,85.147382,PM2.5,68,84,77
India,Bihar,Patna,"Muradpur, Patna - BSPCB","03-06-2026 23:00:00",25.619651,85.147382,PM10,107,145,117
India,Bihar,Patna,"Muradpur, Patna - BSPCB","03-06-2026 23:00:00",25.619651,85.147382,NH3,4,5,5
India,Bihar,Patna,"Muradpur, Patna - BSPCB","03-06-2026 23:00:00",25.619651,85.147382,SO2,11,13,12
India,Andhra_Pradesh,Vijayawada,"HB Colony, Vijayawada - APPCB","03-06-2026 23:00:00",16.536107,80.594233,PM10,46,81,71
India,Andhra_Pradesh,Vijayawada,"HB Colony, Vijayawada - APPCB","03-06-2026 23:00:00",16.536107,80.594233,SO2,6,20,15
India,Andhra_Pradesh,Vijayawada,"HB Colony, Vijayawada - APPCB","03-06-2026 23:00:00",16.536107,80.594233,OZONE,20,47,24
India,Andhra_Pradesh,Vijayawada,"Kanuru, Vijayawada - APPCB","03-06-2026 23:00:00",16.486692,80.699436,PM10,56,82,62
India,Andhra_Pradesh,Vijayawada,"Kanuru, Vijayawada - APPCB","03-06-2026 23:00:00",16.486692,80.699436,NO2,23,36,29
India,Andhra_Pradesh,Vijayawada,"Kanuru, Vijayawada - APPCB","03-06-2026 23:00:00",16.486692,80.699436,CO,28,42,31
India,Andhra_Pradesh,Vijayawada,"Kanuru, Vijayawada - APPCB","03-06-2026 23:00:00",16.486692,80.699436,OZONE,19,50,25
India,Andhra_Pradesh,Vijayawada,"Rajiv Gandhi Park, Vijayawada - APPCB","03-06-2026 23:00:00",16.509717,80.612222,PM10,59,73,67
India,Andhra_Pradesh,Vijayawada,"Rajiv Nagar, Vijayawada - APPCB","03-06-2026 23:00:00",16.554731,80.649110,PM10,50,80,63
India,Andhra_Pradesh,Visakhapatnam,"GVM Corporation, Visakhapatnam - APPCB","03-06-2026 23:00:00",17.72,83.3,NO2,15,104,47
India,Andhra_Pradesh,Visakhapatnam,"GVM Corporation, Visakhapatnam - APPCB","03-06-2026 23:00:00",17.72,83.3,CO,3,38,17
India,Assam,Byrnihat,"Central Academy for SFS, Byrnihat - PCBA","03-06-2026 23:00:00",26.071318,91.87488,PM10,92,234,141
India,Assam,Byrnihat,"Central Academy for SFS, Byrnihat - PCBA","03-06-2026 23:00:00",26.071318,91.87488,NO2,3,10,7
India,Assam,Guwahati,"IITG, Guwahati - PCBA","03-06-2026 23:00:00",26.2028636,91.70046436,PM2.5,27,61,46
India,Assam,Guwahati,"IITG, Guwahati - PCBA","03-06-2026 23:00:00",26.2028636,91.70046436,NO2,1,2,1
India,Assam,Guwahati,"LGBI Airport, Guwahati - PCBA","03-06-2026 23:00:00",26.10887,91.589544,NO2,10,19,15
India,Chandigarh,Chandigarh,"Sector-25, Chandigarh - CPCC","03-06-2026 23:00:00",30.751462,76.762879,CO,9,50,24
India,Chandigarh,Chandigarh,"Sector-53, Chandigarh - CPCC","03-06-2026 23:00:00",30.719859,76.738637,PM2.5,20,57,36
India,Chandigarh,Chandigarh,"Sector-53, Chandigarh - CPCC","03-06-2026 23:00:00",30.719859,76.738637,SO2,3,26,9
India,Chhattisgarh,Bhilai,"32Bungalows, Bhilai - CECB","03-06-2026 23:00:00",21.194815,81.314770,PM10,24,67,44
India,Chhattisgarh,Bhilai,"Civic Center, Bhilai - Bhilai Steel Plant","03-06-2026 23:00:00",21.185571,81.343175,PM2.5,9,62,34
India,Chhattisgarh,Bhilai,"Civic Center, Bhilai - Bhilai Steel Plant","03-06-2026 23:00:00",21.185571,81.343175,NH3,1,2,1
India,Chhattisgarh,Chhal,"Nawapara SECL Colony, Chhal - CECB","03-06-2026 23:00:00",22.118125,83.140608,SO2,2,27,11
India,Chhattisgarh,Korba,"Rampur, Korba - CECB","03-06-2026 23:00:00",22.368195,82.746431,SO2,1,6,3
India,Chhattisgarh,Korba,"Rampur, Korba - CECB","03-06-2026 23:00:00",22.368195,82.746431,CO,9,47,17
India,Chhattisgarh,Korba,"Rampur, Korba - CECB","03-06-2026 23:00:00",22.368195,82.746431,OZONE,43,43,43
India,Chhattisgarh,Korba,"Urja Nagar, Korba - CECB","03-06-2026 23:00:00",22.348441,82.549611,SO2,NA,NA,NA
India,Chhattisgarh,Kunjemura,"OP Jindal School, Kunjemura - CECB","03-06-2026 23:00:00",22.126650,83.483212,NO2,14,81,35
India,Chhattisgarh,Milupara,"Govt. Higher Secondary School, Milupara - CECB","03-06-2026 23:00:00",22.1910172,83.5197009,NO2,NA,NA,NA
India,Andhra_Pradesh,Chittoor,"Gangineni Cheruvu, Chittoor - APPCB","03-06-2026 23:00:00",13.204880,79.097889,NH3,6,8,7
India,Andhra_Pradesh,Chittoor,"Gangineni Cheruvu, Chittoor - APPCB","03-06-2026 23:00:00",13.204880,79.097889,CO,16,30,25
India,Andhra_Pradesh,Chittoor,"Gangineni Cheruvu, Chittoor - APPCB","03-06-2026 23:00:00",13.204880,79.097889,OZONE,52,70,70
India,Andhra_Pradesh,Guntur,"Rajendra Nagar North, Guntur - APPCB","03-06-2026 23:00:00",16.316553,80.413302,PM10,55,87,70
India,Andhra_Pradesh,Guntur,"Rajendra Nagar North, Guntur - APPCB","03-06-2026 23:00:00",16.316553,80.413302,CO,16,38,29
India,Andhra_Pradesh,Kadapa,"Yerramukkapalli, Kadapa - APPCB","03-06-2026 23:00:00",14.465052,78.824187,PM10,43,57,49
India,Andhra_Pradesh,Kadapa,"Yerramukkapalli, Kadapa - APPCB","03-06-2026 23:00:00",14.465052,78.824187,CO,25,46,32
India,Andhra_Pradesh,Nellore,"Ambedkar Nagar, Nellore - APPCB ","03-06-2026 23:00:00","14.438164 ","79.966814 ",NO2,26,34,30
India,Andhra_Pradesh,Rajamahendravaram,"Anand Kala Kshetram, Rajamahendravaram - APPCB","03-06-2026 23:00:00",16.9872867,81.7363176,PM2.5,NA,NA,NA
India,Andhra_Pradesh,Tirumala,"Toll Gate, Tirumala - APPCB","03-06-2026 23:00:00",13.67,79.35,CO,16,35,23
India,Andhra_Pradesh,Tirupati,"Vaikuntapuram, Tirupati - APPCB","03-06-2026 23:00:00",13.615387,79.409230,PM10,50,63,57
India,Andhra_Pradesh,Vijayawada,"HB Colony, Vijayawada - APPCB","03-06-2026 23:00:00",16.536107,80.594233,PM2.5,50,86,73
India,Chhattisgarh,Raipur,"AIIMS, Raipur - CECB","03-06-2026 23:00:00",21.258815,81.578979,CO,19,63,26
India,Chhattisgarh,Raipur,"Bhatagaon New ISBT, Raipur - CECB","03-06-2026 23:00:00",21.219665,81.630094,PM10,17,124,57
India,Chhattisgarh,Raipur,"Krishak Nagar, Raipur - CECB","03-06-2026 23:00:00",21.237755,81.705301,NH3,2,2,2
India,Chhattisgarh,Raipur,"Siltara Phase-II, Raipur - CECB","03-06-2026 23:00:00",21.371751,81.664929,NH3,3,3,3
India,Chhattisgarh,Raipur,"Siltara Phase-II, Raipur - CECB","03-06-2026 23:00:00",21.371751,81.664929,SO2,1,47,18
India,Chhattisgarh,Raipur,"Siltara Phase-II, Raipur - CECB","03-06-2026 23:00:00",21.371751,81.664929,CO,17,18,17
India,Chhattisgarh,Tumidih,"OP Jindal Industrial Park, Tumidih - CECB","03-06-2026 23:00:00",22.06631475,83.33820077,PM10,20,113,39
India,Chhattisgarh,Tumidih,"OP Jindal Industrial Park, Tumidih - CECB","03-06-2026 23:00:00",22.06631475,83.33820077,NH3,1,2,2
India,Delhi,Delhi,"Alipur, Delhi - DPCC","03-06-2026 23:00:00",28.815329,77.153010,OZONE,2,54,30
India,Delhi,Delhi,"Anand Vihar, Delhi - DPCC","03-06-2026 23:00:00",28.647622,77.3158090,SO2,23,36,29
India,Delhi,Delhi,"Anand Vihar, Delhi - DPCC","03-06-2026 23:00:00",28.647622,77.3158090,OZONE,2,74,36
India,Delhi,Delhi,"Aya Nagar, Delhi - IITM","03-06-2026 23:00:00",28.4706914,77.1099364,PM2.5,53,196,109
India,Delhi,Delhi,"Aya Nagar, Delhi - IITM","03-06-2026 23:00:00",28.4706914,77.1099364,OZONE,2,133,87
India,Bihar,Bhagalpur,"Mayaganj, Bhagalpur - BSPCB","03-06-2026 23:00:00",25.265194,87.012947,SO2,NA,NA,NA
India,Bihar,"Bihar Sharif","D M Colony, Bihar Sharif - BSPCB","03-06-2026 23:00:00",25.204762,85.514960,NO2,9,10,9
India,Bihar,"Bihar Sharif","D M Colony, Bihar Sharif - BSPCB","03-06-2026 23:00:00",25.204762,85.514960,NH3,3,3,3
India,Bihar,"Bihar Sharif","D M Colony, Bihar Sharif - BSPCB","03-06-2026 23:00:00",25.204762,85.514960,CO,10,84,63
India,Bihar,Buxar,"Charitra Van, Buxar - BSPCB","03-06-2026 23:00:00",25.567520,83.966379,NO2,9,10,9
India,Bihar,Chhapra,"Darshan Nagar, Chhapra - BSPCB","03-06-2026 23:00:00",25.7808257,84.7446768,SO2,20,21,20
India,Bihar,Gaya,"SFTI Kusdihra, Gaya - BSPCB","03-06-2026 23:00:00",24.762518,84.982348,SO2,7,8,7
India,Bihar,Gaya,"SFTI Kusdihra, Gaya - BSPCB","03-06-2026 23:00:00",24.762518,84.982348,OZONE,9,54,34
India,Bihar,Hajipur,"Industrial Area, Hajipur - BSPCB","03-06-2026 23:00:00",25.697189,85.245900,PM10,67,176,106
India,Bihar,Katihar,"Mirchaibari, Katihar - BSPCB","03-06-2026 23:00:00",25.560083,87.553265,CO,84,105,94
India,Bihar,Kishanganj,"SDM Office_Khagra, Kishanganj - BSPCB","03-06-2026 23:00:00",26.0881305,87.93840336,PM2.5,95,247,148
India,Bihar,Kishanganj,"SDM Office_Khagra, Kishanganj - BSPCB","03-06-2026 23:00:00",26.0881305,87.93840336,NO2,7,9,8
India,Delhi,Delhi,"Bawana, Delhi - DPCC","03-06-2026 23:00:00",28.776200,77.051074,NO2,11,49,30
India,Delhi,Delhi,"Bawana, Delhi - DPCC","03-06-2026 23:00:00",28.776200,77.051074,NH3,7,10,8
India,Delhi,Delhi,"Bawana, Delhi - DPCC","03-06-2026 23:00:00",28.776200,77.051074,OZONE,4,56,36
India,Delhi,Delhi,"CRRI Mathura Road, Delhi - IITM","03-06-2026 23:00:00",28.5512005,77.2735737,PM10,94,211,146
India,Delhi,Delhi,"Cantonment Area, Delhi - DPCC ","03-06-2026 23:00:00","28.594169 ","77.125100 ",CO,70,106,95
India,Delhi,Delhi,"Chandni Chowk, Delhi - IITM","03-06-2026 23:00:00",28.656756,77.227234,NO2,31,111,56
India,Delhi,Delhi,"DTU, Delhi - CPCB","03-06-2026 23:00:00",28.7500499,77.1112615,PM2.5,53,250,110
India,Delhi,Delhi,"DTU, Delhi - CPCB","03-06-2026 23:00:00",28.7500499,77.1112615,CO,26,55,33
India,Delhi,Delhi,"Dr. Karni Singh Shooting Range, Delhi - DPCC","03-06-2026 23:00:00",28.498571,77.264840,PM10,74,189,133
India,Delhi,Delhi,"Dr. Karni Singh Shooting Range, Delhi - DPCC","03-06-2026 23:00:00",28.498571,77.264840,SO2,16,28,22
India,Delhi,Delhi,"Dwarka-Sector 8, Delhi - DPCC ","03-06-2026 23:00:00",28.5710274,77.0719006,NH3,10,16,14
India,Bihar,Patna,"Rajbansi Nagar, Patna - BSPCB","03-06-2026 23:00:00",25.599486,85.113666,NO2,29,33,31
India,Bihar,Patna,"Samanpura, Patna - BSPCB","03-06-2026 23:00:00",25.596727,85.085624,SO2,4,7,5
India,Bihar,Purnia,"Mariam Nagar, Purnia - BSPCB","03-06-2026 23:00:00",25.366336,87.117468,SO2,16,17,16
India,Bihar,Purnia,"Mariam Nagar, Purnia - BSPCB","03-06-2026 23:00:00",25.366336,87.117468,CO,56,58,56
India,Bihar,Saharsa,"Police Line, Saharsa - BSPCB","03-06-2026 23:00:00",25.892357,86.590325,NH3,4,4,4
India,Bihar,Samastipur,"DM Office_Kasipur, Samastipur - BSPCB","03-06-2026 23:00:00",25.859655,85.77944,NO2,8,9,8
India,Bihar,Sasaram,"Dada Peer, Sasaram - BSPCB","03-06-2026 23:00:00",24.952822,84.002396,PM10,NA,NA,NA
India,Bihar,Sasaram,"Dada Peer, Sasaram - BSPCB","03-06-2026 23:00:00",24.952822,84.002396,NO2,1,8,3
India,Bihar,Sasaram,"Dada Peer, Sasaram - BSPCB","03-06-2026 23:00:00",24.952822,84.002396,SO2,1,5,3
India,Chandigarh,Chandigarh,"Sector 22, Chandigarh - CPCC","03-06-2026 23:00:00",30.735567,76.775714,NH3,7,13,10
India,Andhra_Pradesh,Amaravati,"Secretariat, Amaravati - APPCB","03-06-2026 23:00:00",16.5150833,80.5181667,PM10,42,264,89
India,Andhra_Pradesh,Amaravati,"Secretariat, Amaravati - APPCB","03-06-2026 23:00:00",16.5150833,80.5181667,NO2,16,77,24
India,Andhra_Pradesh,Anantapur,"Gulzarpet, Anantapur - APPCB","03-06-2026 23:00:00",14.675886,77.593027,CO,12,34,25
India,Andhra_Pradesh,Chittoor,"Gangineni Cheruvu, Chittoor - APPCB","03-06-2026 23:00:00",13.204880,79.097889,NO2,33,41,36
India,Gujarat,Gandhinagar,"IIPHG Lekawada, Gandhinagar - IITM","03-06-2026 23:00:00",23.243639,72.68994,CO,1,14,2
India,Gujarat,Gandhinagar,"Sector-10, Gandhinagar - GPCB","03-06-2026 23:00:00",23.221714,72.654328,SO2,1,18,4
India,Gujarat,Gandhinagar,"Sector-10, Gandhinagar - GPCB","03-06-2026 23:00:00",23.221714,72.654328,OZONE,5,27,19
India,Gujarat,Nandesari,"GIDC, Nandesari - Nandesari Ind. Association","03-06-2026 23:00:00",22.410802,73.097923,PM10,57,134,94
India,Gujarat,Rajkot,"Mavdi, Rajkot - Nexteng Enviro ","03-06-2026 23:00:00",22.248853,70.776774,PM10,125,164,139
India,Gujarat,Surat,"Katargam, Surat - Nexteng Enviro","03-06-2026 23:00:00","21.217779 ","72.834787 ",PM2.5,63,253,125
India,Gujarat,Surat,"Katargam, Surat - Nexteng Enviro","03-06-2026 23:00:00","21.217779 ","72.834787 ",PM10,87,144,107
India,Gujarat,Surat,"Katargam, Surat - Nexteng Enviro","03-06-2026 23:00:00","21.217779 ","72.834787 ",CO,31,38,35
India,Gujarat,Surat,"Science Center, Surat - SMC","03-06-2026 23:00:00",21.170046,72.795405,PM10,21,56,36
India,Gujarat,Surat,"Science Center, Surat - SMC","03-06-2026 23:00:00",21.170046,72.795405,NO2,14,16,15
India,Gujarat,Vadodara,"Bapunagar, Vadodara - Nexteng Enviro","03-06-2026 23:00:00",22.320153,73.216285,NH3,2,3,3
India,Gujarat,Vapi,"Phase-1 GIDC, Vapi - GPCB","03-06-2026 23:00:00",20.362421,72.918013,PM2.5,65,104,86
India,Gujarat,Vapi,"Phase-1 GIDC, Vapi - GPCB","03-06-2026 23:00:00",20.362421,72.918013,SO2,14,27,22
India,Gujarat,Vatva,"Phase-4 GIDC, Vatva - GPCB","03-06-2026 23:00:00",22.969611,72.643500,PM2.5,65,192,118
India,Haryana,Ambala,"Patti Mehar, Ambala - HSPCB","03-06-2026 23:00:00",30.379589,76.778328,PM2.5,64,169,99
India,Haryana,Ambala,"Patti Mehar, Ambala - HSPCB","03-06-2026 23:00:00",30.379589,76.778328,PM10,68,128,97
India,Haryana,Ambala,"Patti Mehar, Ambala - HSPCB","03-06-2026 23:00:00",30.379589,76.778328,OZONE,33,60,43
India,Haryana,Bahadurgarh,"Arya Nagar, Bahadurgarh - HSPCB","03-06-2026 23:00:00",28.6701,76.9254,PM10,102,128,113
India,Haryana,Bahadurgarh,"Arya Nagar, Bahadurgarh - HSPCB","03-06-2026 23:00:00",28.6701,76.9254,NH3,12,13,13
India,Haryana,Bahadurgarh,"Arya Nagar, Bahadurgarh - HSPCB","03-06-2026 23:00:00",28.6701,76.9254,OZONE,22,27,25
India,Haryana,Ballabgarh,"Nathu Colony, Ballabgarh - HSPCB","03-06-2026 23:00:00",28.3419248,77.319699,SO2,12,13,13
India,Haryana,Bhiwani,"H.B. Colony, Bhiwani - HSPCB","03-06-2026 23:00:00",28.806223,76.141105,NO2,9,23,15
India,Haryana,Bhiwani,"H.B. Colony, Bhiwani - HSPCB","03-06-2026 23:00:00",28.806223,76.141105,OZONE,10,17,14
India,Haryana,"Charkhi Dadri","Mini Secretariat, Charkhi Dadri - HSPCB","03-06-2026 23:00:00",28.593883,76.270653,NO2,9,23,15
India,Haryana,"Charkhi Dadri","Mini Secretariat, Charkhi Dadri - HSPCB","03-06-2026 23:00:00",28.593883,76.270653,NH3,5,8,6
India,Haryana,"Charkhi Dadri","Mini Secretariat, Charkhi Dadri - HSPCB","03-06-2026 23:00:00",28.593883,76.270653,CO,9,25,16
India,Haryana,Dharuhera,"Municipal Corporation Office, Dharuhera -  HSPCB","03-06-2026 23:00:00",28.206800,76.799700,PM10,67,157,106
India,Haryana,Faridabad,"New Industrial Town, Faridabad - HSPCB","03-06-2026 23:00:00",28.39072,77.30059,PM10,180,191,186
India,Haryana,Faridabad,"Sector 11, Faridabad - HSPCB","03-06-2026 23:00:00",28.376058,77.315741,OZONE,14,16,15
India,Haryana,Fatehabad,"Huda Sector, Fatehabad - HSPCB","03-06-2026 23:00:00",29.503664,75.467934,PM2.5,63,75,68
India,Haryana,Gurugram,"NISE Gwal Pahari, Gurugram - IITM","03-06-2026 23:00:00",28.422681,77.148944,PM2.5,21,218,99
India,Haryana,Gurugram,"NISE Gwal Pahari, Gurugram - IITM","03-06-2026 23:00:00",28.422681,77.148944,CO,38,50,43
India,Haryana,Gurugram,"Sector-51, Gurugram - HSPCB","03-06-2026 23:00:00",28.4227,77.0667,NH3,6,10,8
India,Haryana,Gurugram,"Sector-51, Gurugram - HSPCB","03-06-2026 23:00:00",28.4227,77.0667,OZONE,10,45,40
India,Gujarat,Ahmedabad,"Gyaspur, Ahmedabad - IITM","03-06-2026 23:00:00",22.977134,72.553024,PM2.5,28,57,44
India,Gujarat,Ahmedabad,"Gyaspur, Ahmedabad - IITM","03-06-2026 23:00:00",22.977134,72.553024,CO,22,38,24
India,Gujarat,Ahmedabad,"Maninagar, Ahmedabad - GPCB","03-06-2026 23:00:00",23.002657,72.591912,PM10,97,129,107
India,Gujarat,Ahmedabad,"Raikhad, Ahmedabad - IITM","03-06-2026 23:00:00",23.020509,72.579261,PM10,37,101,76
India,Gujarat,Ahmedabad,"Rakhial, Ahmedabad - IITM","03-06-2026 23:00:00",23.016834,72.625775,NH3,5,10,7
India,Gujarat,Ahmedabad,"SAC ISRO Bopal, Ahmedabad - IITM","03-06-2026 23:00:00",23.041137,72.456691,OZONE,1,65,38
India,Gujarat,Ahmedabad,"SAC ISRO Satellite, Ahmedabad - IITM","03-06-2026 23:00:00",23.023389,72.515201,OZONE,51,81,58
India,Gujarat,Ahmedabad,"SVPI Airport Hansol, Ahmedabad - IITM","03-06-2026 23:00:00",23.076793,72.627874,PM10,78,135,105
India,Gujarat,Ahmedabad,"SVPI Airport Hansol, Ahmedabad - IITM","03-06-2026 23:00:00",23.076793,72.627874,NO2,12,27,21
India,Gujarat,Ankleshwar,"GIDC, Ankleshwar - GPCB","03-06-2026 23:00:00",21.613267,73.010555,PM10,66,97,79
India,Gujarat,Ankleshwar,"GIDC, Ankleshwar - GPCB","03-06-2026 23:00:00",21.613267,73.010555,NO2,23,32,27
India,Gujarat,Ankleshwar,"GIDC, Ankleshwar - GPCB","03-06-2026 23:00:00",21.613267,73.010555,CO,34,48,39
India,Gujarat,Bhavnagar,"Vidhyanagar, Bhavnagar - Nexteng Enviro","03-06-2026 23:00:00",21.755417,72.139056,SO2,5,6,5
India,Gujarat,Gandhinagar,"GIFT City, Gandhinagar - IITM","03-06-2026 23:00:00",23.163798,72.677768,PM2.5,NA,NA,NA
India,Delhi,Delhi,"IGI Airport (T3), Delhi - IITM","03-06-2026 23:00:00",28.5627763,77.1180053,CO,45,72,59
India,Delhi,Delhi,"IGNOU_Maidan Garhi, Delhi - DPCC","03-06-2026 23:00:00","28.493624 ","77.201159 ",SO2,27,36,31
India,Delhi,Delhi,"IHBAS, Dilshad Garden, Delhi - CPCB","03-06-2026 23:00:00",28.6811736,77.3025234,PM2.5,81,242,160
India,Delhi,Delhi,"IMD Lodhi Road, Delhi - IITM","03-06-2026 23:00:00",28.5918245,77.2273074,CO,16,32,24
India,Delhi,Delhi,"IMD Lodhi Road, Delhi - IITM","03-06-2026 23:00:00",28.5918245,77.2273074,OZONE,7,290,144
India,Delhi,Delhi,"ITO, Delhi - CPCB","03-06-2026 23:00:00",28.628624,77.241060,PM2.5,64,174,97
India,Delhi,Delhi,"ITO, Delhi - CPCB","03-06-2026 23:00:00",28.628624,77.241060,SO2,7,34,16
India,Delhi,Delhi,"JNU, Delhi - DPCC","03-06-2026 23:00:00","28.540721 ","77.168544 ",SO2,1,27,13
India,Delhi,Delhi,"Jahangirpuri, Delhi - DPCC","03-06-2026 23:00:00",28.732820,77.170633,NO2,23,106,56
India,Delhi,Delhi,"Jahangirpuri, Delhi - DPCC","03-06-2026 23:00:00",28.732820,77.170633,NH3,5,7,6
India,Delhi,Delhi,"Major Dhyan Chand National Stadium, Delhi - DPCC","03-06-2026 23:00:00",28.611281,77.237738,PM2.5,30,130,78
India,Delhi,Delhi,"Major Dhyan Chand National Stadium, Delhi - DPCC","03-06-2026 23:00:00",28.611281,77.237738,PM10,109,186,131
India,Delhi,Delhi,"Mandir Marg, Delhi - DPCC","03-06-2026 23:00:00",28.636429,77.201067,NH3,3,4,4
India,Delhi,Delhi,"Mundka, Delhi - DPCC","03-06-2026 23:00:00",28.684678,77.076574,NO2,64,120,100
India,Delhi,Delhi,"Pusa, Delhi - DPCC","03-06-2026 23:00:00",28.639652,77.146275,OZONE,2,61,38
India,Delhi,Delhi,"Pusa, Delhi - IITM","03-06-2026 23:00:00",28.636110,77.173332,OZONE,16,255,130
India,Delhi,Delhi,"R K Puram, Delhi - DPCC","03-06-2026 23:00:00",28.563262,77.186937,CO,13,70,42
India,Delhi,Delhi,"Rohini, Delhi - DPCC","03-06-2026 23:00:00",28.732528,77.119920,PM10,111,212,153
India,Delhi,Delhi,"Rohini, Delhi - DPCC","03-06-2026 23:00:00",28.732528,77.119920,NO2,8,63,34
India,Delhi,Delhi,"Rohini, Delhi - DPCC","03-06-2026 23:00:00",28.732528,77.119920,CO,39,81,54
India,Delhi,Delhi,"Rohini, Delhi - DPCC","03-06-2026 23:00:00",28.732528,77.119920,OZONE,3,64,36
India,Delhi,Delhi,"Shadipur, Delhi - CPCB","03-06-2026 23:00:00",28.6514781,77.1473105,PM2.5,59,332,134
India,Delhi,Delhi,"Shadipur, Delhi - CPCB","03-06-2026 23:00:00",28.6514781,77.1473105,CO,29,80,60
India,Delhi,Delhi,"Shadipur, Delhi - CPCB","03-06-2026 23:00:00",28.6514781,77.1473105,OZONE,11,69,31
India,Delhi,Delhi,"Sirifort, Delhi - CPCB","03-06-2026 23:00:00",28.5504249,77.2159377,PM10,113,227,142
India,Delhi,Delhi,"Sonia Vihar, Delhi - DPCC","03-06-2026 23:00:00",28.710508,77.249485,CO,24,134,74
India,Delhi,Delhi,"Sri Aurobindo Marg, Delhi - DPCC","03-06-2026 23:00:00",28.531346,77.190156,PM2.5,58,243,104
India,Delhi,Delhi,"Vivek Vihar, Delhi - DPCC","03-06-2026 23:00:00",28.672342,77.315260,OZONE,6,87,52
India,Delhi,Delhi,"Wazirpur, Delhi - DPCC","03-06-2026 23:00:00",28.699793,77.165453,NH3,9,14,11
India,Haryana,Narnaul,"Shastri Nagar, Narnaul - HSPCB","03-06-2026 23:00:00",28.060249,76.113115,SO2,2,3,3
India,Haryana,Narnaul,"Shastri Nagar, Narnaul - HSPCB","03-06-2026 23:00:00",28.060249,76.113115,CO,48,56,51
India,Haryana,Palwal,"Shyam Nagar, Palwal - HSPCB","03-06-2026 23:00:00",28.1485564,77.3320667,NO2,23,24,24
India,Haryana,Panchgaon,"Amity University, Panchgaon - IITM","03-06-2026 23:00:00",28.3153,76.9143,SO2,8,33,12
India,Haryana,Panipat,"Sector-18, Panipat - HSPCB","03-06-2026 23:00:00",29.432304,76.972765,CO,12,42,35
India,Haryana,Rohtak,"MD University, Rohtak - HSPCB","03-06-2026 23:00:00",28.52123,76.37138,OZONE,1,68,21
India,Haryana,Sonipat,"Murthal, Sonipat - HSPCB","03-06-2026 23:00:00",29.027200,77.062100,PM10,141,148,145
India,Haryana,"Yamuna Nagar","Gobind Pura, Yamuna Nagar - HSPCB","03-06-2026 23:00:00",30.1480566,77.2893471,NH3,1,6,4
India,Jammu_and_Kashmir,Srinagar,"Khunmoh, Srinagar - JKPCC","03-06-2026 23:00:00",34.06313,74.96017,PM2.5,16,27,20
India,Jammu_and_Kashmir,Srinagar,"Khunmoh, Srinagar - JKPCC","03-06-2026 23:00:00",34.06313,74.96017,SO2,4,6,5
India,Delhi,Delhi,"NSIT Dwarka, Delhi - CPCB","03-06-2026 23:00:00",28.60909,77.0325413,NH3,2,21,9
India,Delhi,Delhi,"NSUT Jaffarpur, Delhi - DPCC","03-06-2026 23:00:00","28.594004 ","76.909423 ",CO,40,74,58
India,Delhi,Delhi,"Najafgarh, Delhi - DPCC","03-06-2026 23:00:00",28.570173,76.933762,PM10,89,173,120
India,Delhi,Delhi,"Najafgarh, Delhi - DPCC","03-06-2026 23:00:00",28.570173,76.933762,NO2,20,76,38
India,Delhi,Delhi,"Najafgarh, Delhi - DPCC","03-06-2026 23:00:00",28.570173,76.933762,OZONE,4,89,61
India,Delhi,Delhi,"Narela, Delhi - DPCC","03-06-2026 23:00:00",28.822836,77.101981,PM2.5,90,233,151
India,Delhi,Delhi,"Nehru Nagar, Delhi - DPCC","03-06-2026 23:00:00",28.567890,77.250515,NO2,18,113,57
India,Delhi,Delhi,"North Campus, DU, Delhi - IITM","03-06-2026 23:00:00",28.6573814,77.1585447,NO2,60,229,131
India,Delhi,Delhi,"Okhla Phase-2, Delhi - DPCC","03-06-2026 23:00:00",28.530785,77.271255,NH3,6,17,9
India,Delhi,Delhi,"Punjabi Bagh, Delhi - DPCC","03-06-2026 23:00:00",28.674045,77.131023,PM10,113,189,137
India,Delhi,Delhi,"Pusa, Delhi - DPCC","03-06-2026 23:00:00",28.639652,77.146275,PM2.5,50,130,85
India,Jammu_and_Kashmir,Srinagar,"Rajbagh, Srinagar - JKPCC","03-06-2026 23:00:00",34.066206,74.819820,OZONE,1,4,1
India,Jharkhand,Jorapokhar,"Tata Stadium, Jorapokhar - JSPCB","03-06-2026 23:00:00",23.707909,86.414670,CO,38,40,40
India,Karnataka,Bagalkot,"Vidayagiri, Bagalkot - KSPCB","03-06-2026 23:00:00",16.172806,75.659694,PM2.5,35,36,35
India,Karnataka,Belgaum,"Ramteerth Nagar, Belgaum - KSPCB","03-06-2026 23:00:00",15.888653,74.541751,PM2.5,8,38,20
India,Karnataka,Bengaluru,"BTM Layout, Bengaluru - CPCB","03-06-2026 23:00:00",12.9135218,77.5950804,OZONE,27,28,28
India,Karnataka,Bengaluru,"BWSSB Kadabesanahalli, Bengaluru - CPCB","03-06-2026 23:00:00",12.9352049,77.6814488,SO2,3,7,5
India,Karnataka,Bengaluru,"Hombegowda Nagar, Bengaluru - KSPCB","03-06-2026 23:00:00",12.938539,77.590100,PM2.5,10,27,18
India,Karnataka,Bengaluru,"Jayanagar 5th Block, Bengaluru - KSPCB","03-06-2026 23:00:00",12.920984,77.584908,CO,4,21,13
India,Haryana,Gurugram,"Teri Gram, Gurugram - HSPCB","03-06-2026 23:00:00",28.4275,77.1465,PM2.5,NA,NA,NA
India,Haryana,Gurugram,"Vikas Sadan, Gurugram - HSPCB","03-06-2026 23:00:00",28.4501238,77.0263051,PM10,40,252,156
India,Haryana,Jind,"Police Lines, Jind - HSPCB","03-06-2026 23:00:00",29.307814,76.337619,CO,1,118,12
India,Haryana,Kaithal,"Rishi Nagar, Kaithal - HSPCB","03-06-2026 23:00:00",29.8006,76.4155,PM2.5,40,226,148
India,Haryana,Kaithal,"Rishi Nagar, Kaithal - HSPCB","03-06-2026 23:00:00",29.8006,76.4155,SO2,27,45,32
India,Haryana,Kaithal,"Rishi Nagar, Kaithal - HSPCB","03-06-2026 23:00:00",29.8006,76.4155,OZONE,15,24,18
India,Haryana,Mandikhera,"General Hospital, Mandikhera(Nuh) - HSPCB","03-06-2026 23:00:00",27.9002,76.9938,NH3,9,10,10
India,Haryana,Manesar,"Sector-2 IMT, Manesar - HSPCB","03-06-2026 23:00:00",28.360699,76.936090,NO2,19,83,34
India,Maharashtra,Beed,"Bir, Beed - MPCB","03-06-2026 23:00:00",18.988474,75.753873,OZONE,13,39,33
India,Maharashtra,Belapur,"CBD Belapur, Belapur - MPCB","03-06-2026 23:00:00",19.0243902,73.0406721,CO,8,24,12
India,Maharashtra,Bhiwandi,"Gokul Nagar, Bhiwandi - MPCB","03-06-2026 23:00:00",19.309073,73.057223,PM2.5,37,73,50
India,Maharashtra,Bhiwandi,"Gokul Nagar, Bhiwandi - MPCB","03-06-2026 23:00:00",19.309073,73.057223,NH3,3,6,5
India,Maharashtra,Bhiwandi,"Gokul Nagar, Bhiwandi - MPCB","03-06-2026 23:00:00",19.309073,73.057223,SO2,3,9,6
India,Maharashtra,Bhiwandi,"Gokul Nagar, Bhiwandi - MPCB","03-06-2026 23:00:00",19.309073,73.057223,OZONE,13,86,29
India,Maharashtra,Boisar,"Khaira, Boisar - MPCB","03-06-2026 23:00:00",19.786089,72.757971,SO2,16,16,16
India,Maharashtra,Chandrapur,"Chauhan Colony, Chandrapur - MPCB","03-06-2026 23:00:00",19.962900,79.298714,NO2,31,38,34
India,Maharashtra,Chandrapur,"Chauhan Colony, Chandrapur - MPCB","03-06-2026 23:00:00",19.962900,79.298714,NH3,2,2,2
India,Maharashtra,Chandrapur,"Chauhan Colony, Chandrapur - MPCB","03-06-2026 23:00:00",19.962900,79.298714,CO,21,34,26
India,Maharashtra,Chandrapur,"MIDC Khutala, Chandrapur - MPCB","03-06-2026 23:00:00",19.9775302,79.2337086,PM2.5,30,49,42
India,Maharashtra,Chandrapur,"MIDC Khutala, Chandrapur - MPCB","03-06-2026 23:00:00",19.9775302,79.2337086,PM10,32,150,82
India,Maharashtra,Chandrapur,"MIDC Khutala, Chandrapur - MPCB","03-06-2026 23:00:00",19.9775302,79.2337086,NO2,13,16,14
India,Maharashtra,Chandrapur,"MIDC Khutala, Chandrapur - MPCB","03-06-2026 23:00:00",19.9775302,79.2337086,NH3,4,5,5
India,Maharashtra,Dhule,"Deopur, Dhule - MPCB","03-06-2026 23:00:00",20.918946,74.776388,PM10,78,133,102
India,Maharashtra,Dhule,"Deopur, Dhule - MPCB","03-06-2026 23:00:00",20.918946,74.776388,SO2,2,11,5
India,Maharashtra,Dombivli,"Kalu Nagar, Dombivli - MPCB","03-06-2026 23:00:00","19.2268427 ","73.0788456 ",SO2,3,21,11
India,Maharashtra,Hingoli,"Ashta Vinayak Nagar, Hingoli - MPCB","03-06-2026 23:00:00",19.710842,77.151824,PM2.5,2,51,23
India,Maharashtra,Hingoli,"Ashta Vinayak Nagar, Hingoli - MPCB","03-06-2026 23:00:00",19.710842,77.151824,NO2,9,29,17
India,Maharashtra,Jalna,"Old MIDC, Jalna - MPCB","03-06-2026 23:00:00",19.854616,75.905894,PM10,35,56,43
India,Karnataka,Bengaluru,"Sanegurava Halli, Bengaluru - KSPCB","03-06-2026 23:00:00",12.990328,77.5431385,SO2,NA,NA,NA
India,Karnataka,Bengaluru,"Shivapura_Peenya, Bengaluru - KSPCB","03-06-2026 23:00:00",13.0246342,77.5080115,PM10,NA,NA,NA
India,Karnataka,Bengaluru,"Shivapura_Peenya, Bengaluru - KSPCB","03-06-2026 23:00:00",13.0246342,77.5080115,NH3,NA,NA,NA
India,Karnataka,Bengaluru,"Shivapura_Peenya, Bengaluru - KSPCB","03-06-2026 23:00:00",13.0246342,77.5080115,OZONE,NA,NA,NA
India,Karnataka,Bengaluru,"Silk Board, Bengaluru - KSPCB","03-06-2026 23:00:00",12.917348,77.622813,PM2.5,19,72,37
India,Karnataka,Bengaluru,"Silk Board, Bengaluru - KSPCB","03-06-2026 23:00:00",12.917348,77.622813,PM10,30,165,81
India,Karnataka,Bengaluru,"Silk Board, Bengaluru - KSPCB","03-06-2026 23:00:00",12.917348,77.622813,SO2,3,8,5
India,Karnataka,Chamarajanagar,"Urban, Chamarajanagar - KSPCB","03-06-2026 23:00:00",11.55358,76.55521,PM10,30,49,42
India,Karnataka,Chamarajanagar,"Urban, Chamarajanagar - KSPCB","03-06-2026 23:00:00",11.55358,76.55521,SO2,2,5,4
India,Karnataka,Chikkamagaluru,"Kalyana Nagara, Chikkamagaluru - KSPCB","03-06-2026 23:00:00",13.328028,75.797056,NH3,NA,NA,NA
India,Karnataka,Chikkamagaluru,"Kalyana Nagara, Chikkamagaluru - KSPCB","03-06-2026 23:00:00",13.328028,75.797056,SO2,NA,NA,NA
India,Karnataka,Chikkamagaluru,"Kalyana Nagara, Chikkamagaluru - KSPCB","03-06-2026 23:00:00",13.328028,75.797056,CO,11,60,20
India,Karnataka,Dharwad,"Kalabhavan, Dharwad - KSPCB","03-06-2026 23:00:00",15.459706,75.008381,PM10,75,109,94
India,Karnataka,Dharwad,"Kalabhavan, Dharwad - KSPCB","03-06-2026 23:00:00",15.459706,75.008381,NO2,26,29,27
India,Karnataka,Dharwad,"Kalabhavan, Dharwad - KSPCB","03-06-2026 23:00:00",15.459706,75.008381,SO2,4,8,7
India,Karnataka,Hubballi,"Lingaraj Nagar, Hubballi - KSPCB","03-06-2026 23:00:00",15.3714823,75.1160168,OZONE,18,22,18
India,Karnataka,Kalaburagi,"Mahatma Basaveswar Colony, Kalaburgi - KSPCB","03-06-2026 23:00:00",17.336318,76.847397,OZONE,13,20,16
India,Karnataka,Koppal,"Diwator Nagar, Koppal - KSPCB","03-06-2026 23:00:00",15.347630,76.181767,PM2.5,NA,NA,NA
India,Karnataka,Koppal,"Diwator Nagar, Koppal - KSPCB","03-06-2026 23:00:00",15.347630,76.181767,PM10,NA,NA,NA
India,Karnataka,Koppal,"Diwator Nagar, Koppal - KSPCB","03-06-2026 23:00:00",15.347630,76.181767,SO2,NA,NA,NA
India,Kerala,Thiruvananthapuram,"Plammoodu, Thiruvananthapuram - Kerala PCB","03-06-2026 23:00:00",8.5149093,76.9435879,CO,2,35,13
India,Kerala,Thiruvananthapuram,"Plammoodu, Thiruvananthapuram - Kerala PCB","03-06-2026 23:00:00",8.5149093,76.9435879,OZONE,11,40,17
India,Kerala,Thrissur,"Corporation Ground, Thrissur - Kerala PCB","03-06-2026 23:00:00",10.532400,76.215900,OZONE,28,29,28
India,"Madhya Pradesh",Bhopal,"Paryavaran Parisar, Bhopal - MPPCB","03-06-2026 23:00:00",23.210494,77.425409,PM10,34,120,67
India,"Madhya Pradesh",Bhopal,"Paryavaran Parisar, Bhopal - MPPCB","03-06-2026 23:00:00",23.210494,77.425409,OZONE,37,63,47
India,"Madhya Pradesh",Damoh,"Shrivastav Colony, Damoh - MPPCB","03-06-2026 23:00:00",23.81748678,79.446246,PM10,34,95,58
India,"Madhya Pradesh",Gwalior,"City Center, Gwalior - MPPCB","03-06-2026 23:00:00",26.203442,78.193251,PM10,40,84,59
India,"Madhya Pradesh",Gwalior,"Deen Dayal Nagar, Gwalior - MPPCB","03-06-2026 23:00:00",26.259242,78.216432,PM2.5,22,96,57
India,"Madhya Pradesh",Gwalior,"Deen Dayal Nagar, Gwalior - MPPCB","03-06-2026 23:00:00",26.259242,78.216432,NH3,4,9,6
India,"Madhya Pradesh",Gwalior,"Deen Dayal Nagar, Gwalior - MPPCB","03-06-2026 23:00:00",26.259242,78.216432,SO2,3,11,7
India,"Madhya Pradesh",Gwalior,"Deen Dayal Nagar, Gwalior - MPPCB","03-06-2026 23:00:00",26.259242,78.216432,CO,10,33,24
India,"Madhya Pradesh",Indore,"Chhoti Gwaltoli, Indore - MPPCB","03-06-2026 23:00:00",22.4310,75.5213,SO2,6,10,8
India,"Madhya Pradesh",Indore,"Maguda Nagar, Indore - IMC","03-06-2026 23:00:00",22.7524,75.8872,NO2,2,6,3
India,"Madhya Pradesh",Indore,"Maguda Nagar, Indore - IMC","03-06-2026 23:00:00",22.7524,75.8872,SO2,20,22,21
India,"Madhya Pradesh",Indore,"Regional Park, Indore - IMC","03-06-2026 23:00:00",22.6780,75.8559,PM2.5,4,51,37
India,"Madhya Pradesh",Indore,"Regional Park, Indore - IMC","03-06-2026 23:00:00",22.6780,75.8559,NO2,20,41,26
India,"Madhya Pradesh",Indore,"Regional Park, Indore - IMC","03-06-2026 23:00:00",22.6780,75.8559,NH3,1,70,5
India,"Madhya Pradesh",Indore,"Residency Area, Indore - IMC","03-06-2026 23:00:00",22.7084,75.8815,PM2.5,32,86,51
India,"Madhya Pradesh",Indore,"Residency Area, Indore - IMC","03-06-2026 23:00:00",22.7084,75.8815,PM10,43,70,60
India,"Madhya Pradesh",Indore,"Residency Area, Indore - IMC","03-06-2026 23:00:00",22.7084,75.8815,SO2,3,3,3
India,"Madhya Pradesh",Jabalpur,"Govindh Bhavan Colony, Jabalpur - JMC","03-06-2026 23:00:00",23.163174,79.973061,NH3,2,3,3
India,"Madhya Pradesh",Jabalpur,"Gupteshwar, Jabalpur - JMC","03-06-2026 23:00:00",23.142888,79.916147,OZONE,26,73,53
India,"Madhya Pradesh",Jabalpur,"Marhatal, Jabalpur - MPPCB","03-06-2026 23:00:00",23.168606,79.932247,NO2,19,49,31
India,"Madhya Pradesh",Jabalpur,"Suhagi, Jabalpur - JMC","03-06-2026 23:00:00",23.218135,79.957770,PM10,30,62,47
India,"Madhya Pradesh",Jabalpur,"Suhagi, Jabalpur - JMC","03-06-2026 23:00:00",23.218135,79.957770,SO2,7,13,10
India,"Madhya Pradesh",Jabalpur,"Suhagi, Jabalpur - JMC","03-06-2026 23:00:00",23.218135,79.957770,OZONE,12,102,41
India,"Madhya Pradesh",Katni,"Gole Bazar, Katni - MPPCB","03-06-2026 23:00:00",23.50016,80.23284,PM2.5,18,100,54
India,"Madhya Pradesh",Mandideep,"Sector-D Industrial Area, Mandideep - MPPCB","03-06-2026 23:00:00",23.108440,77.511428,PM2.5,47,357,111
India,"Madhya Pradesh",Mandideep,"Sector-D Industrial Area, Mandideep - MPPCB","03-06-2026 23:00:00",23.108440,77.511428,PM10,40,225,79
India,"Madhya Pradesh",Mandideep,"Sector-D Industrial Area, Mandideep - MPPCB","03-06-2026 23:00:00",23.108440,77.511428,NO2,27,128,56
India,"Madhya Pradesh",Mandideep,"Sector-D Industrial Area, Mandideep - MPPCB","03-06-2026 23:00:00",23.108440,77.511428,CO,15,58,40
India,"Madhya Pradesh",Pithampur,"Sector-2 Industrial Area, Pithampur - MPPCB","03-06-2026 23:00:00",22.624758,75.675238,PM10,82,159,116
India,"Madhya Pradesh",Pithampur,"Sector-2 Industrial Area, Pithampur - MPPCB","03-06-2026 23:00:00",22.624758,75.675238,SO2,NA,NA,NA
India,Maharashtra,Kalyan,"Pimpleshwar Mandir, Kalyan - MPCB","03-06-2026 23:00:00",19.192056,72.9585188,NH3,6,9,7
India,Maharashtra,Kolhapur,"Shivaji University, Kolhapur - MPCB","03-06-2026 23:00:00",16.6870449,74.2505872,SO2,5,6,5
India,Maharashtra,Kolhapur,"Shivaji University, Kolhapur - MPCB","03-06-2026 23:00:00",16.6870449,74.2505872,OZONE,18,65,32
India,Maharashtra,Mahad,"Kamble Tarf Birwadi, Mahad - MPCB","03-06-2026 23:00:00",18.1023399,73.4783687,SO2,NA,NA,NA
India,Maharashtra,Mahad,"Kamble Tarf Birwadi, Mahad - MPCB","03-06-2026 23:00:00",18.1023399,73.4783687,OZONE,30,73,58
India,Maharashtra,Malegaon,"Mahesh Nagar, Malegaon - MPCB","03-06-2026 23:00:00",20.555712,74.529236,NO2,NA,NA,NA
India,Maharashtra,Malegaon,"Mahesh Nagar, Malegaon - MPCB","03-06-2026 23:00:00",20.555712,74.529236,CO,2,14,8
India,Maharashtra,Mira-Bhayandar,"Bhayandar West, Mira-Bhayandar - MPCB","03-06-2026 23:00:00",19.296481,72.840923,NO2,3,30,10
India,Maharashtra,Mira-Bhayandar,"Bhayandar West, Mira-Bhayandar - MPCB","03-06-2026 23:00:00",19.296481,72.840923,SO2,7,9,7
India,Maharashtra,Mumbai,"Bandra Kurla Complex, Mumbai - IITM","03-06-2026 23:00:00",19.053536,72.84643,NH3,NA,NA,NA
India,Maharashtra,Mumbai,"Bandra Kurla Complex, Mumbai - MPCB","03-06-2026 23:00:00",19.065931,72.862131,NO2,31,32,31
India,Maharashtra,Mumbai,"Bandra Kurla Complex, Mumbai - MPCB","03-06-2026 23:00:00",19.065931,72.862131,OZONE,1,91,31
India,Maharashtra,Mumbai,"Borivali East, Mumbai - MPCB","03-06-2026 23:00:00",19.2243333,72.8658113,NO2,NA,NA,NA
India,Karnataka,Koppal,"Diwator Nagar, Koppal - KSPCB","03-06-2026 23:00:00",15.347630,76.181767,OZONE,26,54,45
India,Karnataka,Madikeri,"Stuart Hill, Madikeri - KSPCB","03-06-2026 23:00:00",12.415911,75.735050,SO2,7,7,7
India,Karnataka,Madikeri,"Stuart Hill, Madikeri - KSPCB","03-06-2026 23:00:00",12.415911,75.735050,OZONE,1,5,3
India,Karnataka,Mangalore,"Kadri, Mangalore - KSPCB","03-06-2026 23:00:00",12.889250,74.853000,NO2,7,10,8
India,Karnataka,Ramanagara,"Vijay Nagar, Ramanagara - KSPCB","03-06-2026 23:00:00",12.733409,77.298051,PM10,7,48,26
India,Karnataka,Ramanagara,"Vijay Nagar, Ramanagara - KSPCB","03-06-2026 23:00:00",12.733409,77.298051,CO,20,36,26
India,Karnataka,Vijayapura,"Ibrahimpur, Vijayapura - KSPCB","03-06-2026 23:00:00",16.802639,75.722694,PM2.5,29,31,30
India,Karnataka,Vijayapura,"Ibrahimpur, Vijayapura - KSPCB","03-06-2026 23:00:00",16.802639,75.722694,NH3,4,4,4
India,Karnataka,Vijayapura,"Ibrahimpur, Vijayapura - KSPCB","03-06-2026 23:00:00",16.802639,75.722694,SO2,3,6,3
India,Kerala,Kannur,"Thavakkara, Kannur - Kerala PCB","03-06-2026 23:00:00",11.875000,75.373200,PM10,44,66,58
India,Kerala,Kannur,"Thavakkara, Kannur - Kerala PCB","03-06-2026 23:00:00",11.875000,75.373200,SO2,3,5,4
India,Kerala,Kannur,"Thavakkara, Kannur - Kerala PCB","03-06-2026 23:00:00",11.875000,75.373200,CO,8,14,9
India,Kerala,Kollam,"Polayathode, Kollam - Kerala PCB","03-06-2026 23:00:00",8.8787,76.6073,NH3,1,1,1
India,"Madhya Pradesh",Ratlam,"Shasthri Nagar, Ratlam - IPCA Lab","03-06-2026 23:00:00",23.331731,75.045981,SO2,54,65,60
India,"Madhya Pradesh",Sagar,"Civil Lines, Sagar - MPPCB","03-06-2026 23:00:00",23.838586,78.759431,PM2.5,17,52,31
India,"Madhya Pradesh",Sagar,"Civil Lines, Sagar - MPPCB","03-06-2026 23:00:00",23.838586,78.759431,PM10,23,104,62
India,"Madhya Pradesh",Sagar,"Civil Lines, Sagar - MPPCB","03-06-2026 23:00:00",23.838586,78.759431,SO2,4,12,8
India,"Madhya Pradesh",Singrauli,"Suryakiran Bhawan NCL, Singrauli - MPPCB","03-06-2026 23:00:00",24.108970,82.645580,SO2,34,87,60
India,"Madhya Pradesh",Singrauli,"Suryakiran Bhawan NCL, Singrauli - MPPCB","03-06-2026 23:00:00",24.108970,82.645580,CO,28,110,53
India,"Madhya Pradesh",Singrauli,"Suryakiran Bhawan NCL, Singrauli - MPPCB","03-06-2026 23:00:00",24.108970,82.645580,OZONE,1,52,30
India,Maharashtra,Ahmednagar,"Tarakpur, Ahmednagar - MPCB","03-06-2026 23:00:00",19.10122,74.73339,PM10,NA,NA,NA
India,Maharashtra,Ahmednagar,"Tarakpur, Ahmednagar - MPCB","03-06-2026 23:00:00",19.10122,74.73339,NO2,NA,NA,NA
India,Maharashtra,Ahmednagar,"Tarakpur, Ahmednagar - MPCB","03-06-2026 23:00:00",19.10122,74.73339,CO,14,30,22
India,Maharashtra,Akola,"Ramdaspeth, Akola - MPCB","03-06-2026 23:00:00",20.719516,77.000253,PM10,52,118,68
India,Maharashtra,Ambernath,"Chinchpada, Ambernath - MPCB","03-06-2026 23:00:00",19.2157840,73.1997810,PM2.5,5,26,13
India,Maharashtra,Mumbai,"Chakala-Andheri East, Mumbai - IITM","03-06-2026 23:00:00",19.11074,72.86084,PM10,21,94,42
India,Maharashtra,Mumbai,"Chakala-Andheri East, Mumbai - IITM","03-06-2026 23:00:00",19.11074,72.86084,NO2,14,39,25
India,Maharashtra,Mumbai,"Chakala-Andheri East, Mumbai - IITM","03-06-2026 23:00:00",19.11074,72.86084,OZONE,4,70,42
India,Maharashtra,Mumbai,"Chembur, Mumbai - MPCB","03-06-2026 23:00:00",19.0364585,72.8954371,PM2.5,20,45,28
India,Maharashtra,Mumbai,"Chembur, Mumbai - MPCB","03-06-2026 23:00:00",19.0364585,72.8954371,SO2,2,71,9
India,Maharashtra,Mumbai,"Chhatrapati Shivaji Intl. Airport (T2), Mumbai - MPCB","03-06-2026 23:00:00",19.10078,72.87462,PM2.5,13,46,27
India,Maharashtra,Mumbai,"Deonar, Mumbai - IITM","03-06-2026 23:00:00",19.04946,72.9230,PM2.5,NA,NA,NA
India,Maharashtra,Mumbai,"Ghatkopar, Mumbai - BMC","03-06-2026 23:00:00",19.083694,72.920967,NH3,4,15,9
India,Maharashtra,Mumbai,"Ghatkopar, Mumbai - BMC","03-06-2026 23:00:00",19.083694,72.920967,SO2,3,6,5
India,Maharashtra,Mumbai,"Kherwadi_Bandra East, Mumbai - MPCB","03-06-2026 23:00:00",19.0632143,72.8456324,NO2,2,41,10
India,Maharashtra,Mumbai,"Khindipada-Bhandup West, Mumbai - IITM","03-06-2026 23:00:00",19.1653323,72.922099,NH3,8,25,13
India,Maharashtra,Mumbai,"Khindipada-Bhandup West, Mumbai - IITM","03-06-2026 23:00:00",19.1653323,72.922099,OZONE,2,67,31
India,Maharashtra,Amravati,"Shri Shivaji Science College, Amravati - MPCB","03-06-2026 23:00:00",20.939198,77.765701,PM10,43,100,64
India,Maharashtra,Amravati,"Shri Shivaji Science College, Amravati - MPCB","03-06-2026 23:00:00",20.939198,77.765701,NO2,6,51,18
India,Maharashtra,Amravati,"Shri Shivaji Science College, Amravati - MPCB","03-06-2026 23:00:00",20.939198,77.765701,CO,28,76,44
India,Maharashtra,Aurangabad,"MIDC Chilkalthana, Aurangabad - MPCB","03-06-2026 23:00:00",19.875620,75.387310,PM10,50,141,83
India,Maharashtra,Aurangabad,"MIDC Chilkalthana, Aurangabad - MPCB","03-06-2026 23:00:00",19.875620,75.387310,NO2,5,22,9
India,Maharashtra,Aurangabad,"MIDC Chilkalthana, Aurangabad - MPCB","03-06-2026 23:00:00",19.875620,75.387310,OZONE,9,57,48
India,Maharashtra,Aurangabad,"More Chowk Waluj, Aurangabad - MPCB","03-06-2026 23:00:00",19.8389439,75.244448,PM10,25,53,45
India,Maharashtra,Aurangabad,"More Chowk Waluj, Aurangabad - MPCB","03-06-2026 23:00:00",19.8389439,75.244448,NH3,7,8,7
India,Maharashtra,Aurangabad,"Rachnakar Colony, Aurangabad - MPCB","03-06-2026 23:00:00",19.863756,75.321188,NH3,2,3,2
India,Maharashtra,Badlapur,"Katrap, Badlapur - MPCB","03-06-2026 23:00:00",19.16485,73.23409,PM10,53,88,67
India,Maharashtra,Beed,"Bir, Beed - MPCB","03-06-2026 23:00:00",18.988474,75.753873,NO2,9,30,14
India,Maharashtra,Pimpri-Chinchwad,"Thergaon, Pimpri Chinchwad - MPCB","03-06-2026 23:00:00",18.616318,73.765797,OZONE,39,51,44
India,Maharashtra,Pimpri-Chinchwad,"Transport Nagar-Nigdi, Pimpri-Chinchwad- IITM","03-06-2026 23:00:00",18.664282,73.763966,PM10,30,70,52
India,Maharashtra,Pune,"Katraj Dairy, Pune - MPCB","03-06-2026 23:00:00",18.454450,73.854155,PM2.5,22,53,37
India,Maharashtra,Pune,"Katraj Dairy, Pune - MPCB","03-06-2026 23:00:00",18.454450,73.854155,PM10,20,47,33
India,Maharashtra,Pune,"Mhada Colony, Pune - IITM","03-06-2026 23:00:00",18.573040,73.927715,PM10,43,82,64
India,Maharashtra,Pune,"Mhada Colony, Pune - IITM","03-06-2026 23:00:00",18.573040,73.927715,OZONE,12,35,25
India,Maharashtra,Pune,"Panchawati_Pashan, Pune - IITM","03-06-2026 23:00:00",18.536457,73.805454,PM2.5,8,38,24
India,Maharashtra,Pune,"Revenue Colony-Shivajinagar, Pune - IITM","03-06-2026 23:00:00",18.530085,73.849598,PM10,19,80,52
India,Maharashtra,Pune,"Savitribai Phule Pune University, Pune - MPCB","03-06-2026 23:00:00",18.547056,73.826908,NO2,6,9,7
India,Maharashtra,Pune,"Savitribai Phule Pune University, Pune - MPCB","03-06-2026 23:00:00",18.547056,73.826908,SO2,3,7,4
India,Maharashtra,Sangli,"Vijay Nagar, Sangli - MPCB","03-06-2026 23:00:00"," 16.5038",74.3623,PM10,35,49,41
India,Maharashtra,Sangli,"Vijay Nagar, Sangli - MPCB","03-06-2026 23:00:00"," 16.5038",74.3623,NO2,9,18,12
India,Maharashtra,Sangli,"Vijay Nagar, Sangli - MPCB","03-06-2026 23:00:00"," 16.5038",74.3623,OZONE,10,36,26
India,Maharashtra,Satara,"Koyana Nagar, Satara - MPCB","03-06-2026 23:00:00",17.696651,74.003387,SO2,1,3,2
India,Maharashtra,Satara,"Koyana Nagar, Satara - MPCB","03-06-2026 23:00:00",17.696651,74.003387,CO,10,21,14
India,Maharashtra,Solapur,"Ratandeep Housing Society, Solapur - MPCB","03-06-2026 23:00:00",17.65439,75.90649,PM10,41,72,58
India,Maharashtra,Solapur,"Ratandeep Housing Society, Solapur - MPCB","03-06-2026 23:00:00",17.65439,75.90649,NO2,17,45,32
India,Maharashtra,Nashik,"Pandav Nagari, Nashik - MPCB","03-06-2026 23:00:00",19.9591346,73.7788008,NH3,2,3,3
India,Maharashtra,"Navi Mumbai","Kopripada-Vashi, Navi Mumbai - MPCB","03-06-2026 23:00:00",19.090337,73.014232,PM2.5,35,97,59
India,Maharashtra,"Navi Mumbai","Kopripada-Vashi, Navi Mumbai - MPCB","03-06-2026 23:00:00",19.090337,73.014232,NH3,7,11,9
India,Maharashtra,"Navi Mumbai","Mahape, Navi Mumbai - MPCB","03-06-2026 23:00:00",19.1135051,73.008978,SO2,15,17,16
India,Maharashtra,"Navi Mumbai","Nerul, Navi Mumbai - MPCB","03-06-2026 23:00:00",19.008751,73.016620,SO2,NA,NA,NA
India,Maharashtra,"Navi Mumbai","Sanpada, Navi Mumbai - MPCB","03-06-2026 23:00:00",19.0575752,73.0151367,OZONE,2,50,17
India,Maharashtra,Parbhani,"Masoom Colony, Parbhani - MPCB","03-06-2026 23:00:00",19.265594,76.761463,SO2,7,34,19
India,Maharashtra,Parbhani,"Masoom Colony, Parbhani - MPCB","03-06-2026 23:00:00",19.265594,76.761463,CO,8,14,11
India,Maharashtra,Pimpri-Chinchwad,"Bhosari,Pimpri-Chinchwad - IITM","03-06-2026 23:00:00",18.640051,73.848956,PM2.5,13,42,27
India,Maharashtra,Pimpri-Chinchwad,"Park Street Wakad, Pimpri Chinchwad - MPCB","03-06-2026 23:00:00",18.59051,73.77946,PM2.5,22,34,29
India,Maharashtra,Pimpri-Chinchwad,"Park Street Wakad, Pimpri Chinchwad - MPCB","03-06-2026 23:00:00",18.59051,73.77946,NO2,10,32,18
India,Maharashtra,Pimpri-Chinchwad,"Park Street Wakad, Pimpri Chinchwad - MPCB","03-06-2026 23:00:00",18.59051,73.77946,NH3,3,4,3
India,Maharashtra,Pimpri-Chinchwad,"Park Street Wakad, Pimpri Chinchwad - MPCB","03-06-2026 23:00:00",18.59051,73.77946,CO,6,26,9
India,Maharashtra,Pimpri-Chinchwad,"Park Street Wakad, Pimpri Chinchwad - MPCB","03-06-2026 23:00:00",18.59051,73.77946,OZONE,2,48,34
India,Maharashtra,Pimpri-Chinchwad,"Savta Mali Nagar, Pimpri-Chinchwad - IITM","03-06-2026 23:00:00",18.614767,73.799516,PM10,38,74,55
India,Maharashtra,Pimpri-Chinchwad,"Savta Mali Nagar, Pimpri-Chinchwad - IITM","03-06-2026 23:00:00",18.614767,73.799516,CO,22,44,32
India,Puducherry,Puducherry,"Jawahar Nagar, Puducherry - PPCC","03-06-2026 23:00:00",11.9309,79.8027,OZONE,20,77,43
India,Punjab,Bathinda,"Hardev Nagar, Bathinda - PPCB","03-06-2026 23:00:00",30.233011,74.907758,SO2,3,93,28
India,Punjab,Jalandhar,"Civil Line, Jalandhar - PPCB","03-06-2026 23:00:00",31.321907,75.578914,PM2.5,47,76,60
India,Punjab,Khanna,"Kalal Majra, Khanna - PPCB","03-06-2026 23:00:00","30.736056 ",76.209694,NO2,NA,NA,NA
India,Punjab,Khanna,"Kalal Majra, Khanna - PPCB","03-06-2026 23:00:00","30.736056 ",76.209694,SO2,NA,NA,NA
India,Punjab,Ludhiana,"Punjab Agricultural University, Ludhiana - PPCB","03-06-2026 23:00:00",30.9028,75.8086,CO,22,78,30
India,Punjab,Patiala,"Model Town, Patiala - PPCB","03-06-2026 23:00:00",30.349388,76.366642,PM10,64,90,77
India,Punjab,Patiala,"Model Town, Patiala - PPCB","03-06-2026 23:00:00",30.349388,76.366642,NO2,17,19,18
India,Rajasthan,Ajmer,"Civil Lines,  Ajmer - RSPCB","03-06-2026 23:00:00",26.470859,74.646594,NH3,8,11,9
India,Rajasthan,Ajmer,"Civil Lines,  Ajmer - RSPCB","03-06-2026 23:00:00",26.470859,74.646594,OZONE,6,35,29
India,Rajasthan,Alwar,"Moti Doongri, Alwar - RSPCB","03-06-2026 23:00:00",27.554793,76.611536,PM2.5,42,116,60
India,Rajasthan,Banswara,"Rati Talai, Banswara - RSPCB","03-06-2026 23:00:00",23.555190,74.440010,NH3,1,17,3
India,Rajasthan,Baran,"Bamboliya, Baran - RSPCB","03-06-2026 23:00:00",25.106006,76.469948,NO2,10,40,19
India,Maharashtra,Mumbai,"Sion, Mumbai - MPCB","03-06-2026 23:00:00",19.047000,72.874600,NH3,6,7,7
India,Maharashtra,Mumbai,"Worli, Mumbai -MPCB","03-06-2026 23:00:00",18.9942180,72.8158167,SO2,31,32,32
India,Maharashtra,Mumbai,"Worli, Mumbai -MPCB","03-06-2026 23:00:00",18.9942180,72.8158167,CO,8,13,10
India,Maharashtra,Mumbai,"Worli, Mumbai -MPCB","03-06-2026 23:00:00",18.9942180,72.8158167,OZONE,14,46,26
India,Maharashtra,Nagpur,"Ambazari, Nagpur - MPCB","03-06-2026 23:00:00",21.121801,79.04952,PM10,49,118,72
India,Maharashtra,Nagpur,"Ambazari, Nagpur - MPCB","03-06-2026 23:00:00",21.121801,79.04952,NH3,1,14,4
India,Maharashtra,Nagpur,"Opp GPO Civil Lines, Nagpur - MPCB","03-06-2026 23:00:00",21.152875,79.0517531,NO2,13,17,16
India,Maharashtra,Nagpur,"Ram Nagar, Nagpur - MPCB","03-06-2026 23:00:00",21.143383,79.048912,PM2.5,45,91,67
India,Maharashtra,Nagpur,"Ram Nagar, Nagpur - MPCB","03-06-2026 23:00:00",21.143383,79.048912,NO2,2,23,11
India,Maharashtra,Nagpur,"Ram Nagar, Nagpur - MPCB","03-06-2026 23:00:00",21.143383,79.048912,OZONE,16,62,50
India,Maharashtra,Nashik,"Gangapur Road, Nashik - MPCB","03-06-2026 23:00:00",20.0073285,73.7762427,SO2,NA,NA,NA
India,Maharashtra,Nashik,"Gangapur Road, Nashik - MPCB","03-06-2026 23:00:00",20.0073285,73.7762427,CO,20,22,22
India,Maharashtra,Nashik,"Hirawadi, Nashik - MPCB","03-06-2026 23:00:00",20.021503,73.813844,NO2,NA,NA,NA
India,Maharashtra,Nashik,"MIDC Ambad, Nashik - MPCB","03-06-2026 23:00:00",19.950220,73.731480,CO,5,18,11
India,Odisha,Byasanagar,"Ferro Chrome Colony, Byasanagar - OSPCB","03-06-2026 23:00:00",20.94185,86.11510,CO,42,104,68
India,Odisha,Cuttack,"CDA Area, Cuttack - OSPCB","03-06-2026 23:00:00","20.48891     ","85.84768     ",CO,16,71,30
India,Odisha,Keonjhar,"Jagamohanpur, Keonjhar - OSPCB","03-06-2026 23:00:00",21.643900,85.599355,PM2.5,32,75,53
India,Odisha,Keonjhar,"Jagamohanpur, Keonjhar - OSPCB","03-06-2026 23:00:00",21.643900,85.599355,NO2,14,17,16
India,Odisha,Rourkela,"Raghunathpali, Rourkela - OSPCB","03-06-2026 23:00:00",22.220833,84.809444,NH3,1,2,1
India,Odisha,Rourkela,"Sector-2, Rourkela - OSPCB","03-06-2026 23:00:00",22.24500000,84.88111111,PM2.5,36,36,36
India,Odisha,Talcher,"Talcher Coalfields,Talcher - OSPCB","03-06-2026 23:00:00",20.9360711,85.1707021,OZONE,3,79,21
India,Odisha,Tensa,"Barsua Iron Ore Mines, Tensa - OSPCB","03-06-2026 23:00:00",21.869985,85.167016,SO2,39,66,57
India,Odisha,Tensa,"Barsua Iron Ore Mines, Tensa - OSPCB","03-06-2026 23:00:00",21.869985,85.167016,CO,15,46,15
India,Odisha,Tensa,"Barsua Iron Ore Mines, Tensa - OSPCB","03-06-2026 23:00:00",21.869985,85.167016,OZONE,NA,NA,NA
India,Puducherry,Puducherry,"Jawahar Nagar, Puducherry - PPCC","03-06-2026 23:00:00",11.9309,79.8027,SO2,4,10,7
India,Maharashtra,Mumbai,"Kurla, Mumbai - MPCB","03-06-2026 23:00:00",19.0863,72.8888,OZONE,28,29,28
India,Maharashtra,Mumbai,"Malad West, Mumbai - IITM","03-06-2026 23:00:00",19.19709,72.82204,PM10,39,108,66
India,Maharashtra,Mumbai,"Mazgaon, Mumbai - IITM","03-06-2026 23:00:00",18.96702,72.84214,PM2.5,24,77,39
India,Maharashtra,Mumbai,"Mazgaon, Mumbai - IITM","03-06-2026 23:00:00",18.96702,72.84214,CO,16,66,52
India,Maharashtra,Mumbai,"Mulund West, Mumbai - MPCB","03-06-2026 23:00:00",19.1750,72.9419,PM2.5,4,33,16
India,Maharashtra,Mumbai,"Navy Nagar-Colaba, Mumbai - IITM","03-06-2026 23:00:00",18.897756,72.813320,NH3,NA,NA,NA
India,Maharashtra,Mumbai,"Navy Nagar-Colaba, Mumbai - IITM","03-06-2026 23:00:00",18.897756,72.813320,OZONE,23,52,25
India,Maharashtra,Mumbai,"Powai, Mumbai - MPCB","03-06-2026 23:00:00",19.137500,72.915056,PM2.5,10,37,20
India,Maharashtra,Mumbai,"Sewri, Mumbai - BMC","03-06-2026 23:00:00",19.000084,72.856730,NH3,6,16,9
India,Maharashtra,Mumbai,"Shivaji Nagar, Mumbai - BMC","03-06-2026 23:00:00",19.060498,72.923356,PM2.5,28,64,40
India,Maharashtra,Mumbai,"Siddharth Nagar-Worli, Mumbai - IITM","03-06-2026 23:00:00",19.000083,72.813993,PM10,42,66,53
India,Maharashtra,Mumbai,"Siddharth Nagar-Worli, Mumbai - IITM","03-06-2026 23:00:00",19.000083,72.813993,OZONE,10,31,20
India,Maharashtra,Ulhasnagar,"Sidhi Vinayak Nagar, Ulhasnagar - MPCB","03-06-2026 23:00:00",19.235581,73.159121,NO2,8,30,19
India,Maharashtra,Virar,"Bolinj, Virar - MPCB","03-06-2026 23:00:00",19.4458210,72.7988231,PM10,43,78,56
India,Maharashtra,Virar,"Bolinj, Virar - MPCB","03-06-2026 23:00:00",19.4458210,72.7988231,NH3,2,14,6
India,Maharashtra,Virar,"Bolinj, Virar - MPCB","03-06-2026 23:00:00",19.4458210,72.7988231,CO,11,100,62
India,Meghalaya,Byrnihat,"15th Mile-Nongthymmai, Byrnihat - Meghalaya PCB","03-06-2026 23:00:00",26.05374,91.86796,CO,1,104,66
India,Meghalaya,Shillong,"JN Stadium, Shillong - Meghalaya PCB","03-06-2026 23:00:00",25.5803419,91.8942571,PM2.5,NA,NA,NA
India,Meghalaya,Shillong,"JN Stadium, Shillong - Meghalaya PCB","03-06-2026 23:00:00",25.5803419,91.8942571,PM10,NA,NA,NA
India,Mizoram,Aizawl,"Sikulpuikawn, Aizawl - Mizoram PCB","03-06-2026 23:00:00",23.7176342,92.7192841,SO2,14,16,15
India,Mizoram,Aizawl,"Sikulpuikawn, Aizawl - Mizoram PCB","03-06-2026 23:00:00",23.7176342,92.7192841,OZONE,3,7,4
India,Nagaland,Kohima,"PWD Junction, Kohima - NPCB","03-06-2026 23:00:00",25.6635413,94.0989878,CO,4,11,8
India,Odisha,Balasore,"Kalidaspur, Balasore - OSPCB","03-06-2026 23:00:00",21.51161,86.89088,SO2,6,8,7
India,Odisha,Baripada,"Meher Colony, Baripada - OSPCB","03-06-2026 23:00:00",21.941841,86.728318,PM2.5,4,10,6
India,Odisha,Baripada,"Meher Colony, Baripada - OSPCB","03-06-2026 23:00:00",21.941841,86.728318,NO2,1,32,14
India,Odisha,Baripada,"Meher Colony, Baripada - OSPCB","03-06-2026 23:00:00",21.941841,86.728318,NH3,1,2,1
India,Odisha,Bhubaneswar,"Patia, Bhubaneswar - OSPCB","03-06-2026 23:00:00",20.34652,85.81630,PM2.5,NA,NA,NA
India,Odisha,Bhubaneswar,"Patia, Bhubaneswar - OSPCB","03-06-2026 23:00:00",20.34652,85.81630,OZONE,17,123,66
India,Odisha,Bileipada,"Tata Township, Bileipada - OSPCB","03-06-2026 23:00:00",22.06156703,85.47409613,PM10,51,134,92
India,Odisha,Bileipada,"Tata Township, Bileipada - OSPCB","03-06-2026 23:00:00",22.06156703,85.47409613,SO2,14,17,16
India,Odisha,Bileipada,"Tata Township, Bileipada - OSPCB","03-06-2026 23:00:00",22.06156703,85.47409613,CO,26,44,31
India,Odisha,Brajrajnagar,"GM Office, Brajrajnagar - OSPCB","03-06-2026 23:00:00",21.8004996,83.8396977,NO2,13,126,76
India,Rajasthan,Barmer,"Railway Colony, Barmer - RSPCB","03-06-2026 23:00:00",25.747299,71.393989,NO2,6,16,12
India,Rajasthan,Bharatpur,"Krishna Nagar, Bharatpur - RSPCB","03-06-2026 23:00:00",27.215415,77.50873,CO,14,33,21
India,Rajasthan,Bhilwara,"Pratap Nagar, Bhilwara - RSPCB","03-06-2026 23:00:00",25.339605,74.618883,PM2.5,25,65,45
India,Rajasthan,Bhilwara,"Pratap Nagar, Bhilwara - RSPCB","03-06-2026 23:00:00",25.339605,74.618883,SO2,3,10,6
India,Rajasthan,Bhilwara,"Pratap Nagar, Bhilwara - RSPCB","03-06-2026 23:00:00",25.339605,74.618883,CO,22,82,62
India,Rajasthan,Bhiwadi,"Vasundhara Nagar_UIT, Bhiwadi - RSPCB","03-06-2026 23:00:00",28.207266,76.829265,NH3,5,23,10
India,Rajasthan,Bikaner,"MM Ground, Bikaner - RSPCB","03-06-2026 23:00:00",28.018792,73.292658,CO,2,38,11
India,Rajasthan,Bikaner,"MM Ground, Bikaner - RSPCB","03-06-2026 23:00:00",28.018792,73.292658,OZONE,18,135,100
India,Rajasthan,Jaipur,"Adarsh Nagar, Jaipur - RSPCB","03-06-2026 23:00:00",26.902909,75.836858,SO2,NA,NA,NA
India,Rajasthan,Jaipur,"Adarsh Nagar, Jaipur - RSPCB","03-06-2026 23:00:00",26.902909,75.836858,CO,NA,NA,NA
India,Rajasthan,Jaipur,"Mansarovar Sector-12, Jaipur - RSPCB","03-06-2026 23:00:00",26.843698,75.766894,PM10,63,191,122
India,Rajasthan,Jaipur,"Mansarovar Sector-12, Jaipur - RSPCB","03-06-2026 23:00:00",26.843698,75.766894,NO2,10,36,21
India,Rajasthan,Jaipur,"Police Commissionerate, Jaipur - RSPCB","03-06-2026 23:00:00",26.9164092,75.7994901,PM2.5,64,109,80
India,Rajasthan,Jaipur,"Police Commissionerate, Jaipur - RSPCB","03-06-2026 23:00:00",26.9164092,75.7994901,PM10,68,158,108
India,Rajasthan,Jaipur,"RIICO Sitapura, Jaipur - RSPCB","03-06-2026 23:00:00",26.786682,75.827928,NO2,17,88,35
India,Rajasthan,Jaipur,"Sector-2 Murlipura, Jaipur - RSPCB","03-06-2026 23:00:00",26.960669,75.771817,NO2,7,20,13
India,Rajasthan,Jaipur,"Shastri Nagar, Jaipur - RSPCB","03-06-2026 23:00:00",26.9502929,75.730943,NH3,9,25,14
India,Rajasthan,Jaisalmer,"Sadar Bazar, Jaisalmer - RSPCB","03-06-2026 23:00:00",26.912329,70.909168,PM10,109,500,233
India,Rajasthan,Jaisalmer,"Sadar Bazar, Jaisalmer - RSPCB","03-06-2026 23:00:00",26.912329,70.909168,NO2,12,20,16
India,Rajasthan,Jaisalmer,"Sadar Bazar, Jaisalmer - RSPCB","03-06-2026 23:00:00",26.912329,70.909168,CO,11,20,15
India,Rajasthan,Jalore,"Mudtra Sili, Jalore - RSPCB","03-06-2026 23:00:00",25.344694,72.626208,NO2,8,38,19
India,Rajasthan,Jhalawar,"Rajlaxmi Nagar, Jhalawar - RSPCB","03-06-2026 23:00:00",24.588397,76.172782,NH3,7,10,8
India,Rajasthan,Jhalawar,"Rajlaxmi Nagar, Jhalawar - RSPCB","03-06-2026 23:00:00",24.588397,76.172782,CO,58,116,85
India,Rajasthan,Jhalawar,"Rajlaxmi Nagar, Jhalawar - RSPCB","03-06-2026 23:00:00",24.588397,76.172782,OZONE,15,160,158
India,Rajasthan,Jhunjhunu,"Indra Nagar, Jhunjhunu - RSPCB","03-06-2026 23:00:00",28.108988,75.386577,NO2,12,77,26
India,Rajasthan,Kota,"Shrinath Puram, Kota - RSPCB","03-06-2026 23:00:00",25.14389,75.821256,SO2,8,16,11
India,Rajasthan,Nagaur,"Karni Colony, Nagaur - RSPCB","03-06-2026 23:00:00",27.213494,73.734444,CO,12,24,17
India,Rajasthan,Nagaur,"Karni Colony, Nagaur - RSPCB","03-06-2026 23:00:00",27.213494,73.734444,OZONE,28,64,56
India,Rajasthan,Pratapgarh,"Pragati Nagar, Pratapgarh - RSPCB","03-06-2026 23:00:00",24.041198,74.780702,OZONE,25,130,104
India,Rajasthan,"Sawai Madhopur","Sahu Nagar, Sawai Madhopur - RSPCB","03-06-2026 23:00:00",26.031443,76.359327,NH3,4,7,5
India,Rajasthan,Sikar,"Radhakishan Pura, Sikar - RSPCB","03-06-2026 23:00:00",27.608912,75.153302,OZONE,8,109,78
India,Rajasthan,Sirohi,"Vedhaynath Colony, Sirohi - RSPCB","03-06-2026 23:00:00",24.885261,72.857549,NH3,2,4,2
India,Rajasthan,Sirohi,"Vedhaynath Colony, Sirohi - RSPCB","03-06-2026 23:00:00",24.885261,72.857549,OZONE,43,100,79
India,Rajasthan,"Sri Ganganagar","Old City, Sri Ganganagar - RSPCB","03-06-2026 23:00:00",29.931624,73.864511,PM10,59,273,110
India,Rajasthan,"Sri Ganganagar","Old City, Sri Ganganagar - RSPCB","03-06-2026 23:00:00",29.931624,73.864511,SO2,1,6,3
India,Rajasthan,Udaipur,"Ashok Nagar, Udaipur - RSPCB","03-06-2026 23:00:00",24.5886166,73.6321397,PM2.5,33,198,85
India,Sikkim,Gangtok,"Zero Point GICI, Gangtok - SSPCB","03-06-2026 23:00:00",27.338530,88.614099,PM2.5,22,62,43
India,TamilNadu,Chennai,"Arumbakkam, Chennai - TNPCB","03-06-2026 23:00:00",13.0664,"80.2112 ",PM10,43,116,72
India,TamilNadu,Chennai,"Arumbakkam, Chennai - TNPCB","03-06-2026 23:00:00",13.0664,"80.2112 ",NO2,8,30,15
India,TamilNadu,Chennai,"Arumbakkam, Chennai - TNPCB","03-06-2026 23:00:00",13.0664,"80.2112 ",NH3,4,5,4
India,TamilNadu,Chennai,"Kodungaiyur, Chennai - TNPCB","03-06-2026 23:00:00",13.1278,80.2642,OZONE,25,35,30
India,TamilNadu,Chennai,"Manali, Chennai - CPCB","03-06-2026 23:00:00",13.164544,80.26285,PM2.5,22,41,32
India,TamilNadu,Chennai,"Perungudi, Chennai - TNPCB","03-06-2026 23:00:00",12.9533,80.2357,OZONE,1,8,5
India,TamilNadu,Chennai,"Royapuram, Chennai - TNPCB","03-06-2026 23:00:00",13.1036,80.2909,NH3,4,4,4
India,TamilNadu,Chennai,"Velachery Res. Area, Chennai - CPCB","03-06-2026 23:00:00",13.0052189,80.2398125,NH3,2,3,2
India,TamilNadu,Chennai,"Velachery Res. Area, Chennai - CPCB","03-06-2026 23:00:00",13.0052189,80.2398125,SO2,5,8,6
India,TamilNadu,Cuddalore,"Semmandalam, Cuddalore - TNPCB","03-06-2026 23:00:00",11.7637683,79.7499835,NH3,NA,NA,NA
India,TamilNadu,Gummidipoondi,"Anthoni Pillai Nagar, Gummidipoondi - TNPCB","03-06-2026 23:00:00",13.4127,80.1081,PM10,50,145,88
India,TamilNadu,Gummidipoondi,"Anthoni Pillai Nagar, Gummidipoondi - TNPCB","03-06-2026 23:00:00",13.4127,80.1081,SO2,14,30,20
India,TamilNadu,Madurai,"Uchapatti, Madurai - TNPCB","03-06-2026 23:00:00",9.865935,78.022669,NH3,9,9,9
India,TamilNadu,Perundurai,"SIPCOT Industrial Park, Perundurai - TNPCB","03-06-2026 23:00:00",11.258242,77.552761,PM10,1,44,27
India,TamilNadu,Thoothukudi,"Meelavittan, Thoothukudi - TNPCB","03-06-2026 23:00:00","8.816428 ",78.099039,NO2,13,23,17
India,TamilNadu,Thoothukudi,"Meelavittan, Thoothukudi - TNPCB","03-06-2026 23:00:00","8.816428 ",78.099039,SO2,3,20,12
India,Telangana,Hyderabad,"Central University, Hyderabad - TSPCB","03-06-2026 23:00:00",17.460103,78.334361,NH3,NA,NA,NA
India,Telangana,Hyderabad,"ECIL Kapra, Hyderabad - TSPCB","03-06-2026 23:00:00",17.470431,78.566959,NO2,11,17,15
India,Telangana,Hyderabad,"ECIL Kapra, Hyderabad - TSPCB","03-06-2026 23:00:00",17.470431,78.566959,NH3,4,5,4
India,Telangana,Hyderabad,"ECIL Kapra, Hyderabad - TSPCB","03-06-2026 23:00:00",17.470431,78.566959,SO2,9,15,12
India,Telangana,Hyderabad,"ICRISAT Patancheru, Hyderabad - TSPCB","03-06-2026 23:00:00",17.518400,78.278777,PM10,26,121,56
India,Telangana,Hyderabad,"ICRISAT Patancheru, Hyderabad - TSPCB","03-06-2026 23:00:00",17.518400,78.278777,NO2,6,37,14
India,Telangana,Hyderabad,"ICRISAT Patancheru, Hyderabad - TSPCB","03-06-2026 23:00:00",17.518400,78.278777,NH3,1,2,2
India,Telangana,Hyderabad,"IDA Pashamylaram, Hyderabad - TSPCB","03-06-2026 23:00:00",17.5316895,78.218939,NO2,4,57,27
India,Rajasthan,Chittorgarh,"Shastri Nagar, Chittorgarh - RSPCB","03-06-2026 23:00:00",24.892047,74.623527,PM2.5,NA,NA,NA
India,Rajasthan,Chittorgarh,"Shastri Nagar, Chittorgarh - RSPCB","03-06-2026 23:00:00",24.892047,74.623527,OZONE,79,185,129
India,Rajasthan,Churu,"Subash Chowk, Churu - RSPCB","03-06-2026 23:00:00",28.296139,74.961696,NO2,4,28,15
India,Rajasthan,Dausa,"Khatikan Mohalla, Dausa - RSPCB","03-06-2026 23:00:00",26.895552,76.334753,PM2.5,23,103,59
India,Rajasthan,Dausa,"Khatikan Mohalla, Dausa - RSPCB","03-06-2026 23:00:00",26.895552,76.334753,NH3,6,16,11
India,Rajasthan,Dholpur,"Raja Ganj, Dholpur - RSPCB","03-06-2026 23:00:00",26.699557,77.898881,PM10,22,71,48
India,Rajasthan,Dholpur,"Raja Ganj, Dholpur - RSPCB","03-06-2026 23:00:00",26.699557,77.898881,CO,20,33,29
India,Rajasthan,Dholpur,"Raja Ganj, Dholpur - RSPCB","03-06-2026 23:00:00",26.699557,77.898881,OZONE,26,70,54
India,Rajasthan,Dungarpur,"Bhoiwada, Dungarpur - RSPCB","03-06-2026 23:00:00",23.837789,73.714926,SO2,4,15,7
India,Rajasthan,Dungarpur,"Bhoiwada, Dungarpur - RSPCB","03-06-2026 23:00:00",23.837789,73.714926,CO,16,102,36
India,Rajasthan,Hanumangarh,"Housing Board, Hanumangarh - RSPCB","03-06-2026 23:00:00",29.610750,74.283608,PM10,52,211,95
India,Rajasthan,Hanumangarh,"Housing Board, Hanumangarh - RSPCB","03-06-2026 23:00:00",29.610750,74.283608,CO,16,49,30
India,Rajasthan,Jhunjhunu,"Indra Nagar, Jhunjhunu - RSPCB","03-06-2026 23:00:00",28.108988,75.386577,CO,11,48,26
India,Rajasthan,Jodhpur,"Collectorate, Jodhpur - RSPCB","03-06-2026 23:00:00",26.268249,73.0193853,SO2,1,14,6
India,Rajasthan,Jodhpur,"Digari Kalan, Jodhpur - RSPCB","03-06-2026 23:00:00",26.295810,73.082283,NH3,6,11,8
India,Rajasthan,Jodhpur,"Jhalamand, Jodhpur - RSPCB","03-06-2026 23:00:00",26.215415,73.070156,PM2.5,23,356,118
India,Rajasthan,Jodhpur,"Mandor, Jodhpur - RSPCB","03-06-2026 23:00:00",26.358805,73.047444,PM2.5,35,342,123
India,Rajasthan,Jodhpur,"Mandor, Jodhpur - RSPCB","03-06-2026 23:00:00",26.358805,73.047444,NO2,7,34,16
India,Rajasthan,Jodhpur,"Mandor, Jodhpur - RSPCB","03-06-2026 23:00:00",26.358805,73.047444,OZONE,49,105,93
India,Rajasthan,Karauli,"Satyawati Vihar, Karauli - RSPCB","03-06-2026 23:00:00",26.506177,77.025989,NH3,1,10,4
India,Rajasthan,Karauli,"Satyawati Vihar, Karauli - RSPCB","03-06-2026 23:00:00",26.506177,77.025989,CO,4,38,20
India,Rajasthan,Kota,"Dhanmandi, Kota - RSPCB","03-06-2026 23:00:00",25.164090,75.858137,PM10,18,161,59
India,Rajasthan,Kota,"Nayapura, Kota - RSPCB","03-06-2026 23:00:00",25.196024,75.855668,PM2.5,27,127,66
India,Telangana,Hyderabad,"IITH Kandi, Hyderabad - TSPCB","03-06-2026 23:00:00",17.585705,78.126199,SO2,12,20,14
India,Telangana,Hyderabad,"Kokapet, Hyderabad - TSPCB","03-06-2026 23:00:00",17.393559,78.339194,PM2.5,54,81,64
India,Telangana,Hyderabad,"Kompally Municipal Office, Hyderabad - TSPCB","03-06-2026 23:00:00",17.544899,78.486949,PM2.5,35,53,43
India,Telangana,Hyderabad,"Nacharam_TSIIC IALA, Hyderabad - TSPCB","03-06-2026 23:00:00",17.429398,78.569354,NO2,NA,NA,NA
India,Telangana,Hyderabad,"Nacharam_TSIIC IALA, Hyderabad - TSPCB","03-06-2026 23:00:00",17.429398,78.569354,NH3,NA,NA,NA
India,Telangana,Hyderabad,"New Malakpet, Hyderabad - TSPCB","03-06-2026 23:00:00",17.37206,78.50864,CO,22,42,39
India,Telangana,Hyderabad,"Ramachandrapuram, Hyderabad - TSPCB","03-06-2026 23:00:00",17.528544,78.286195,PM10,68,91,82
India,Telangana,Hyderabad,"Ramachandrapuram, Hyderabad - TSPCB","03-06-2026 23:00:00",17.528544,78.286195,NO2,15,17,16
India,Telangana,Hyderabad,"Sanathnagar, Hyderabad - TSPCB","03-06-2026 23:00:00",17.4559458,78.4332152,OZONE,15,19,17
India,Telangana,Hyderabad,"Somajiguda, Hyderabad - TSPCB","03-06-2026 23:00:00",17.417094,78.457437,NH3,3,5,4
India,Telangana,Hyderabad,"Somajiguda, Hyderabad - TSPCB","03-06-2026 23:00:00",17.417094,78.457437,CO,12,44,33
India,Uttar_Pradesh,Firozabad,"Nagla Bhau, Firozabad - UPPCB","03-06-2026 23:00:00",27.168897,78.376960,OZONE,3,33,8
India,Uttar_Pradesh,Firozabad,"Vibhab Nagar, Firozabad - UPPCB","03-06-2026 23:00:00",27.1594,78.3953,OZONE,1,1,1
India,Uttar_Pradesh,Ghaziabad,"Indirapuram, Ghaziabad - UPPCB","03-06-2026 23:00:00",28.646233,77.358075,NO2,30,72,47
India,Uttar_Pradesh,Ghaziabad,"Loni, Ghaziabad - UPPCB","03-06-2026 23:00:00",28.757294,77.278792,PM2.5,62,385,165
India,Uttar_Pradesh,Ghaziabad,"Loni, Ghaziabad - UPPCB","03-06-2026 23:00:00",28.757294,77.278792,CO,62,103,76
India,Uttar_Pradesh,Ghaziabad,"Loni, Ghaziabad - UPPCB","03-06-2026 23:00:00",28.757294,77.278792,OZONE,12,109,68
India,Uttar_Pradesh,Ghaziabad,"Sanjay Nagar, Ghaziabad - UPPCB","03-06-2026 23:00:00",28.685382,77.453839,CO,24,88,60
India,Uttar_Pradesh,Ghaziabad,"Vasundhara, Ghaziabad - UPPCB","03-06-2026 23:00:00",28.6603346,77.3572563,PM10,NA,NA,NA
India,Uttar_Pradesh,Gorakhpur,"Madan Mohan Malaviya University of Technology, Gorakhpur - UPPCB","03-06-2026 23:00:00",26.730136,83.433859,SO2,36,38,37
India,Uttar_Pradesh,Agra,"Manoharpur, Agra - UPPCB","03-06-2026 23:00:00",27.23711,78.01936,SO2,14,110,88
India,Uttar_Pradesh,Agra,"Sanjay Palace, Agra - UPPCB","03-06-2026 23:00:00",27.19865833,78.00598056,PM2.5,33,152,78
India,Uttar_Pradesh,Agra,"Sanjay Palace, Agra - UPPCB","03-06-2026 23:00:00",27.19865833,78.00598056,SO2,19,20,20
India,Uttar_Pradesh,Agra,"Sanjay Palace, Agra - UPPCB","03-06-2026 23:00:00",27.19865833,78.00598056,CO,31,32,32
India,Uttar_Pradesh,Agra,"Shastripuram, Agra - UPPCB","03-06-2026 23:00:00",27.19862,77.92066,NH3,3,3,3
India,Uttar_Pradesh,Agra,"Shastripuram, Agra - UPPCB","03-06-2026 23:00:00",27.19862,77.92066,OZONE,18,39,19
India,Uttar_Pradesh,Baghpat,"Sardar Patel Inter College, Baghpat - UPPCB","03-06-2026 23:00:00",28.964949,77.278761,OZONE,5,38,13
India,Uttar_Pradesh,Bareilly,"Civil Lines, Bareilly - UPPCB","03-06-2026 23:00:00",28.359581,79.414455,NO2,8,8,8
India,Uttar_Pradesh,Bareilly,"Rajendra Nagar, Bareilly - UPPCB","03-06-2026 23:00:00",28.38910936,79.42963708,CO,21,56,46
India,Uttar_Pradesh,"Greater Noida","Knowledge Park - III, Greater Noida - UPPCB","03-06-2026 23:00:00",28.47272,77.482000,PM2.5,40,182,80
India,Uttar_Pradesh,"Greater Noida","Knowledge Park - III, Greater Noida - UPPCB","03-06-2026 23:00:00",28.47272,77.482000,NH3,7,11,9
India,Uttar_Pradesh,"Greater Noida","Knowledge Park - V, Greater Noida - UPPCB","03-06-2026 23:00:00",28.557054,77.453663,NH3,8,11,10
India,Uttar_Pradesh,Hapur,"Anand Vihar, Hapur - UPPCB","03-06-2026 23:00:00",28.725645,77.749675,PM2.5,63,241,140
India,Uttar_Pradesh,Kanpur,"NSI Kalyanpur, Kanpur - UPPCB","03-06-2026 23:00:00",26.509954,80.249612,PM10,45,104,75
India,Uttar_Pradesh,Kanpur,"Nehru Nagar, Kanpur - UPPCB","03-06-2026 23:00:00",26.4703136,80.3229863,SO2,11,12,12
India,Uttar_Pradesh,Khora,"Prashant Garden, Khora - UPPCB","03-06-2026 23:00:00",28.61119,77.34206,CO,28,57,42
India,Uttar_Pradesh,Lucknow,"B R Ambedkar University, Lucknow - UPPCB","03-06-2026 23:00:00",26.766433,80.927299,PM2.5,45,200,87
India,Uttar_Pradesh,Lucknow,"Kendriya Vidyalaya, Lucknow - CPCB","03-06-2026 23:00:00",26.906111,80.948222,PM2.5,67,114,89
India,Uttar_Pradesh,Lucknow,"Kendriya Vidyalaya, Lucknow - CPCB","03-06-2026 23:00:00",26.906111,80.948222,NO2,14,41,26
India,Uttar_Pradesh,Lucknow,"Kendriya Vidyalaya, Lucknow - CPCB","03-06-2026 23:00:00",26.906111,80.948222,NH3,11,22,16
India,Uttar_Pradesh,Lucknow,"Kendriya Vidyalaya, Lucknow - CPCB","03-06-2026 23:00:00",26.906111,80.948222,SO2,5,14,10
India,Uttar_Pradesh,Lucknow,"Kukrail Picnic Spot-1, Lucknow - UPPCB","03-06-2026 23:00:00",26.90723,80.98579,SO2,3,4,3
India,Uttar_Pradesh,Lucknow,"Lalbagh, Lucknow - CPCB","03-06-2026 23:00:00",26.8458805,80.9365541,CO,6,61,18
India,Uttar_Pradesh,Lucknow,"Talkatora District Industries Center, Lucknow - CPCB","03-06-2026 23:00:00",26.83399722,80.8917361,OZONE,20,121,49
India,Uttar_Pradesh,Meerut,"Ganga Nagar, Meerut - UPPCB","03-06-2026 23:00:00",28.999264,77.7590354,CO,46,78,57
India,Uttar_Pradesh,Meerut,"Jai Bhim Nagar, Meerut - UPPCB","03-06-2026 23:00:00",28.9535882,77.7622941,PM10,110,170,142
India,Uttar_Pradesh,Meerut,"Jai Bhim Nagar, Meerut - UPPCB","03-06-2026 23:00:00",28.9535882,77.7622941,NH3,1,2,1
India,Uttar_Pradesh,Meerut,"Pallavpuram Phase 2, Meerut - UPPCB","03-06-2026 23:00:00",29.063510,77.709723,NH3,8,17,10
India,Uttar_Pradesh,Meerut,"Pallavpuram Phase 2, Meerut - UPPCB","03-06-2026 23:00:00",29.063510,77.709723,OZONE,2,146,93
India,Uttar_Pradesh,Moradabad,"Eco Herbal Park, Moradabad - UPPCB","03-06-2026 23:00:00",28.840739,78.697531,PM10,55,192,121
India,Uttar_Pradesh,Moradabad,"Eco Herbal Park, Moradabad - UPPCB","03-06-2026 23:00:00",28.840739,78.697531,NO2,8,11,9
India,Uttar_Pradesh,Moradabad,"Eco Herbal Park, Moradabad - UPPCB","03-06-2026 23:00:00",28.840739,78.697531,CO,10,27,11
India,Uttar_Pradesh,Moradabad,"Jigar Colony, Moradabad - UPPCB","03-06-2026 23:00:00",28.856664,78.772638,PM2.5,29,57,43
India,Uttar_Pradesh,Moradabad,"Kashiram Nagar, Moradabad - UPPCB","03-06-2026 23:00:00",28.849399,78.742362,CO,26,55,42
India,Uttar_Pradesh,Moradabad,"Transport Nagar, Moradabad - UPPCB","03-06-2026 23:00:00",28.802625,78.753728,SO2,28,33,30
India,Uttar_Pradesh,Muzaffarnagar,"New Mandi, Muzaffarnagar - UPPCB","03-06-2026 23:00:00",29.4723508,77.7194031,PM10,46,196,116
India,Uttar_Pradesh,Muzaffarnagar,"New Mandi, Muzaffarnagar - UPPCB","03-06-2026 23:00:00",29.4723508,77.7194031,NO2,21,62,37
India,Uttar_Pradesh,Muzaffarnagar,"New Mandi, Muzaffarnagar - UPPCB","03-06-2026 23:00:00",29.4723508,77.7194031,OZONE,27,126,89
India,Uttar_Pradesh,Noida,"Sector - 125, Noida - UPPCB","03-06-2026 23:00:00",28.5447608,77.3231257,SO2,5,9,7
India,Uttar_Pradesh,Noida,"Sector - 62, Noida - IITM","03-06-2026 23:00:00",28.6245479,77.3577104,PM2.5,54,237,96
India,Uttar_Pradesh,Noida,"Sector - 62, Noida - IITM","03-06-2026 23:00:00",28.6245479,77.3577104,NO2,15,60,32
India,Uttar_Pradesh,Noida,"Sector - 62, Noida - IITM","03-06-2026 23:00:00",28.6245479,77.3577104,OZONE,21,251,155
India,Uttar_Pradesh,Noida,"Sector-116, Noida - UPPCB","03-06-2026 23:00:00",28.569230,77.393848,CO,38,99,66
India,Uttar_Pradesh,Prayagraj,"Motilal Nehru NIT, Prayagraj - UPPCB","03-06-2026 23:00:00",25.494,81.863,PM2.5,24,60,42
India,Uttar_Pradesh,Prayagraj,"Nagar Nigam, Prayagraj - UPPCB","03-06-2026 23:00:00","25.44919916 ","81.82735986 ",NO2,5,5,5
India,Uttar_Pradesh,Raebareli," Indira Nagar, Raebareli - NTPC Unchahar","03-06-2026 23:00:00",26.207781,81.245571,NO2,NA,NA,NA
India,Uttar_Pradesh,Varanasi,"Ardhali Bazar, Varanasi - UPPCB","03-06-2026 23:00:00",25.3505986,82.9083074,PM2.5,40,125,73
India,Uttar_Pradesh,Varanasi,"Maldahiya, Varanasi - UPPCB","03-06-2026 23:00:00",25.32393,82.99687,PM2.5,45,96,65
India,Uttarakhand,Kashipur,"Govt. Girls Inter College, Kashipur - UKPCB","03-06-2026 23:00:00",29.2124114,78.9611753,PM10,NA,NA,NA
India,Uttarakhand,Kashipur,"Govt. Girls Inter College, Kashipur - UKPCB","03-06-2026 23:00:00",29.2124114,78.9611753,NO2,NA,NA,NA
India,Uttarakhand,Kashipur,"Govt. Girls Inter College, Kashipur - UKPCB","03-06-2026 23:00:00",29.2124114,78.9611753,CO,NA,NA,NA
India,Uttarakhand,Rishikesh,"Shivaji Nagar, Rishikesh - UKPCB","03-06-2026 23:00:00",30.075911,78.2859547,PM10,5,33,17
India,Uttarakhand,Rishikesh,"Shivaji Nagar, Rishikesh - UKPCB","03-06-2026 23:00:00",30.075911,78.2859547,NO2,1,10,6
India,West_Bengal,Asansol,"Asansol Court Area, Asansol - WBPCB","03-06-2026 23:00:00",23.685297,86.945968,NH3,3,11,6
India,West_Bengal,Asansol,"Evelyn Lodge, Asansol - WBPCB","03-06-2026 23:00:00",23.6979360,86.9443950,SO2,72,81,77
India,West_Bengal,Asansol,"Mahabir Colliery, Asansol - WBPCB","03-06-2026 23:00:00",23.6181830,87.1057180,SO2,4,13,6
India,West_Bengal,Asansol,"Trivenidevi Bhalotia College, Asansol - WBPCB","03-06-2026 23:00:00",23.616515,87.119133,PM2.5,28,63,44
India,West_Bengal,Asansol,"Trivenidevi Bhalotia College, Asansol - WBPCB","03-06-2026 23:00:00",23.616515,87.119133,SO2,11,16,14
India,West_Bengal,Asansol,"Trivenidevi Bhalotia College, Asansol - WBPCB","03-06-2026 23:00:00",23.616515,87.119133,CO,NA,NA,NA
India,West_Bengal,Barrackpore,"SVSPA Campus, Barrackpore - WBPCB","03-06-2026 23:00:00",22.7605581,88.3617589,PM2.5,39,75,56
India,West_Bengal,Barrackpore,"SVSPA Campus, Barrackpore - WBPCB","03-06-2026 23:00:00",22.7605581,88.3617589,NO2,14,29,23
India,West_Bengal,Barrackpore,"SVSPA Campus, Barrackpore - WBPCB","03-06-2026 23:00:00",22.7605581,88.3617589,NH3,7,9,8
India,West_Bengal,Durgapur,"Mahishkapur Road_B-Zone, Durgapur - WBPCB","03-06-2026 23:00:00",23.567923,87.306843,PM2.5,7,165,60
India,West_Bengal,Durgapur,"Mahishkapur Road_B-Zone, Durgapur - WBPCB","03-06-2026 23:00:00",23.567923,87.306843,PM10,5,136,76
India,West_Bengal,Durgapur,"Mahishkapur Road_B-Zone, Durgapur - WBPCB","03-06-2026 23:00:00",23.567923,87.306843,OZONE,22,71,58
India,West_Bengal,Haldia,"Priyambada Housing Estate, Haldia - WBPCB","03-06-2026 23:00:00",22.06047,88.109737,PM2.5,20,57,37
India,West_Bengal,Howrah,"Belur Math, Howrah - WBPCB","03-06-2026 23:00:00",22.629801,88.352017,PM10,68,131,99
India,West_Bengal,Howrah,"Botanical Garden, Howrah - WBPCB","03-06-2026 23:00:00",22.554954,88.292568,PM2.5,31,60,47
India,West_Bengal,Howrah,"Botanical Garden, Howrah - WBPCB","03-06-2026 23:00:00",22.554954,88.292568,PM10,36,87,60
India,West_Bengal,Howrah,"Botanical Garden, Howrah - WBPCB","03-06-2026 23:00:00",22.554954,88.292568,NH3,1,1,1
India,West_Bengal,Howrah,"Dasnagar, Howrah - WBPCB","03-06-2026 23:00:00",22.6025571,88.3105664,NH3,1,1,1
India,West_Bengal,Howrah,"Ghusuri, Howrah - WBPCB","03-06-2026 23:00:00",22.611968,88.347422,PM2.5,56,133,88
India,West_Bengal,Howrah,"Ghusuri, Howrah - WBPCB","03-06-2026 23:00:00",22.611968,88.347422,PM10,72,125,100
India,West_Bengal,Howrah,"Padmapukur, Howrah - WBPCB","03-06-2026 23:00:00",22.5687319,88.2797276,PM10,32,67,45
India,West_Bengal,Kolkata,"Ballygunge, Kolkata - WBPCB","03-06-2026 23:00:00",22.5367507,88.3638022,NO2,17,34,23
India,West_Bengal,Kolkata,"Ballygunge, Kolkata - WBPCB","03-06-2026 23:00:00",22.5367507,88.3638022,NH3,7,7,7
India,West_Bengal,Kolkata,"Bidhannagar, Kolkata - WBPCB","03-06-2026 23:00:00",22.58157048,88.41002457,PM10,41,77,61
India,West_Bengal,Kolkata,"Bidhannagar, Kolkata - WBPCB","03-06-2026 23:00:00",22.58157048,88.41002457,OZONE,24,147,50
India,West_Bengal,Kolkata,"Fort William, Kolkata - WBPCB","03-06-2026 23:00:00",22.556640,88.342674,PM10,12,90,64
India,West_Bengal,Kolkata,"Fort William, Kolkata - WBPCB","03-06-2026 23:00:00",22.556640,88.342674,NH3,9,9,9
India,West_Bengal,Kolkata,"Jadavpur, Kolkata - WBPCB","03-06-2026 23:00:00",22.49929,88.36917,NH3,6,9,7
India,West_Bengal,Kolkata,"Jadavpur, Kolkata - WBPCB","03-06-2026 23:00:00",22.49929,88.36917,SO2,3,6,4
India,West_Bengal,Kolkata,"Rabindra Bharati University, Kolkata - WBPCB","03-06-2026 23:00:00",22.627847,88.380669,PM2.5,46,97,65
India,West_Bengal,Kolkata,"Rabindra Bharati University, Kolkata - WBPCB","03-06-2026 23:00:00",22.627847,88.380669,OZONE,20,106,47
India,West_Bengal,Kolkata,"Rabindra Sarobar, Kolkata - WBPCB","03-06-2026 23:00:00",22.51106,88.35142,PM2.5,19,47,32
India,West_Bengal,Kolkata,"Rabindra Sarobar, Kolkata - WBPCB","03-06-2026 23:00:00",22.51106,88.35142,PM10,35,50,42
India,West_Bengal,Kolkata,"Victoria, Kolkata - WBPCB","03-06-2026 23:00:00",22.5448082,88.3403691,OZONE,21,50,33
India,Chhattisgarh,Raipur,"Bhatagaon New ISBT, Raipur - CECB","03-06-2026 23:00:00",21.219665,81.630094,NO2,7,31,12
India,Chhattisgarh,Raipur,"Bhatagaon New ISBT, Raipur - CECB","03-06-2026 23:00:00",21.219665,81.630094,NH3,2,2,2
India,Chhattisgarh,Raipur,"Bhatagaon New ISBT, Raipur - CECB","03-06-2026 23:00:00",21.219665,81.630094,SO2,5,43,11
India,Chhattisgarh,Raipur,"Krishak Nagar, Raipur - CECB","03-06-2026 23:00:00",21.237755,81.705301,PM10,36,102,65
India,Chhattisgarh,Raipur,"Krishak Nagar, Raipur - CECB","03-06-2026 23:00:00",21.237755,81.705301,SO2,7,58,25
India,Chhattisgarh,Raipur,"Krishak Nagar, Raipur - CECB","03-06-2026 23:00:00",21.237755,81.705301,OZONE,9,92,54
India,Chhattisgarh,Raipur,"Siltara Phase-II, Raipur - CECB","03-06-2026 23:00:00",21.371751,81.664929,PM10,40,134,98
India,Chhattisgarh,Raipur,"Siltara Phase-II, Raipur - CECB","03-06-2026 23:00:00",21.371751,81.664929,NO2,NA,NA,NA
India,Chhattisgarh,Tumidih,"OP Jindal Industrial Park, Tumidih - CECB","03-06-2026 23:00:00",22.06631475,83.33820077,CO,18,60,36
India,Delhi,Delhi,"Alipur, Delhi - DPCC","03-06-2026 23:00:00",28.815329,77.153010,PM10,115,262,158
India,Delhi,Delhi,"Alipur, Delhi - DPCC","03-06-2026 23:00:00",28.815329,77.153010,NH3,7,14,11
India,Delhi,Delhi,"Anand Vihar, Delhi - DPCC","03-06-2026 23:00:00",28.647622,77.3158090,CO,34,71,50
India,Delhi,Delhi,"Ashok Vihar, Delhi - DPCC","03-06-2026 23:00:00",28.695381,77.181665,PM2.5,67,171,87
India,Delhi,Delhi,"Ashok Vihar, Delhi - DPCC","03-06-2026 23:00:00",28.695381,77.181665,PM10,105,197,133
India,Delhi,Delhi,"Ashok Vihar, Delhi - DPCC","03-06-2026 23:00:00",28.695381,77.181665,NO2,12,85,39
India,Delhi,Delhi,"Ashok Vihar, Delhi - DPCC","03-06-2026 23:00:00",28.695381,77.181665,CO,19,57,37
India,Delhi,Delhi,"Burari Crossing, Delhi - IITM","03-06-2026 23:00:00",28.7256504,77.2011573,PM10,87,189,129
India,Delhi,Delhi,"Burari Crossing, Delhi - IITM","03-06-2026 23:00:00",28.7256504,77.2011573,NO2,13,44,26
India,Chandigarh,Chandigarh,"Sector-53, Chandigarh - CPCC","03-06-2026 23:00:00",30.719859,76.738637,NH3,13,19,17
India,Chandigarh,Chandigarh,"Sector-53, Chandigarh - CPCC","03-06-2026 23:00:00",30.719859,76.738637,CO,26,104,65
India,Chhattisgarh,Bhilai,"Hathkhoj, Bhilai - CECB","03-06-2026 23:00:00",21.224231,81.408350,PM2.5,16,61,36
India,Chhattisgarh,Bhilai,"Hathkhoj, Bhilai - CECB","03-06-2026 23:00:00",21.224231,81.408350,PM10,29,93,55
India,Chhattisgarh,Bhilai,"Hathkhoj, Bhilai - CECB","03-06-2026 23:00:00",21.224231,81.408350,CO,1,94,40
India,Chhattisgarh,Bilaspur,"Mangala, Bilaspur - NTPC","03-06-2026 23:00:00",22.08815,82.13737,SO2,7,26,13
India,Chhattisgarh,Chhal,"Nawapara SECL Colony, Chhal - CECB","03-06-2026 23:00:00",22.118125,83.140608,PM2.5,27,64,43
India,Chhattisgarh,Chhal,"Nawapara SECL Colony, Chhal - CECB","03-06-2026 23:00:00",22.118125,83.140608,CO,18,54,32
India,Chhattisgarh,Chhal,"Nawapara SECL Colony, Chhal - CECB","03-06-2026 23:00:00",22.118125,83.140608,OZONE,19,45,26
India,Chhattisgarh,Korba,"Urja Nagar, Korba - CECB","03-06-2026 23:00:00",22.348441,82.549611,PM10,NA,NA,NA
India,Chhattisgarh,Korba,"Urja Nagar, Korba - CECB","03-06-2026 23:00:00",22.348441,82.549611,OZONE,NA,NA,NA
India,Chhattisgarh,Kunjemura,"OP Jindal School, Kunjemura - CECB","03-06-2026 23:00:00",22.126650,83.483212,PM2.5,14,69,35
India,Chhattisgarh,Kunjemura,"OP Jindal School, Kunjemura - CECB","03-06-2026 23:00:00",22.126650,83.483212,NH3,2,2,2
India,Chhattisgarh,Kunjemura,"OP Jindal School, Kunjemura - CECB","03-06-2026 23:00:00",22.126650,83.483212,CO,21,57,35
India,Chhattisgarh,Milupara,"Govt. Higher Secondary School, Milupara - CECB","03-06-2026 23:00:00",22.1910172,83.5197009,CO,14,56,24
India,Andhra_Pradesh,Vijayawada,"Rajiv Gandhi Park, Vijayawada - APPCB","03-06-2026 23:00:00",16.509717,80.612222,SO2,11,15,12
India,Andhra_Pradesh,Vijayawada,"Rajiv Gandhi Park, Vijayawada - APPCB","03-06-2026 23:00:00",16.509717,80.612222,OZONE,25,53,31
India,Andhra_Pradesh,Vijayawada,"Rajiv Nagar, Vijayawada - APPCB","03-06-2026 23:00:00",16.554731,80.649110,NO2,7,26,17
India,Andhra_Pradesh,Vijayawada,"Rajiv Nagar, Vijayawada - APPCB","03-06-2026 23:00:00",16.554731,80.649110,SO2,NA,NA,NA
India,Andhra_Pradesh,Vijayawada,"Rajiv Nagar, Vijayawada - APPCB","03-06-2026 23:00:00",16.554731,80.649110,CO,4,89,10
India,Andhra_Pradesh,Visakhapatnam,"GVM Corporation, Visakhapatnam - APPCB","03-06-2026 23:00:00",17.72,83.3,SO2,1,29,9
India,Arunachal_Pradesh,Naharlagun,"Naharlagun, Naharlagun - APSPCB","03-06-2026 23:00:00",27.103358,93.679645,PM10,NA,NA,NA
India,Assam,Byrnihat,"Central Academy for SFS, Byrnihat - PCBA","03-06-2026 23:00:00",26.071318,91.87488,OZONE,20,62,57
India,Assam,Guwahati,"IITG, Guwahati - PCBA","03-06-2026 23:00:00",26.2028636,91.70046436,CO,6,10,9
India,Assam,Guwahati,"LGBI Airport, Guwahati - PCBA","03-06-2026 23:00:00",26.10887,91.589544,PM2.5,24,187,69
India,Assam,Guwahati,"LGBI Airport, Guwahati - PCBA","03-06-2026 23:00:00",26.10887,91.589544,NH3,3,6,4
India,Assam,Guwahati,"Pan Bazaar, Guwahati - PCBA","03-06-2026 23:00:00",26.187500,91.744194,OZONE,14,27,20
India,Bihar,Patna,"Rajbansi Nagar, Patna - BSPCB","03-06-2026 23:00:00",25.599486,85.113666,OZONE,26,35,30
India,Bihar,Rajgir,"Dangi Tola, Rajgir - BSPCB","03-06-2026 23:00:00",25.03280,85.41948,PM2.5,38,107,65
India,Bihar,Rajgir,"Dangi Tola, Rajgir - BSPCB","03-06-2026 23:00:00",25.03280,85.41948,SO2,2,3,3
India,Bihar,Saharsa,"Police Line, Saharsa - BSPCB","03-06-2026 23:00:00",25.892357,86.590325,PM10,35,308,92
India,Bihar,Saharsa,"Police Line, Saharsa - BSPCB","03-06-2026 23:00:00",25.892357,86.590325,NO2,5,10,7
India,Bihar,Saharsa,"Police Line, Saharsa - BSPCB","03-06-2026 23:00:00",25.892357,86.590325,SO2,6,18,17
India,Bihar,Saharsa,"Police Line, Saharsa - BSPCB","03-06-2026 23:00:00",25.892357,86.590325,CO,14,42,39
India,Bihar,Samastipur,"DM Office_Kasipur, Samastipur - BSPCB","03-06-2026 23:00:00",25.859655,85.77944,SO2,NA,NA,NA
India,Bihar,Sasaram,"Dada Peer, Sasaram - BSPCB","03-06-2026 23:00:00",24.952822,84.002396,PM2.5,NA,NA,NA
India,Chandigarh,Chandigarh,"Sector 22, Chandigarh - CPCC","03-06-2026 23:00:00",30.735567,76.775714,PM2.5,22,57,34
India,Chandigarh,Chandigarh,"Sector 22, Chandigarh - CPCC","03-06-2026 23:00:00",30.735567,76.775714,NO2,20,114,34
India,Chandigarh,Chandigarh,"Sector 22, Chandigarh - CPCC","03-06-2026 23:00:00",30.735567,76.775714,OZONE,6,96,64
India,Chandigarh,Chandigarh,"Sector-25, Chandigarh - CPCC","03-06-2026 23:00:00",30.751462,76.762879,NH3,10,12,12
India,Assam,Guwahati,"Railway Colony, Guwahati - PCBA","03-06-2026 23:00:00",26.181742,91.78063,NH3,1,1,1
India,Assam,Nagaon,"Christianpatty, Nagaon - PCBA","03-06-2026 23:00:00",26.349082,92.68449,CO,8,24,16
India,Assam,Nalbari,"Bata Chowk, Nalbari - PCBA","03-06-2026 23:00:00",26.446912,91.439057,PM10,18,127,37
India,Assam,Nalbari,"Bata Chowk, Nalbari - PCBA","03-06-2026 23:00:00",26.446912,91.439057,OZONE,6,19,13
India,Assam,Silchar,"Tarapur, Silchar - PCBA","03-06-2026 23:00:00",24.82827,92.79525,SO2,5,7,6
India,Assam,Silchar,"Tarapur, Silchar - PCBA","03-06-2026 23:00:00",24.82827,92.79525,CO,30,63,56
India,Assam,Silchar,"Tarapur, Silchar - PCBA","03-06-2026 23:00:00",24.82827,92.79525,OZONE,2,6,3
India,Bihar,Arrah,"New DM Office, Arrah - BSPCB","03-06-2026 23:00:00",25.5626095,84.663264,NH3,2,2,2
India,Bihar,Begusarai,"Lohiyanagar, Begusarai - BSPCB","03-06-2026 23:00:00",25.42742023,86.13886079,OZONE,20,45,35
India,Bihar,Bhagalpur,"DM Office_Kachari Chowk, Bhagalpur - BSPCB","03-06-2026 23:00:00",25.251013,86.989001,SO2,1,105,50
India,Bihar,Bhagalpur,"DM Office_Kachari Chowk, Bhagalpur - BSPCB","03-06-2026 23:00:00",25.251013,86.989001,OZONE,15,26,20
India,Bihar,Bhagalpur,"Mayaganj, Bhagalpur - BSPCB","03-06-2026 23:00:00",25.265194,87.012947,NH3,NA,NA,NA
India,Bihar,Bhagalpur,"Mayaganj, Bhagalpur - BSPCB","03-06-2026 23:00:00",25.265194,87.012947,CO,10,35,13
India,Bihar,"Bihar Sharif","D M Colony, Bihar Sharif - BSPCB","03-06-2026 23:00:00",25.204762,85.514960,PM2.5,27,65,45
India,Bihar,Buxar,"Charitra Van, Buxar - BSPCB","03-06-2026 23:00:00",25.567520,83.966379,NH3,3,3,3
India,Bihar,Chhapra,"Darshan Nagar, Chhapra - BSPCB","03-06-2026 23:00:00",25.7808257,84.7446768,NO2,2,3,2
India,Bihar,Chhapra,"Darshan Nagar, Chhapra - BSPCB","03-06-2026 23:00:00",25.7808257,84.7446768,CO,76,110,91
India,Bihar,Chhapra,"Darshan Nagar, Chhapra - BSPCB","03-06-2026 23:00:00",25.7808257,84.7446768,OZONE,3,4,4
India,Bihar,Gaya,"Kareemganj, Gaya - BSPCB","03-06-2026 23:00:00",24.792403,84.992416,SO2,36,44,39
India,Bihar,Hajipur,"Industrial Area, Hajipur - BSPCB","03-06-2026 23:00:00",25.697189,85.245900,NH3,15,21,18
India,Bihar,Katihar,"Mirchaibari, Katihar - BSPCB","03-06-2026 23:00:00",25.560083,87.553265,NO2,9,10,9
India,Bihar,Manguraha,"Forest Rest House, Manguraha - BSPCB","03-06-2026 23:00:00",27.308328,84.531742,OZONE,8,26,11
India,Bihar,Muzaffarpur,"Buddha Colony, Muzaffarpur - BSPCB","03-06-2026 23:00:00",26.11442,85.39813,SO2,4,8,6
India,Bihar,Muzaffarpur,"Muzaffarpur Collectorate, Muzaffarpur - BSPCB","03-06-2026 23:00:00",26.1209,85.3647,PM2.5,58,92,70
India,Bihar,Muzaffarpur,"Muzaffarpur Collectorate, Muzaffarpur - BSPCB","03-06-2026 23:00:00",26.1209,85.3647,SO2,4,9,6
India,Bihar,Patna,"DRM Office Danapur, Patna - BSPCB","03-06-2026 23:00:00",25.586562,85.043586,NH3,9,10,9
India,Bihar,Patna,"Govt. High School Shikarpur, Patna - BSPCB","03-06-2026 23:00:00",25.592539,85.227158,NH3,4,7,5
India,Bihar,Patna,"IGSC Planetarium Complex, Patna - BSPCB","03-06-2026 23:00:00",25.610369,85.132568,CO,32,51,35
India,Bihar,Patna,"IGSC Planetarium Complex, Patna - BSPCB","03-06-2026 23:00:00",25.610369,85.132568,OZONE,59,61,59
India,Bihar,Patna,"Muradpur, Patna - BSPCB","03-06-2026 23:00:00",25.619651,85.147382,CO,42,82,51
India,Bihar,Patna,"Rajbansi Nagar, Patna - BSPCB","03-06-2026 23:00:00",25.599486,85.113666,NH3,2,3,3
India,Bihar,Patna,"Rajbansi Nagar, Patna - BSPCB","03-06-2026 23:00:00",25.599486,85.113666,SO2,1,23,11
India,Delhi,Delhi,"CRRI Mathura Road, Delhi - IITM","03-06-2026 23:00:00",28.5512005,77.2735737,PM2.5,65,215,110
India,Delhi,Delhi,"CRRI Mathura Road, Delhi - IITM","03-06-2026 23:00:00",28.5512005,77.2735737,OZONE,12,188,118
India,Delhi,Delhi,"Cantonment Area, Delhi - DPCC ","03-06-2026 23:00:00","28.594169 ","77.125100 ",NH3,1,2,1
India,Delhi,Delhi,"Chandni Chowk, Delhi - IITM","03-06-2026 23:00:00",28.656756,77.227234,NH3,10,20,13
India,Delhi,Delhi,"Chandni Chowk, Delhi - IITM","03-06-2026 23:00:00",28.656756,77.227234,CO,71,111,90
India,Delhi,Delhi,"DTU, Delhi - CPCB","03-06-2026 23:00:00",28.7500499,77.1112615,NH3,1,1,1
India,Delhi,Delhi,"DTU, Delhi - CPCB","03-06-2026 23:00:00",28.7500499,77.1112615,OZONE,18,31,21
India,Delhi,Delhi,"Dwarka-Sector 8, Delhi - DPCC ","03-06-2026 23:00:00",28.5710274,77.0719006,PM2.5,45,311,107
India,Delhi,Delhi,"Dwarka-Sector 8, Delhi - DPCC ","03-06-2026 23:00:00",28.5710274,77.0719006,SO2,13,23,18
India,Delhi,Delhi,"IGI Airport (T3), Delhi - IITM","03-06-2026 23:00:00",28.5627763,77.1180053,NO2,28,106,66
India,Delhi,Delhi,"IGI Airport (T3), Delhi - IITM","03-06-2026 23:00:00",28.5627763,77.1180053,OZONE,18,180,121
India,Andhra_Pradesh,Eluru,"District Court, Eluru - APPCB","03-06-2026 23:00:00",16.711754,81.092095,NH3,2,5,3
India,Andhra_Pradesh,Eluru,"District Court, Eluru - APPCB","03-06-2026 23:00:00",16.711754,81.092095,CO,8,60,33
India,Andhra_Pradesh,Guntur,"Rajendra Nagar North, Guntur - APPCB","03-06-2026 23:00:00",16.316553,80.413302,PM2.5,63,95,78
India,Andhra_Pradesh,Guntur,"Rajendra Nagar North, Guntur - APPCB","03-06-2026 23:00:00",16.316553,80.413302,OZONE,37,60,42
India,Andhra_Pradesh,Kadapa,"Yerramukkapalli, Kadapa - APPCB","03-06-2026 23:00:00",14.465052,78.824187,NO2,19,26,23
India,Andhra_Pradesh,Nellore,"Ambedkar Nagar, Nellore - APPCB ","03-06-2026 23:00:00","14.438164 ","79.966814 ",PM2.5,34,81,56
India,Andhra_Pradesh,Tirumala,"Toll Gate, Tirumala - APPCB","03-06-2026 23:00:00",13.67,79.35,NO2,29,99,56
India,Andhra_Pradesh,Tirupati,"Vaikuntapuram, Tirupati - APPCB","03-06-2026 23:00:00",13.615387,79.409230,NO2,29,40,34
India,Andhra_Pradesh,Amaravati,"Secretariat, Amaravati - APPCB","03-06-2026 23:00:00",16.5150833,80.5181667,SO2,12,107,20
India,Andhra_Pradesh,Amaravati,"Secretariat, Amaravati - APPCB","03-06-2026 23:00:00",16.5150833,80.5181667,OZONE,35,72,60
India,Andhra_Pradesh,Chittoor,"Gangineni Cheruvu, Chittoor - APPCB","03-06-2026 23:00:00",13.204880,79.097889,PM10,28,163,71
India,Andhra_Pradesh,Eluru,"District Court, Eluru - APPCB","03-06-2026 23:00:00",16.711754,81.092095,PM2.5,46,85,61
India,Haryana,Gurugram,"Teri Gram, Gurugram - HSPCB","03-06-2026 23:00:00",28.4275,77.1465,NO2,NA,NA,NA
India,Haryana,Gurugram,"Vikas Sadan, Gurugram - HSPCB","03-06-2026 23:00:00",28.4501238,77.0263051,PM2.5,16,248,53
India,Haryana,Gurugram,"Vikas Sadan, Gurugram - HSPCB","03-06-2026 23:00:00",28.4501238,77.0263051,SO2,3,8,5
India,Haryana,Hisar,"Urban Estate-II, Hisar - HSPCB","03-06-2026 23:00:00",29.140560,75.744941,PM10,NA,NA,NA
India,Haryana,Hisar,"Urban Estate-II, Hisar - HSPCB","03-06-2026 23:00:00",29.140560,75.744941,NO2,NA,NA,NA
India,Haryana,Jind,"Police Lines, Jind - HSPCB","03-06-2026 23:00:00",29.307814,76.337619,PM10,52,173,107
India,Haryana,Jind,"Police Lines, Jind - HSPCB","03-06-2026 23:00:00",29.307814,76.337619,NO2,11,24,17
India,Haryana,Kaithal,"Rishi Nagar, Kaithal - HSPCB","03-06-2026 23:00:00",29.8006,76.4155,NO2,27,35,32
India,Haryana,Karnal,"Sector-12, Karnal - HSPCB","03-06-2026 23:00:00",29.695300,77.002700,PM2.5,77,264,120
India,Haryana,Karnal,"Sector-12, Karnal - HSPCB","03-06-2026 23:00:00",29.695300,77.002700,OZONE,13,107,63
India,Haryana,Kurukshetra,"Sector-7, Kurukshetra - HSPCB","03-06-2026 23:00:00",29.966942,76.875879,PM10,79,150,113
India,Haryana,Mandikhera,"General Hospital, Mandikhera(Nuh) - HSPCB","03-06-2026 23:00:00",27.9002,76.9938,PM2.5,30,360,75
India,Haryana,Mandikhera,"General Hospital, Mandikhera(Nuh) - HSPCB","03-06-2026 23:00:00",27.9002,76.9938,NO2,19,23,21
India,Haryana,Mandikhera,"General Hospital, Mandikhera(Nuh) - HSPCB","03-06-2026 23:00:00",27.9002,76.9938,CO,36,102,102
India,Haryana,Manesar,"Sector-2 IMT, Manesar - HSPCB","03-06-2026 23:00:00",28.360699,76.936090,PM2.5,69,176,105
India,Haryana,Manesar,"Sector-2 IMT, Manesar - HSPCB","03-06-2026 23:00:00",28.360699,76.936090,PM10,64,118,90
India,Haryana,Manesar,"Sector-2 IMT, Manesar - HSPCB","03-06-2026 23:00:00",28.360699,76.936090,NH3,7,17,13
India,Haryana,Manesar,"Sector-2 IMT, Manesar - HSPCB","03-06-2026 23:00:00",28.360699,76.936090,CO,6,36,24
India,Haryana,Narnaul,"Shastri Nagar, Narnaul - HSPCB","03-06-2026 23:00:00",28.060249,76.113115,NO2,23,38,26
India,Gujarat,Ahmedabad,"Gyaspur, Ahmedabad - IITM","03-06-2026 23:00:00",22.977134,72.553024,OZONE,37,51,43
India,Gujarat,Ahmedabad,"Maninagar, Ahmedabad - GPCB","03-06-2026 23:00:00",23.002657,72.591912,NO2,36,78,54
India,Gujarat,Ahmedabad,"Maninagar, Ahmedabad - GPCB","03-06-2026 23:00:00",23.002657,72.591912,SO2,38,104,70
India,Gujarat,Ahmedabad,"Maninagar, Ahmedabad - GPCB","03-06-2026 23:00:00",23.002657,72.591912,CO,26,82,49
India,Gujarat,Ahmedabad,"Raikhad, Ahmedabad - IITM","03-06-2026 23:00:00",23.020509,72.579261,NO2,7,24,13
India,Gujarat,Ahmedabad,"Raikhad, Ahmedabad - IITM","03-06-2026 23:00:00",23.020509,72.579261,SO2,1,5,3
India,Gujarat,Ahmedabad,"Raikhad, Ahmedabad - IITM","03-06-2026 23:00:00",23.020509,72.579261,OZONE,3,18,13
India,Gujarat,Ahmedabad,"Rakhial, Ahmedabad - IITM","03-06-2026 23:00:00",23.016834,72.625775,NO2,8,43,28
India,Gujarat,Ahmedabad,"Rakhial, Ahmedabad - IITM","03-06-2026 23:00:00",23.016834,72.625775,SO2,10,21,15
India,Gujarat,Ahmedabad,"SAC ISRO Bopal, Ahmedabad - IITM","03-06-2026 23:00:00",23.041137,72.456691,NO2,8,22,14
India,Gujarat,Ahmedabad,"SAC ISRO Bopal, Ahmedabad - IITM","03-06-2026 23:00:00",23.041137,72.456691,SO2,1,3,2
India,Gujarat,Ahmedabad,"SAC ISRO Satellite, Ahmedabad - IITM","03-06-2026 23:00:00",23.023389,72.515201,NH3,4,4,4
India,Gujarat,Ahmedabad,"SAC ISRO Satellite, Ahmedabad - IITM","03-06-2026 23:00:00",23.023389,72.515201,SO2,1,4,2
India,Gujarat,Ahmedabad,"SVPI Airport Hansol, Ahmedabad - IITM","03-06-2026 23:00:00",23.076793,72.627874,NH3,1,2,1
India,Gujarat,Ahmedabad,"SVPI Airport Hansol, Ahmedabad - IITM","03-06-2026 23:00:00",23.076793,72.627874,CO,30,44,36
India,Gujarat,Ahmedabad,"SVPI Airport Hansol, Ahmedabad - IITM","03-06-2026 23:00:00",23.076793,72.627874,OZONE,7,67,40
India,Gujarat,Ankleshwar,"GIDC, Ankleshwar - GPCB","03-06-2026 23:00:00",21.613267,73.010555,NH3,6,8,7
India,Gujarat,Ankleshwar,"GIDC, Ankleshwar - GPCB","03-06-2026 23:00:00",21.613267,73.010555,SO2,14,20,17
India,Gujarat,Bhavnagar,"Vidhyanagar, Bhavnagar - Nexteng Enviro","03-06-2026 23:00:00",21.755417,72.139056,NH3,3,4,4
India,Gujarat,Gandhinagar,"GIFT City, Gandhinagar - IITM","03-06-2026 23:00:00",23.163798,72.677768,SO2,2,10,6
India,Gujarat,Gandhinagar,"GIFT City, Gandhinagar - IITM","03-06-2026 23:00:00",23.163798,72.677768,OZONE,14,75,51
India,Haryana,Ballabgarh,"Nathu Colony, Ballabgarh - HSPCB","03-06-2026 23:00:00",28.3419248,77.319699,PM2.5,26,320,126
India,Haryana,Bhiwani,"H.B. Colony, Bhiwani - HSPCB","03-06-2026 23:00:00",28.806223,76.141105,PM10,124,130,127
India,Haryana,Bhiwani,"H.B. Colony, Bhiwani - HSPCB","03-06-2026 23:00:00",28.806223,76.141105,SO2,1,37,9
India,Haryana,"Charkhi Dadri","Mini Secretariat, Charkhi Dadri - HSPCB","03-06-2026 23:00:00",28.593883,76.270653,SO2,10,12,11
India,Haryana,Dharuhera,"Municipal Corporation Office, Dharuhera -  HSPCB","03-06-2026 23:00:00",28.206800,76.799700,NH3,9,27,20
India,Haryana,Faridabad,"New Industrial Town, Faridabad - HSPCB","03-06-2026 23:00:00",28.39072,77.30059,PM2.5,165,174,171
India,Haryana,Faridabad,"New Industrial Town, Faridabad - HSPCB","03-06-2026 23:00:00",28.39072,77.30059,NO2,24,27,25
India,Haryana,Faridabad,"Sector 11, Faridabad - HSPCB","03-06-2026 23:00:00",28.376058,77.315741,NH3,10,10,10
India,Haryana,Faridabad,"Sector 30, Faridabad - HSPCB","03-06-2026 23:00:00",28.4417,77.3217,PM2.5,183,264,213
India,Haryana,Faridabad,"Sector 30, Faridabad - HSPCB","03-06-2026 23:00:00",28.4417,77.3217,NO2,35,39,38
India,Haryana,Faridabad,"Sector 30, Faridabad - HSPCB","03-06-2026 23:00:00",28.4417,77.3217,OZONE,10,10,10
India,Haryana,Fatehabad,"Huda Sector, Fatehabad - HSPCB","03-06-2026 23:00:00",29.503664,75.467934,PM10,106,120,112
India,Haryana,Fatehabad,"Huda Sector, Fatehabad - HSPCB","03-06-2026 23:00:00",29.503664,75.467934,NH3,13,15,14
India,Gujarat,Mehsana,"Sadanand Nagar, Mehsana - Nexteng Enviro","03-06-2026 23:00:00",23.593150,72.372792,OZONE,8,19,16
India,Gujarat,Nandesari,"GIDC, Nandesari - Nandesari Ind. Association","03-06-2026 23:00:00",22.410802,73.097923,PM2.5,48,239,99
India,Gujarat,Rajkot,"Mavdi, Rajkot - Nexteng Enviro ","03-06-2026 23:00:00",22.248853,70.776774,NO2,77,97,87
India,Gujarat,Surat,"Katargam, Surat - Nexteng Enviro","03-06-2026 23:00:00","21.217779 ","72.834787 ",NO2,4,21,14
India,Gujarat,Surat,"Science Center, Surat - SMC","03-06-2026 23:00:00",21.170046,72.795405,SO2,14,16,15
India,Gujarat,Surat,"Science Center, Surat - SMC","03-06-2026 23:00:00",21.170046,72.795405,CO,44,54,50
India,Gujarat,Vapi,"Phase-1 GIDC, Vapi - GPCB","03-06-2026 23:00:00",20.362421,72.918013,NO2,15,16,16
India,Gujarat,Vatva,"Phase-4 GIDC, Vatva - GPCB","03-06-2026 23:00:00",22.969611,72.643500,SO2,23,39,29
India,Gujarat,Vatva,"Phase-4 GIDC, Vatva - GPCB","03-06-2026 23:00:00",22.969611,72.643500,CO,12,158,37
India,Haryana,Ambala,"Patti Mehar, Ambala - HSPCB","03-06-2026 23:00:00",30.379589,76.778328,NO2,21,55,31
India,Haryana,Bahadurgarh,"Arya Nagar, Bahadurgarh - HSPCB","03-06-2026 23:00:00",28.6701,76.9254,PM2.5,86,160,111
India,Haryana,Bahadurgarh,"Arya Nagar, Bahadurgarh - HSPCB","03-06-2026 23:00:00",28.6701,76.9254,NO2,12,14,13
India,Haryana,Narnaul,"Shastri Nagar, Narnaul - HSPCB","03-06-2026 23:00:00",28.060249,76.113115,OZONE,11,54,25
India,Haryana,Palwal,"Shyam Nagar, Palwal - HSPCB","03-06-2026 23:00:00",28.1485564,77.3320667,OZONE,93,269,219
India,Haryana,Panipat,"Sector-18, Panipat - HSPCB","03-06-2026 23:00:00",29.432304,76.972765,PM10,112,117,115
India,Haryana,Panipat,"Sector-18, Panipat - HSPCB","03-06-2026 23:00:00",29.432304,76.972765,SO2,18,19,19
India,Haryana,Sirsa,"F-Block, Sirsa - HSPCB","03-06-2026 23:00:00",29.536400,75.015800,CO,74,103,88
India,Haryana,Sonipat,"Murthal, Sonipat - HSPCB","03-06-2026 23:00:00",29.027200,77.062100,PM2.5,101,114,108
India,Haryana,Sonipat,"Murthal, Sonipat - HSPCB","03-06-2026 23:00:00",29.027200,77.062100,NO2,31,32,31
India,Haryana,Sonipat,"Murthal, Sonipat - HSPCB","03-06-2026 23:00:00",29.027200,77.062100,OZONE,47,52,50
India,Haryana,"Yamuna Nagar","Gobind Pura, Yamuna Nagar - HSPCB","03-06-2026 23:00:00",30.1480566,77.2893471,PM10,89,271,123
India,Haryana,"Yamuna Nagar","Gobind Pura, Yamuna Nagar - HSPCB","03-06-2026 23:00:00",30.1480566,77.2893471,SO2,10,15,12
India,"Himachal Pradesh",Baddi,"HIMUDA Complex Phase-1, Baddi - HPPCB","03-06-2026 23:00:00",30.943887,76.801991,NH3,4,6,5
India,"Himachal Pradesh",Baddi,"HIMUDA Complex Phase-1, Baddi - HPPCB","03-06-2026 23:00:00",30.943887,76.801991,CO,50,80,60
India,Delhi,Delhi,"NSUT Jaffarpur, Delhi - DPCC","03-06-2026 23:00:00","28.594004 ","76.909423 ",PM2.5,59,151,111
India,Delhi,Delhi,"Najafgarh, Delhi - DPCC","03-06-2026 23:00:00",28.570173,76.933762,CO,50,118,59
India,Delhi,Delhi,"Narela, Delhi - DPCC","03-06-2026 23:00:00",28.822836,77.101981,NO2,5,65,31
India,Delhi,Delhi,"Narela, Delhi - DPCC","03-06-2026 23:00:00",28.822836,77.101981,NH3,7,9,8
India,Delhi,Delhi,"Narela, Delhi - DPCC","03-06-2026 23:00:00",28.822836,77.101981,OZONE,2,18,11
India,Delhi,Delhi,"Nehru Nagar, Delhi - DPCC","03-06-2026 23:00:00",28.567890,77.250515,OZONE,5,119,69
India,Delhi,Delhi,"North Campus, DU, Delhi - IITM","03-06-2026 23:00:00",28.6573814,77.1585447,PM2.5,14,221,99
India,Delhi,Delhi,"Okhla Phase-2, Delhi - DPCC","03-06-2026 23:00:00",28.530785,77.271255,PM10,99,279,173
India,Delhi,Delhi,"Patparganj, Delhi - DPCC","03-06-2026 23:00:00",28.623763,77.287209,PM10,101,330,161
India,Delhi,Delhi,"Patparganj, Delhi - DPCC","03-06-2026 23:00:00",28.623763,77.287209,CO,54,97,70
India,Delhi,Delhi,"Pusa, Delhi - DPCC","03-06-2026 23:00:00",28.639652,77.146275,NO2,12,75,46
India,Delhi,Delhi,"Pusa, Delhi - IITM","03-06-2026 23:00:00",28.636110,77.173332,PM10,82,172,128
India,Delhi,Delhi,"Pusa, Delhi - IITM","03-06-2026 23:00:00",28.636110,77.173332,CO,36,70,51
India,Delhi,Delhi,"Sonia Vihar, Delhi - DPCC","03-06-2026 23:00:00",28.710508,77.249485,PM2.5,52,310,110
India,Delhi,Delhi,"Sonia Vihar, Delhi - DPCC","03-06-2026 23:00:00",28.710508,77.249485,PM10,105,254,144
India,Delhi,Delhi,"Sonia Vihar, Delhi - DPCC","03-06-2026 23:00:00",28.710508,77.249485,NO2,9,72,35
India,Delhi,Delhi,"Sonia Vihar, Delhi - DPCC","03-06-2026 23:00:00",28.710508,77.249485,SO2,18,36,25
India,Delhi,Delhi,"Sri Aurobindo Marg, Delhi - DPCC","03-06-2026 23:00:00",28.531346,77.190156,PM10,92,199,121
India,Delhi,Delhi,"Sri Aurobindo Marg, Delhi - DPCC","03-06-2026 23:00:00",28.531346,77.190156,OZONE,2,119,59
India,Delhi,Delhi,"Talkatora Garden, Delhi - DPCC","03-06-2026 23:00:00",28.621810,77.1944633,PM2.5,NA,NA,NA
India,Delhi,Delhi,"Talkatora Garden, Delhi - DPCC","03-06-2026 23:00:00",28.621810,77.1944633,NO2,10,44,22
India,Delhi,Delhi,"Vivek Vihar, Delhi - DPCC","03-06-2026 23:00:00",28.672342,77.315260,NO2,36,124,70
India,Delhi,Delhi,"Wazirpur, Delhi - DPCC","03-06-2026 23:00:00",28.699793,77.165453,OZONE,7,63,40
India,Gujarat,Ahmedabad,"Chandkheda, Ahmedabad - IITM","03-06-2026 23:00:00",23.107969,72.574648,NO2,8,49,21
India,Gujarat,Ahmedabad,"Chandkheda, Ahmedabad - IITM","03-06-2026 23:00:00",23.107969,72.574648,SO2,2,10,6
India,Gujarat,Ahmedabad,"Gyaspur, Ahmedabad - IITM","03-06-2026 23:00:00",22.977134,72.553024,PM10,64,141,103
India,Jharkhand,Dhanbad,"Sardar Patel Nagar, Dhanbad - JSPCB","03-06-2026 23:00:00",23.80569,86.44268,NO2,95,99,97
India,Karnataka,Bagalkot,"Vidayagiri, Bagalkot - KSPCB","03-06-2026 23:00:00",16.172806,75.659694,NO2,11,12,12
India,Karnataka,Bagalkot,"Vidayagiri, Bagalkot - KSPCB","03-06-2026 23:00:00",16.172806,75.659694,NH3,1,1,1
India,Karnataka,Bagalkot,"Vidayagiri, Bagalkot - KSPCB","03-06-2026 23:00:00",16.172806,75.659694,CO,2,52,33
India,Karnataka,Bengaluru,"BWSSB Kadabesanahalli, Bengaluru - CPCB","03-06-2026 23:00:00",12.9352049,77.6814488,CO,34,38,37
India,Karnataka,Bengaluru,"Bapuji Nagar, Bengaluru - KSPCB","03-06-2026 23:00:00",12.951913,77.539784,CO,18,48,32
India,Karnataka,Bengaluru,"City Railway Station, Bengaluru - KSPCB","03-06-2026 23:00:00",12.9756843,77.5660749,SO2,NA,NA,NA
India,Karnataka,Bengaluru,"City Railway Station, Bengaluru - KSPCB","03-06-2026 23:00:00",12.9756843,77.5660749,CO,44,53,47
India,Karnataka,Bengaluru,"Hombegowda Nagar, Bengaluru - KSPCB","03-06-2026 23:00:00",12.938539,77.590100,OZONE,1,9,8
India,Delhi,Delhi,"IIT Delhi, Delhi - IITM","03-06-2026 23:00:00",28.542460,77.191651,NO2,7,60,25
India,Delhi,Delhi,"IIT Delhi, Delhi - IITM","03-06-2026 23:00:00",28.542460,77.191651,CO,34,92,57
India,Delhi,Delhi,"IIT Delhi, Delhi - IITM","03-06-2026 23:00:00",28.542460,77.191651,OZONE,17,87,51
India,Delhi,Delhi,"ITO, Delhi - CPCB","03-06-2026 23:00:00",28.628624,77.241060,PM10,82,160,126
India,Delhi,Delhi,"ITO, Delhi - CPCB","03-06-2026 23:00:00",28.628624,77.241060,CO,38,102,75
India,Delhi,Delhi,"JNU, Delhi - DPCC","03-06-2026 23:00:00","28.540721 ","77.168544 ",NH3,1,9,3
India,Delhi,Delhi,"JNU, Delhi - DPCC","03-06-2026 23:00:00","28.540721 ","77.168544 ",OZONE,4,48,26
India,Delhi,Delhi,"Major Dhyan Chand National Stadium, Delhi - DPCC","03-06-2026 23:00:00",28.611281,77.237738,OZONE,7,100,56
India,Delhi,Delhi,"Mandir Marg, Delhi - DPCC","03-06-2026 23:00:00",28.636429,77.201067,NO2,21,56,35
India,Delhi,Delhi,"Mundka, Delhi - DPCC","03-06-2026 23:00:00",28.684678,77.076574,CO,50,82,62
India,Maharashtra,Belapur,"CBD Belapur, Belapur - MPCB","03-06-2026 23:00:00",19.0243902,73.0406721,NH3,1,7,4
India,Maharashtra,Belapur,"CBD Belapur, Belapur - MPCB","03-06-2026 23:00:00",19.0243902,73.0406721,OZONE,4,61,20
India,Maharashtra,Boisar,"Khaira, Boisar - MPCB","03-06-2026 23:00:00",19.786089,72.757971,NH3,NA,NA,NA
India,Maharashtra,Boisar,"Khaira, Boisar - MPCB","03-06-2026 23:00:00",19.786089,72.757971,CO,2,26,13
India,Maharashtra,Chandrapur,"Chauhan Colony, Chandrapur - MPCB","03-06-2026 23:00:00",19.962900,79.298714,SO2,5,9,7
India,Maharashtra,Chandrapur,"MIDC Khutala, Chandrapur - MPCB","03-06-2026 23:00:00",19.9775302,79.2337086,OZONE,2,153,78
India,Maharashtra,Dhule,"Deopur, Dhule - MPCB","03-06-2026 23:00:00",20.918946,74.776388,PM2.5,27,82,50
India,Maharashtra,Dhule,"Deopur, Dhule - MPCB","03-06-2026 23:00:00",20.918946,74.776388,NO2,6,24,9
India,Maharashtra,Dhule,"Deopur, Dhule - MPCB","03-06-2026 23:00:00",20.918946,74.776388,NH3,1,3,1
India,Maharashtra,Dombivli,"Kalu Nagar, Dombivli - MPCB","03-06-2026 23:00:00","19.2268427 ","73.0788456 ",PM2.5,2,74,21
India,Maharashtra,Dombivli,"Kalu Nagar, Dombivli - MPCB","03-06-2026 23:00:00","19.2268427 ","73.0788456 ",NO2,10,27,17
India,Maharashtra,Dombivli,"Kalu Nagar, Dombivli - MPCB","03-06-2026 23:00:00","19.2268427 ","73.0788456 ",OZONE,2,68,28
India,Maharashtra,Hingoli,"Ashta Vinayak Nagar, Hingoli - MPCB","03-06-2026 23:00:00",19.710842,77.151824,OZONE,26,142,111
India,Maharashtra,Jalgaon,"Prabhat Colony, Jalgaon - MPCB","03-06-2026 23:00:00",21.001264,75.565602,PM10,47,119,72
India,Maharashtra,Jalgaon,"Prabhat Colony, Jalgaon - MPCB","03-06-2026 23:00:00",21.001264,75.565602,NH3,3,6,4
India,Maharashtra,Jalgaon,"Prabhat Colony, Jalgaon - MPCB","03-06-2026 23:00:00",21.001264,75.565602,CO,19,50,32
India,Maharashtra,Jalna,"Old MIDC, Jalna - MPCB","03-06-2026 23:00:00",19.854616,75.905894,PM2.5,24,43,32
India,Maharashtra,Kalyan,"Pimpleshwar Mandir, Kalyan - MPCB","03-06-2026 23:00:00",19.192056,72.9585188,SO2,3,15,12
India,Maharashtra,Latur,"Sawe Wadi, Latur - MPCB","03-06-2026 23:00:00",18.39963,76.57452,NO2,8,71,21
India,Maharashtra,Latur,"Sawe Wadi, Latur - MPCB","03-06-2026 23:00:00",18.39963,76.57452,SO2,1,6,5
India,Maharashtra,Latur,"Sawe Wadi, Latur - MPCB","03-06-2026 23:00:00",18.39963,76.57452,CO,5,40,27
India,Maharashtra,Mahad,"Kamble Tarf Birwadi, Mahad - MPCB","03-06-2026 23:00:00",18.1023399,73.4783687,NO2,NA,NA,NA
India,Maharashtra,Mahad,"Kamble Tarf Birwadi, Mahad - MPCB","03-06-2026 23:00:00",18.1023399,73.4783687,CO,14,44,36
India,Maharashtra,Mira-Bhayandar,"Bhayandar West, Mira-Bhayandar - MPCB","03-06-2026 23:00:00",19.296481,72.840923,PM10,17,41,30
India,Maharashtra,Mumbai,"Bandra Kurla Complex, Mumbai - IITM","03-06-2026 23:00:00",19.053536,72.84643,PM2.5,NA,NA,NA
India,Maharashtra,Mumbai,"Bandra Kurla Complex, Mumbai - IITM","03-06-2026 23:00:00",19.053536,72.84643,NO2,NA,NA,NA
India,Maharashtra,Mumbai,"Bandra Kurla Complex, Mumbai - IITM","03-06-2026 23:00:00",19.053536,72.84643,CO,6,33,19
India,Maharashtra,Mumbai,"Bandra Kurla Complex, Mumbai - MPCB","03-06-2026 23:00:00",19.065931,72.862131,PM2.5,16,53,32
India,Maharashtra,Mumbai,"Bandra Kurla Complex, Mumbai - MPCB","03-06-2026 23:00:00",19.065931,72.862131,PM10,38,69,55
India,Maharashtra,Mumbai,"Bandra Kurla Complex, Mumbai - MPCB","03-06-2026 23:00:00",19.065931,72.862131,CO,8,12,10
India,Maharashtra,Mumbai,"Borivali East, Mumbai - IITM","03-06-2026 23:00:00",19.23241,72.86895,CO,16,66,23
India,Maharashtra,Mumbai,"Borivali East, Mumbai - MPCB","03-06-2026 23:00:00",19.2243333,72.8658113,SO2,NA,NA,NA
India,Maharashtra,Mumbai,"Byculla, Mumbai - BMC","03-06-2026 23:00:00",18.9767,72.8380,NO2,13,46,22
India,Karnataka,Mangalore,"Kadri, Mangalore - KSPCB","03-06-2026 23:00:00",12.889250,74.853000,PM10,1,32,16
India,Karnataka,Mysuru,"Hebbal 1st Stage, Mysuru - KSPCB","03-06-2026 23:00:00",12.21041,76.37376,NH3,NA,NA,NA
India,Karnataka,Ramanagara,"Vijay Nagar, Ramanagara - KSPCB","03-06-2026 23:00:00",12.733409,77.298051,PM2.5,10,38,23
India,Karnataka,Shivamogga,"Vinoba Nagara, Shivamogga - KSPCB","03-06-2026 23:00:00",13.940000,75.555917,PM2.5,26,35,30
India,Karnataka,Shivamogga,"Vinoba Nagara, Shivamogga - KSPCB","03-06-2026 23:00:00",13.940000,75.555917,SO2,1,7,4
India,Karnataka,Vijayapura,"Ibrahimpur, Vijayapura - KSPCB","03-06-2026 23:00:00",16.802639,75.722694,NO2,11,12,11
India,Kerala,Kollam,"Polayathode, Kollam - Kerala PCB","03-06-2026 23:00:00",8.8787,76.6073,PM2.5,43,53,47
India,Kerala,Kollam,"Polayathode, Kollam - Kerala PCB","03-06-2026 23:00:00",8.8787,76.6073,PM10,72,82,77
India,Kerala,Thiruvananthapuram,"Kariavattom, Thiruvananthapuram - Kerala PCB","03-06-2026 23:00:00",8.563700,76.886500,CO,19,24,21
India,Kerala,Thiruvananthapuram,"Kariavattom, Thiruvananthapuram - Kerala PCB","03-06-2026 23:00:00",8.563700,76.886500,OZONE,30,31,31
India,Kerala,Thiruvananthapuram,"Plammoodu, Thiruvananthapuram - Kerala PCB","03-06-2026 23:00:00",8.5149093,76.9435879,NO2,NA,NA,NA
India,Kerala,Thrissur,"Corporation Ground, Thrissur - Kerala PCB","03-06-2026 23:00:00",10.532400,76.215900,PM2.5,36,47,43
India,Kerala,Thrissur,"Corporation Ground, Thrissur - Kerala PCB","03-06-2026 23:00:00",10.532400,76.215900,NO2,8,9,8
India,"Madhya Pradesh",Bhopal,"Paryavaran Parisar, Bhopal - MPPCB","03-06-2026 23:00:00",23.210494,77.425409,PM2.5,13,58,29
India,"Madhya Pradesh",Bhopal,"Paryavaran Parisar, Bhopal - MPPCB","03-06-2026 23:00:00",23.210494,77.425409,NO2,10,30,15
India,"Madhya Pradesh",Bhopal,"Paryavaran Parisar, Bhopal - MPPCB","03-06-2026 23:00:00",23.210494,77.425409,CO,23,36,30
India,"Madhya Pradesh",Bhopal,"T T Nagar, Bhopal - MPPCB","03-06-2026 23:00:00",23.233584,77.400574,NH3,5,6,6
India,"Madhya Pradesh",Dewas,"Bhopal Chauraha, Dewas - MPPCB","03-06-2026 23:00:00",22.9682591,76.064118,SO2,22,47,34
India,"Madhya Pradesh",Gwalior,"City Center, Gwalior - MPPCB","03-06-2026 23:00:00",26.203442,78.193251,NO2,31,112,52
India,"Madhya Pradesh",Gwalior,"Deen Dayal Nagar, Gwalior - MPPCB","03-06-2026 23:00:00",26.259242,78.216432,NO2,21,49,30
India,"Madhya Pradesh",Gwalior,"Maharaj Bada, Gwalior - MPPCB","03-06-2026 23:00:00",26.200388,78.147714,PM2.5,30,72,50
India,"Madhya Pradesh",Indore,"Chhoti Gwaltoli, Indore - MPPCB","03-06-2026 23:00:00",22.4310,75.5213,NO2,54,154,114
India,"Madhya Pradesh",Indore,"Maguda Nagar, Indore - IMC","03-06-2026 23:00:00",22.7524,75.8872,PM10,7,61,42
India,"Madhya Pradesh",Indore,"Maguda Nagar, Indore - IMC","03-06-2026 23:00:00",22.7524,75.8872,OZONE,12,14,14
India,"Madhya Pradesh",Indore,"Regional Park, Indore - IMC","03-06-2026 23:00:00",22.6780,75.8559,SO2,23,28,26
India,Karnataka,Bengaluru,"Shivapura_Peenya, Bengaluru - KSPCB","03-06-2026 23:00:00",13.0246342,77.5080115,SO2,NA,NA,NA
India,Karnataka,Bengaluru,"Silk Board, Bengaluru - KSPCB","03-06-2026 23:00:00",12.917348,77.622813,CO,26,68,35
India,Karnataka,Chamarajanagar,"Urban, Chamarajanagar - KSPCB","03-06-2026 23:00:00",11.55358,76.55521,NH3,1,3,2
India,Karnataka,Chikkaballapur,"Chikkaballapur Rural, Chikkaballapur - KSPCB","03-06-2026 23:00:00",13.428828,77.731418,PM2.5,11,34,22
India,Karnataka,Chikkaballapur,"Chikkaballapur Rural, Chikkaballapur - KSPCB","03-06-2026 23:00:00",13.428828,77.731418,PM10,15,70,34
India,Karnataka,Chikkaballapur,"Chikkaballapur Rural, Chikkaballapur - KSPCB","03-06-2026 23:00:00",13.428828,77.731418,OZONE,45,56,49
India,Karnataka,Chikkamagaluru,"Kalyana Nagara, Chikkamagaluru - KSPCB","03-06-2026 23:00:00",13.328028,75.797056,NO2,NA,NA,NA
India,Karnataka,Hubballi,"Lingaraj Nagar, Hubballi - KSPCB","03-06-2026 23:00:00",15.3714823,75.1160168,CO,12,18,14
India,Karnataka,Kalaburagi,"Mahatma Basaveswar Colony, Kalaburgi - KSPCB","03-06-2026 23:00:00",17.336318,76.847397,PM10,16,38,25
India,Karnataka,Kalaburagi,"Mahatma Basaveswar Colony, Kalaburgi - KSPCB","03-06-2026 23:00:00",17.336318,76.847397,NO2,11,14,12
India,Karnataka,Koppal,"Diwator Nagar, Koppal - KSPCB","03-06-2026 23:00:00",15.347630,76.181767,NO2,NA,NA,NA
India,Maharashtra,Mumbai,"Chakala-Andheri East, Mumbai - IITM","03-06-2026 23:00:00",19.11074,72.86084,PM2.5,15,45,25
India,Maharashtra,Mumbai,"Chembur, Mumbai - MPCB","03-06-2026 23:00:00",19.0364585,72.8954371,NO2,10,69,24
India,Maharashtra,Mumbai,"Chhatrapati Shivaji Intl. Airport (T2), Mumbai - MPCB","03-06-2026 23:00:00",19.10078,72.87462,PM10,12,55,31
India,Maharashtra,Mumbai,"Deonar, Mumbai - IITM","03-06-2026 23:00:00",19.04946,72.9230,CO,45,57,52
India,Maharashtra,Mumbai,"Kandivali West, Mumbai - BMC","03-06-2026 23:00:00",19.215859,72.831718,NH3,1,2,2
India,Maharashtra,Mumbai,"Kandivali West, Mumbai - BMC","03-06-2026 23:00:00",19.215859,72.831718,SO2,1,6,4
India,Maharashtra,Mumbai,"Kherwadi_Bandra East, Mumbai - MPCB","03-06-2026 23:00:00",19.0632143,72.8456324,PM10,32,67,45
India,Maharashtra,Mumbai,"Kherwadi_Bandra East, Mumbai - MPCB","03-06-2026 23:00:00",19.0632143,72.8456324,NH3,1,8,4
India,Maharashtra,Mumbai,"Kherwadi_Bandra East, Mumbai - MPCB","03-06-2026 23:00:00",19.0632143,72.8456324,OZONE,4,56,9
India,Maharashtra,Mumbai,"Khindipada-Bhandup West, Mumbai - IITM","03-06-2026 23:00:00",19.1653323,72.922099,CO,10,28,19
India,Maharashtra,Mumbai,"Kurla, Mumbai - MPCB","03-06-2026 23:00:00",19.0863,72.8888,NO2,6,7,6
India,"Madhya Pradesh",Ratlam,"Shasthri Nagar, Ratlam - IPCA Lab","03-06-2026 23:00:00",23.331731,75.045981,PM2.5,22,73,48
India,"Madhya Pradesh",Sagar,"Civil Lines, Sagar - MPPCB","03-06-2026 23:00:00",23.838586,78.759431,CO,30,60,36
India,"Madhya Pradesh",Satna,"Bandhavgar Colony, Satna - Birla Cement","03-06-2026 23:00:00",24.58434363,80.8549414,NO2,12,13,12
India,"Madhya Pradesh",Singrauli,"Suryakiran Bhawan NCL, Singrauli - MPPCB","03-06-2026 23:00:00",24.108970,82.645580,NH3,1,2,2
India,"Madhya Pradesh",Ujjain,"Mahashweta Nagar, Ujjain - MPPCB","03-06-2026 23:00:00",23.1633321,75.800225,NO2,25,52,35
India,"Madhya Pradesh",Ujjain,"Mahashweta Nagar, Ujjain - MPPCB","03-06-2026 23:00:00",23.1633321,75.800225,SO2,3,5,4
India,"Madhya Pradesh",Ujjain,"Mahashweta Nagar, Ujjain - MPPCB","03-06-2026 23:00:00",23.1633321,75.800225,OZONE,23,85,72
India,Maharashtra,Akola,"Ramdaspeth, Akola - MPCB","03-06-2026 23:00:00",20.719516,77.000253,NH3,7,8,8
India,Maharashtra,Akola,"Ramdaspeth, Akola - MPCB","03-06-2026 23:00:00",20.719516,77.000253,SO2,16,24,19
India,Maharashtra,Akola,"Ramdaspeth, Akola - MPCB","03-06-2026 23:00:00",20.719516,77.000253,CO,18,30,20
India,Maharashtra,Ambernath,"Chinchpada, Ambernath - MPCB","03-06-2026 23:00:00",19.2157840,73.1997810,NH3,3,4,3
India,Maharashtra,Ambernath,"Chinchpada, Ambernath - MPCB","03-06-2026 23:00:00",19.2157840,73.1997810,CO,6,18,9
India,Maharashtra,Amravati,"Shivneri Colony, Amravati - MPCB","03-06-2026 23:00:00",20.9402359,77.7895248,NO2,7,39,19
India,Maharashtra,Amravati,"Shivneri Colony, Amravati - MPCB","03-06-2026 23:00:00",20.9402359,77.7895248,SO2,7,9,8
India,Maharashtra,Aurangabad,"MIDC Chilkalthana, Aurangabad - MPCB","03-06-2026 23:00:00",19.875620,75.387310,PM2.5,25,59,40
India,Maharashtra,Aurangabad,"Rachnakar Colony, Aurangabad - MPCB","03-06-2026 23:00:00",19.863756,75.321188,NO2,7,30,12
India,Maharashtra,Badlapur,"Katrap, Badlapur - MPCB","03-06-2026 23:00:00",19.16485,73.23409,CO,34,43,40
India,Maharashtra,Badlapur,"Katrap, Badlapur - MPCB","03-06-2026 23:00:00",19.16485,73.23409,OZONE,53,58,56
India,Maharashtra,Belapur,"CBD Belapur, Belapur - MPCB","03-06-2026 23:00:00",19.0243902,73.0406721,PM2.5,36,96,59
India,Maharashtra,Belapur,"CBD Belapur, Belapur - MPCB","03-06-2026 23:00:00",19.0243902,73.0406721,PM10,53,127,84
India,"Madhya Pradesh",Jabalpur,"Govindh Bhavan Colony, Jabalpur - JMC","03-06-2026 23:00:00",23.163174,79.973061,CO,30,56,40
India,"Madhya Pradesh",Jabalpur,"Gupteshwar, Jabalpur - JMC","03-06-2026 23:00:00",23.142888,79.916147,PM10,NA,NA,NA
India,"Madhya Pradesh",Jabalpur,"Marhatal, Jabalpur - MPPCB","03-06-2026 23:00:00",23.168606,79.932247,NH3,1,3,2
India,"Madhya Pradesh",Jabalpur,"Marhatal, Jabalpur - MPPCB","03-06-2026 23:00:00",23.168606,79.932247,SO2,4,13,7
India,"Madhya Pradesh",Jabalpur,"Suhagi, Jabalpur - JMC","03-06-2026 23:00:00",23.218135,79.957770,PM2.5,17,53,37
India,"Madhya Pradesh",Jabalpur,"Suhagi, Jabalpur - JMC","03-06-2026 23:00:00",23.218135,79.957770,NO2,33,41,36
India,"Madhya Pradesh",Katni,"Gole Bazar, Katni - MPPCB","03-06-2026 23:00:00",23.50016,80.23284,SO2,20,117,48
India,"Madhya Pradesh",Katni,"Gole Bazar, Katni - MPPCB","03-06-2026 23:00:00",23.50016,80.23284,OZONE,23,94,59
India,"Madhya Pradesh",Mandideep,"Sector-D Industrial Area, Mandideep - MPPCB","03-06-2026 23:00:00",23.108440,77.511428,OZONE,34,93,65
India,Maharashtra,Thane,"Kasarvadavali, Thane - MPCB","03-06-2026 23:00:00",19.26777,72.97182,NO2,24,311,61
India,Maharashtra,Thane,"Upvan Fort, Thane - MPCB","03-06-2026 23:00:00",19.222279,72.957979,SO2,9,12,10
India,Maharashtra,Ulhasnagar,"Sidhi Vinayak Nagar, Ulhasnagar - MPCB","03-06-2026 23:00:00",19.235581,73.159121,SO2,2,9,5
India,Maharashtra,Ulhasnagar,"Sidhi Vinayak Nagar, Ulhasnagar - MPCB","03-06-2026 23:00:00",19.235581,73.159121,CO,14,28,18
India,Maharashtra,Ulhasnagar,"Sidhi Vinayak Nagar, Ulhasnagar - MPCB","03-06-2026 23:00:00",19.235581,73.159121,OZONE,7,86,26
India,Maharashtra,Ulhasnagar,"Vithalwadi, Ulhasnagar - MPCB","03-06-2026 23:00:00","19.2307571 ",73.1551920,SO2,4,11,8
India,Maharashtra,Virar,"Bolinj, Virar - MPCB","03-06-2026 23:00:00",19.4458210,72.7988231,NO2,7,48,16
India,Meghalaya,Byrnihat,"15th Mile-Nongthymmai, Byrnihat - Meghalaya PCB","03-06-2026 23:00:00",26.05374,91.86796,PM2.5,76,434,231
India,Meghalaya,Byrnihat,"15th Mile-Nongthymmai, Byrnihat - Meghalaya PCB","03-06-2026 23:00:00",26.05374,91.86796,PM10,82,442,200
India,Meghalaya,Shillong,"JN Stadium, Shillong - Meghalaya PCB","03-06-2026 23:00:00",25.5803419,91.8942571,NO2,31,49,39
India,Meghalaya,Shillong,"JN Stadium, Shillong - Meghalaya PCB","03-06-2026 23:00:00",25.5803419,91.8942571,CO,6,19,16
India,Mizoram,Aizawl,"Sikulpuikawn, Aizawl - Mizoram PCB","03-06-2026 23:00:00",23.7176342,92.7192841,NO2,1,2,1
India,Nagaland,Kohima,"PWD Junction, Kohima - NPCB","03-06-2026 23:00:00",25.6635413,94.0989878,PM10,22,55,34
India,Nagaland,Kohima,"PWD Junction, Kohima - NPCB","03-06-2026 23:00:00",25.6635413,94.0989878,NH3,1,1,1
India,Nagaland,Kohima,"PWD Junction, Kohima - NPCB","03-06-2026 23:00:00",25.6635413,94.0989878,OZONE,NA,NA,NA
India,Odisha,Angul,"Hakimapada, Angul - OSPCB","03-06-2026 23:00:00",20.832874,85.104082,PM2.5,10,321,113
India,Odisha,Angul,"Hakimapada, Angul - OSPCB","03-06-2026 23:00:00",20.832874,85.104082,NH3,2,5,3
India,Odisha,Angul,"Hakimapada, Angul - OSPCB","03-06-2026 23:00:00",20.832874,85.104082,SO2,3,23,15
India,Odisha,Balasore,"Kalidaspur, Balasore - OSPCB","03-06-2026 23:00:00",21.51161,86.89088,PM10,39,141,82
India,Maharashtra,Nagpur,"Mahal, Nagpur - MPCB","03-06-2026 23:00:00",21.14472,79.107595,PM2.5,44,83,66
India,Maharashtra,Nagpur,"Mahal, Nagpur - MPCB","03-06-2026 23:00:00",21.14472,79.107595,PM10,56,103,81
India,Maharashtra,Nagpur,"Mahal, Nagpur - MPCB","03-06-2026 23:00:00",21.14472,79.107595,SO2,21,91,49
India,Maharashtra,Nagpur,"Mahal, Nagpur - MPCB","03-06-2026 23:00:00",21.14472,79.107595,OZONE,34,144,82
India,Maharashtra,Nagpur,"Opp GPO Civil Lines, Nagpur - MPCB","03-06-2026 23:00:00",21.152875,79.0517531,CO,10,83,57
India,Maharashtra,Nagpur,"Ram Nagar, Nagpur - MPCB","03-06-2026 23:00:00",21.143383,79.048912,NH3,3,5,4
India,Maharashtra,Nagpur,"Ram Nagar, Nagpur - MPCB","03-06-2026 23:00:00",21.143383,79.048912,SO2,4,31,9
India,Maharashtra,Nanded,"Sneh Nagar, Nanded - MPCB","03-06-2026 23:00:00",19.173852,77.296291,PM10,43,74,55
India,Maharashtra,Nanded,"Sneh Nagar, Nanded - MPCB","03-06-2026 23:00:00",19.173852,77.296291,NO2,NA,NA,NA
India,Maharashtra,Nanded,"Sneh Nagar, Nanded - MPCB","03-06-2026 23:00:00",19.173852,77.296291,CO,20,28,24
India,Maharashtra,Nashik,"Gangapur Road, Nashik - MPCB","03-06-2026 23:00:00",20.0073285,73.7762427,PM10,17,62,39
India,Maharashtra,Nashik,"Hirawadi, Nashik - MPCB","03-06-2026 23:00:00",20.021503,73.813844,PM10,31,63,45
India,Maharashtra,Nashik,"MIDC Ambad, Nashik - MPCB","03-06-2026 23:00:00",19.950220,73.731480,PM2.5,NA,NA,NA
India,Maharashtra,Nashik,"MIDC Ambad, Nashik - MPCB","03-06-2026 23:00:00",19.950220,73.731480,PM10,NA,NA,NA
India,Maharashtra,Nashik,"MIDC Ambad, Nashik - MPCB","03-06-2026 23:00:00",19.950220,73.731480,OZONE,27,46,40
India,Maharashtra,Nashik,"Pandav Nagari, Nashik - MPCB","03-06-2026 23:00:00",19.9591346,73.7788008,PM2.5,27,47,38
India,Maharashtra,Nashik,"Pandav Nagari, Nashik - MPCB","03-06-2026 23:00:00",19.9591346,73.7788008,PM10,24,68,41
India,Maharashtra,Mumbai,"Kurla, Mumbai - MPCB","03-06-2026 23:00:00",19.0863,72.8888,CO,14,17,15
India,Maharashtra,Mumbai,"Malad West, Mumbai - IITM","03-06-2026 23:00:00",19.19709,72.82204,NH3,2,3,2
India,Maharashtra,Mumbai,"Malad West, Mumbai - IITM","03-06-2026 23:00:00",19.19709,72.82204,OZONE,6,40,15
India,Maharashtra,Mumbai,"Mazgaon, Mumbai - IITM","03-06-2026 23:00:00",18.96702,72.84214,NO2,13,29,18
India,Maharashtra,Mumbai,"Mazgaon, Mumbai - IITM","03-06-2026 23:00:00",18.96702,72.84214,SO2,2,17,6
India,Maharashtra,Mumbai,"Mindspace-Malad West, Mumbai - MPCB","03-06-2026 23:00:00",19.1878657,72.8304069,NH3,NA,NA,NA
India,Maharashtra,Mumbai,"Navy Nagar-Colaba, Mumbai - IITM","03-06-2026 23:00:00",18.897756,72.813320,PM2.5,12,49,26
India,Maharashtra,Mumbai,"Navy Nagar-Colaba, Mumbai - IITM","03-06-2026 23:00:00",18.897756,72.813320,NO2,NA,NA,NA
India,Maharashtra,Mumbai,"Powai, Mumbai - MPCB","03-06-2026 23:00:00",19.137500,72.915056,NO2,6,7,6
India,Maharashtra,Mumbai,"Sewri, Mumbai - BMC","03-06-2026 23:00:00",19.000084,72.856730,NO2,22,80,31
India,Maharashtra,Mumbai,"Sewri, Mumbai - BMC","03-06-2026 23:00:00",19.000084,72.856730,SO2,2,8,4
India,Maharashtra,Mumbai,"Sewri, Mumbai - BMC","03-06-2026 23:00:00",19.000084,72.856730,CO,6,16,9
India,Maharashtra,Mumbai,"Shivaji Nagar, Mumbai - BMC","03-06-2026 23:00:00",19.060498,72.923356,OZONE,39,41,40
India,Maharashtra,Mumbai,"Sion, Mumbai - MPCB","03-06-2026 23:00:00",19.047000,72.874600,PM2.5,35,77,56
India,Maharashtra,Mumbai,"Sion, Mumbai - MPCB","03-06-2026 23:00:00",19.047000,72.874600,PM10,42,93,68
India,Maharashtra,Mumbai,"Sion, Mumbai - MPCB","03-06-2026 23:00:00",19.047000,72.874600,SO2,NA,NA,NA
India,Odisha,Cuttack,"CDA Area, Cuttack - OSPCB","03-06-2026 23:00:00","20.48891     ","85.84768     ",PM10,40,102,66
India,Odisha,Cuttack,"CDA Area, Cuttack - OSPCB","03-06-2026 23:00:00","20.48891     ","85.84768     ",NO2,4,16,10
India,Odisha,Rairangpur,"Divisional Forest Office, Rairangpur - OSPCB","03-06-2026 23:00:00",22.265816,86.174829,PM2.5,24,68,41
India,Odisha,Rairangpur,"Divisional Forest Office, Rairangpur - OSPCB","03-06-2026 23:00:00",22.265816,86.174829,NO2,6,7,6
India,Odisha,Rourkela,"Fertilizer Township, Rourkela - OSPCB","03-06-2026 23:00:00",22.18972222,84.86277778,PM2.5,54,79,61
India,Odisha,Rourkela,"Raghunathpali, Rourkela - OSPCB","03-06-2026 23:00:00",22.220833,84.809444,PM2.5,70,139,91
India,Odisha,Rourkela,"Sector-2, Rourkela - OSPCB","03-06-2026 23:00:00",22.24500000,84.88111111,PM10,75,75,75
India,Odisha,Rourkela,"Sector-2, Rourkela - OSPCB","03-06-2026 23:00:00",22.24500000,84.88111111,NO2,10,10,10
India,Odisha,Rourkela,"Sector-2, Rourkela - OSPCB","03-06-2026 23:00:00",22.24500000,84.88111111,CO,27,27,27
India,Odisha,Suakati,"OMC Colony, Suakati - OSPCB","03-06-2026 23:00:00",21.606865,85.510538,PM10,53,82,68
India,Odisha,Talcher,"Talcher Coalfields,Talcher - OSPCB","03-06-2026 23:00:00",20.9360711,85.1707021,NO2,15,38,24
India,Odisha,Talcher,"Talcher Coalfields,Talcher - OSPCB","03-06-2026 23:00:00",20.9360711,85.1707021,CO,39,62,53
India,Odisha,Tensa,"Barsua Iron Ore Mines, Tensa - OSPCB","03-06-2026 23:00:00",21.869985,85.167016,PM10,26,60,40
India,Rajasthan,Barmer,"Railway Colony, Barmer - RSPCB","03-06-2026 23:00:00",25.747299,71.393989,SO2,5,8,6
India,Rajasthan,Barmer,"Railway Colony, Barmer - RSPCB","03-06-2026 23:00:00",25.747299,71.393989,CO,7,26,20
India,Rajasthan,Bharatpur,"Krishna Nagar, Bharatpur - RSPCB","03-06-2026 23:00:00",27.215415,77.50873,SO2,1,4,3
India,Rajasthan,Bhiwadi,"RIICO Ind. Area III, Bhiwadi - RSPCB","03-06-2026 23:00:00",28.194909,76.862296,SO2,6,16,10
India,Rajasthan,Bhiwadi,"RIICO Ind. Area III, Bhiwadi - RSPCB","03-06-2026 23:00:00",28.194909,76.862296,OZONE,7,64,22
India,Rajasthan,Bhiwadi,"Vasundhara Nagar_UIT, Bhiwadi - RSPCB","03-06-2026 23:00:00",28.207266,76.829265,PM2.5,19,332,123
India,Rajasthan,Bhiwadi,"Vasundhara Nagar_UIT, Bhiwadi - RSPCB","03-06-2026 23:00:00",28.207266,76.829265,SO2,15,34,22
India,Rajasthan,Bhiwadi,"Vasundhara Nagar_UIT, Bhiwadi - RSPCB","03-06-2026 23:00:00",28.207266,76.829265,CO,19,76,40
India,Rajasthan,Bikaner,"MM Ground, Bikaner - RSPCB","03-06-2026 23:00:00",28.018792,73.292658,NO2,12,46,26
India,Rajasthan,Bikaner,"MM Ground, Bikaner - RSPCB","03-06-2026 23:00:00",28.018792,73.292658,SO2,1,8,5
India,Rajasthan,Bundi,"New Colony, Bundi - RSPCB","03-06-2026 23:00:00",25.435774,75.644272,PM10,32,110,72
India,Rajasthan,Bundi,"New Colony, Bundi - RSPCB","03-06-2026 23:00:00",25.435774,75.644272,SO2,2,15,8
India,Rajasthan,Bundi,"New Colony, Bundi - RSPCB","03-06-2026 23:00:00",25.435774,75.644272,OZONE,14,134,85
India,Maharashtra,Pune,"Dhankawadi, Pune - IITM","03-06-2026 23:00:00",18.459883,73.852193,PM10,36,90,65
India,Maharashtra,Pune,"Mhada Colony, Pune - IITM","03-06-2026 23:00:00",18.573040,73.927715,CO,12,64,33
India,Maharashtra,Pune,"Savitribai Phule Pune University, Pune - MPCB","03-06-2026 23:00:00",18.547056,73.826908,NH3,1,1,1
India,Maharashtra,Pune,"Savitribai Phule Pune University, Pune - MPCB","03-06-2026 23:00:00",18.547056,73.826908,CO,20,30,27
India,Maharashtra,Satara,"Koyana Nagar, Satara - MPCB","03-06-2026 23:00:00",17.696651,74.003387,PM2.5,19,48,32
India,Maharashtra,Solapur,"Dnyaneshwar Nagar, Solapur - MPCB","03-06-2026 23:00:00",17.6336264,75.9132495,NH3,NA,NA,NA
India,Maharashtra,Solapur,"Dnyaneshwar Nagar, Solapur - MPCB","03-06-2026 23:00:00",17.6336264,75.9132495,CO,1,38,24
India,Maharashtra,Solapur,"Dnyaneshwar Nagar, Solapur - MPCB","03-06-2026 23:00:00",17.6336264,75.9132495,OZONE,11,26,21
India,Maharashtra,Solapur,"Ratandeep Housing Society, Solapur - MPCB","03-06-2026 23:00:00",17.65439,75.90649,OZONE,10,34,20
India,Maharashtra,Thane,"Kasarvadavali, Thane - MPCB","03-06-2026 23:00:00",19.26777,72.97182,PM2.5,27,80,48
India,Punjab,Amritsar,"Golden Temple, Amritsar - PPCB","03-06-2026 23:00:00",31.620000,74.876512,CO,4,24,17
India,Punjab,Jalandhar,"Civil Line, Jalandhar - PPCB","03-06-2026 23:00:00",31.321907,75.578914,PM10,54,85,68
India,Punjab,Jalandhar,"Civil Line, Jalandhar - PPCB","03-06-2026 23:00:00",31.321907,75.578914,CO,50,59,57
India,Punjab,Rupnagar,"Ratanpura, Rupnagar - Ambuja Cements","03-06-2026 23:00:00",31.0325454,76.5623046,PM2.5,18,335,127
India,Punjab,Rupnagar,"Ratanpura, Rupnagar - Ambuja Cements","03-06-2026 23:00:00",31.0325454,76.5623046,SO2,11,18,15
India,Rajasthan,Ajmer,"Civil Lines,  Ajmer - RSPCB","03-06-2026 23:00:00",26.470859,74.646594,CO,10,46,19
India,Rajasthan,Alwar,"Moti Doongri, Alwar - RSPCB","03-06-2026 23:00:00",27.554793,76.611536,SO2,24,84,40
India,Rajasthan,Banswara,"Rati Talai, Banswara - RSPCB","03-06-2026 23:00:00",23.555190,74.440010,PM2.5,32,153,78
India,Rajasthan,Baran,"Bamboliya, Baran - RSPCB","03-06-2026 23:00:00",25.106006,76.469948,PM10,34,134,93
India,Odisha,Barbil,"Forest Office, Barbil - OSPCB","03-06-2026 23:00:00",22.1166054,85.3945546,NO2,6,19,11
India,Odisha,Barbil,"Forest Office, Barbil - OSPCB","03-06-2026 23:00:00",22.1166054,85.3945546,NH3,1,2,1
India,Odisha,Barbil,"Forest Office, Barbil - OSPCB","03-06-2026 23:00:00",22.1166054,85.3945546,SO2,9,30,18
India,Odisha,Bhubaneswar,"Lingraj Mandir, Bhubaneswar - OSPCB","03-06-2026 23:00:00",20.240790,85.836784,PM2.5,12,83,45
India,Odisha,Bhubaneswar,"Lingraj Mandir, Bhubaneswar - OSPCB","03-06-2026 23:00:00",20.240790,85.836784,NH3,2,2,2
India,Odisha,Bhubaneswar,"Lingraj Mandir, Bhubaneswar - OSPCB","03-06-2026 23:00:00",20.240790,85.836784,SO2,7,19,10
India,Odisha,Bhubaneswar,"Patia, Bhubaneswar - OSPCB","03-06-2026 23:00:00",20.34652,85.81630,NO2,NA,NA,NA
India,Odisha,Bhubaneswar,"Patia, Bhubaneswar - OSPCB","03-06-2026 23:00:00",20.34652,85.81630,SO2,NA,NA,NA
India,Odisha,Brajrajnagar,"GM Office, Brajrajnagar - OSPCB","03-06-2026 23:00:00",21.8004996,83.8396977,PM10,26,172,75
India,Odisha,Brajrajnagar,"GM Office, Brajrajnagar - OSPCB","03-06-2026 23:00:00",21.8004996,83.8396977,NH3,6,12,8
India,Odisha,Byasanagar,"Ferro Chrome Colony, Byasanagar - OSPCB","03-06-2026 23:00:00",20.94185,86.11510,PM10,36,119,68
India,Odisha,Byasanagar,"Ferro Chrome Colony, Byasanagar - OSPCB","03-06-2026 23:00:00",20.94185,86.11510,NH3,1,2,2
India,Maharashtra,"Navi Mumbai","Kopripada-Vashi, Navi Mumbai - MPCB","03-06-2026 23:00:00",19.090337,73.014232,OZONE,29,69,42
India,Maharashtra,"Navi Mumbai","Mahape, Navi Mumbai - MPCB","03-06-2026 23:00:00",19.1135051,73.008978,PM2.5,20,72,43
India,Maharashtra,"Navi Mumbai","Mahape, Navi Mumbai - MPCB","03-06-2026 23:00:00",19.1135051,73.008978,NH3,1,1,1
India,Maharashtra,"Navi Mumbai","Mahape, Navi Mumbai - MPCB","03-06-2026 23:00:00",19.1135051,73.008978,OZONE,7,15,12
India,Maharashtra,"Navi Mumbai","Nerul, Navi Mumbai - MPCB","03-06-2026 23:00:00",19.008751,73.016620,NO2,59,60,60
India,Maharashtra,"Navi Mumbai","Sanpada, Navi Mumbai - MPCB","03-06-2026 23:00:00",19.0575752,73.0151367,PM10,31,92,62
India,Maharashtra,Pimpri-Chinchwad,"Bhumkar Nagar, Pimpri-Chinchwad - IITM","03-06-2026 23:00:00",18.605770,73.749976,PM2.5,2,77,36
India,Maharashtra,Pimpri-Chinchwad,"Gavalinagar, Pimpri Chinchwad - MPCB","03-06-2026 23:00:00",18.63673,73.82487,PM10,58,105,79
India,Maharashtra,Pimpri-Chinchwad,"Park Street Wakad, Pimpri Chinchwad - MPCB","03-06-2026 23:00:00",18.59051,73.77946,SO2,1,2,1
India,Rajasthan,Nagaur,"Karni Colony, Nagaur - RSPCB","03-06-2026 23:00:00",27.213494,73.734444,PM10,130,455,255
India,Rajasthan,Nagaur,"Karni Colony, Nagaur - RSPCB","03-06-2026 23:00:00",27.213494,73.734444,NO2,3,35,14
India,Rajasthan,Nagaur,"Karni Colony, Nagaur - RSPCB","03-06-2026 23:00:00",27.213494,73.734444,NH3,2,40,11
India,Rajasthan,Pali,"Indira Colony Vistar, Pali - RSPCB","03-06-2026 23:00:00",25.771061," 73.340227",PM2.5,59,174,107
India,Rajasthan,Pali,"Indira Colony Vistar, Pali - RSPCB","03-06-2026 23:00:00",25.771061," 73.340227",NO2,13,16,14
India,Rajasthan,Pratapgarh,"Pragati Nagar, Pratapgarh - RSPCB","03-06-2026 23:00:00",24.041198,74.780702,NH3,3,4,3
India,Rajasthan,Rajsamand,"Dhoinda, Rajsamand - RSPCB","03-06-2026 23:00:00",25.036360,73.883502,NH3,5,12,7
India,Rajasthan,Rajsamand,"Dhoinda, Rajsamand - RSPCB","03-06-2026 23:00:00",25.036360,73.883502,CO,8,29,11
India,Rajasthan,"Sawai Madhopur","Sahu Nagar, Sawai Madhopur - RSPCB","03-06-2026 23:00:00",26.031443,76.359327,PM10,34,145,87
India,Rajasthan,"Sawai Madhopur","Sahu Nagar, Sawai Madhopur - RSPCB","03-06-2026 23:00:00",26.031443,76.359327,CO,12,34,20
India,Rajasthan,Sikar,"Radhakishan Pura, Sikar - RSPCB","03-06-2026 23:00:00",27.608912,75.153302,PM10,78,248,137
India,Rajasthan,Sikar,"Radhakishan Pura, Sikar - RSPCB","03-06-2026 23:00:00",27.608912,75.153302,NH3,6,29,14
India,Rajasthan,Sirohi,"Vedhaynath Colony, Sirohi - RSPCB","03-06-2026 23:00:00",24.885261,72.857549,CO,12,20,15
India,Rajasthan,"Sri Ganganagar","Old City, Sri Ganganagar - RSPCB","03-06-2026 23:00:00",29.931624,73.864511,PM2.5,22,80,40
India,Rajasthan,"Sri Ganganagar","Old City, Sri Ganganagar - RSPCB","03-06-2026 23:00:00",29.931624,73.864511,CO,21,70,56
India,Rajasthan,Tonk,"Shastri Nagar, Tonk - RSPCB","03-06-2026 23:00:00",26.159933,75.780517,NO2,1,9,3
India,Rajasthan,Tonk,"Shastri Nagar, Tonk - RSPCB","03-06-2026 23:00:00",26.159933,75.780517,NH3,7,24,17
India,Rajasthan,Tonk,"Shastri Nagar, Tonk - RSPCB","03-06-2026 23:00:00",26.159933,75.780517,SO2,1,5,2
India,Rajasthan,Tonk,"Shastri Nagar, Tonk - RSPCB","03-06-2026 23:00:00",26.159933,75.780517,OZONE,1,96,58
India,Rajasthan,Udaipur,"Ashok Nagar, Udaipur - RSPCB","03-06-2026 23:00:00",24.5886166,73.6321397,PM10,73,162,111
India,Rajasthan,Udaipur,"Ashok Nagar, Udaipur - RSPCB","03-06-2026 23:00:00",24.5886166,73.6321397,NO2,3,139,29
India,Rajasthan,Udaipur,"Ashok Nagar, Udaipur - RSPCB","03-06-2026 23:00:00",24.5886166,73.6321397,SO2,1,31,7
India,Sikkim,Gangtok,"Zero Point GICI, Gangtok - SSPCB","03-06-2026 23:00:00",27.338530,88.614099,PM10,16,58,43
India,Sikkim,Gangtok,"Zero Point GICI, Gangtok - SSPCB","03-06-2026 23:00:00",27.338530,88.614099,NO2,7,8,8
India,Rajasthan,Jaipur,"Mansarovar Sector-12, Jaipur - RSPCB","03-06-2026 23:00:00",26.843698,75.766894,OZONE,53,168,120
India,Rajasthan,Jaipur,"Police Commissionerate, Jaipur - RSPCB","03-06-2026 23:00:00",26.9164092,75.7994901,NO2,61,188,107
India,Rajasthan,Jaipur,"RIICO Sitapura, Jaipur - RSPCB","03-06-2026 23:00:00",26.786682,75.827928,SO2,1,5,2
India,Rajasthan,Jaipur,"RIICO Sitapura, Jaipur - RSPCB","03-06-2026 23:00:00",26.786682,75.827928,CO,13,66,26
India,Rajasthan,Jaipur,"RIICO Sitapura, Jaipur - RSPCB","03-06-2026 23:00:00",26.786682,75.827928,OZONE,19,100,82
India,Rajasthan,Jaipur,"Sector-2 Murlipura, Jaipur - RSPCB","03-06-2026 23:00:00",26.960669,75.771817,PM10,75,205,130
India,Rajasthan,Jaipur,"Shastri Nagar, Jaipur - RSPCB","03-06-2026 23:00:00",26.9502929,75.730943,SO2,4,20,10
India,Rajasthan,Jaipur,"Shastri Nagar, Jaipur - RSPCB","03-06-2026 23:00:00",26.9502929,75.730943,CO,14,109,62
India,Rajasthan,Jaisalmer,"Sadar Bazar, Jaisalmer - RSPCB","03-06-2026 23:00:00",26.912329,70.909168,SO2,1,3,1
India,Rajasthan,Jaisalmer,"Sadar Bazar, Jaisalmer - RSPCB","03-06-2026 23:00:00",26.912329,70.909168,OZONE,41,91,77
India,Rajasthan,Jalore,"Mudtra Sili, Jalore - RSPCB","03-06-2026 23:00:00",25.344694,72.626208,PM2.5,30,95,54
India,Rajasthan,Jalore,"Mudtra Sili, Jalore - RSPCB","03-06-2026 23:00:00",25.344694,72.626208,PM10,109,318,160
India,Rajasthan,Jalore,"Mudtra Sili, Jalore - RSPCB","03-06-2026 23:00:00",25.344694,72.626208,OZONE,52,120,83
India,Rajasthan,Jhalawar,"Rajlaxmi Nagar, Jhalawar - RSPCB","03-06-2026 23:00:00",24.588397,76.172782,NO2,9,46,19
India,Rajasthan,Jhalawar,"Rajlaxmi Nagar, Jhalawar - RSPCB","03-06-2026 23:00:00",24.588397,76.172782,SO2,3,10,5
India,Rajasthan,Jodhpur,"Collectorate, Jodhpur - RSPCB","03-06-2026 23:00:00",26.268249,73.0193853,PM10,52,500,240
India,Rajasthan,Jodhpur,"Collectorate, Jodhpur - RSPCB","03-06-2026 23:00:00",26.268249,73.0193853,NO2,19,27,22
India,Rajasthan,Jodhpur,"Collectorate, Jodhpur - RSPCB","03-06-2026 23:00:00",26.268249,73.0193853,NH3,5,13,9
India,Rajasthan,Jodhpur,"Collectorate, Jodhpur - RSPCB","03-06-2026 23:00:00",26.268249,73.0193853,CO,5,77,28
India,Rajasthan,Jodhpur,"Digari Kalan, Jodhpur - RSPCB","03-06-2026 23:00:00",26.295810,73.082283,PM10,101,500,257
India,Rajasthan,Jodhpur,"Digari Kalan, Jodhpur - RSPCB","03-06-2026 23:00:00",26.295810,73.082283,NO2,9,30,17
India,Rajasthan,Jodhpur,"Samrat Ashok Udhyan, Jodhpur - RSPCB","03-06-2026 23:00:00",26.253384,72.976571,PM2.5,NA,NA,NA
India,Rajasthan,Jodhpur,"Samrat Ashok Udhyan, Jodhpur - RSPCB","03-06-2026 23:00:00",26.253384,72.976571,NO2,NA,NA,NA
India,Rajasthan,Jodhpur,"Samrat Ashok Udhyan, Jodhpur - RSPCB","03-06-2026 23:00:00",26.253384,72.976571,SO2,NA,NA,NA
India,Rajasthan,Karauli,"Satyawati Vihar, Karauli - RSPCB","03-06-2026 23:00:00",26.506177,77.025989,SO2,3,8,7
India,Rajasthan,Kota,"Dhanmandi, Kota - RSPCB","03-06-2026 23:00:00",25.164090,75.858137,PM2.5,22,193,49
India,Rajasthan,Kota,"Dhanmandi, Kota - RSPCB","03-06-2026 23:00:00",25.164090,75.858137,NO2,16,99,34
India,Rajasthan,Kota,"Dhanmandi, Kota - RSPCB","03-06-2026 23:00:00",25.164090,75.858137,OZONE,3,94,82
India,Rajasthan,Kota,"Nayapura, Kota - RSPCB","03-06-2026 23:00:00",25.196024,75.855668,PM10,40,138,94
India,Rajasthan,Kota,"Nayapura, Kota - RSPCB","03-06-2026 23:00:00",25.196024,75.855668,NO2,10,104,27
India,Rajasthan,Kota,"Nayapura, Kota - RSPCB","03-06-2026 23:00:00",25.196024,75.855668,OZONE,6,116,100
India,Rajasthan,Nagaur,"Karni Colony, Nagaur - RSPCB","03-06-2026 23:00:00",27.213494,73.734444,PM2.5,40,183,88
India,TamilNadu,Chennai,"Arumbakkam, Chennai - TNPCB","03-06-2026 23:00:00",13.0664,"80.2112 ",SO2,1,4,2
India,TamilNadu,Chennai,"Kodungaiyur, Chennai - TNPCB","03-06-2026 23:00:00",13.1278,80.2642,PM10,18,94,50
India,TamilNadu,Chennai,"Manali, Chennai - CPCB","03-06-2026 23:00:00",13.164544,80.26285,NO2,8,11,10
India,TamilNadu,Chennai,"Manali, Chennai - CPCB","03-06-2026 23:00:00",13.164544,80.26285,CO,11,82,12
India,TamilNadu,Chennai,"Perungudi, Chennai - TNPCB","03-06-2026 23:00:00",12.9533,80.2357,CO,21,44,36
India,TamilNadu,Chennai,"Royapuram, Chennai - TNPCB","03-06-2026 23:00:00",13.1036,80.2909,PM10,48,56,52
India,TamilNadu,Chennai,"Royapuram, Chennai - TNPCB","03-06-2026 23:00:00",13.1036,80.2909,OZONE,28,35,30
India,TamilNadu,Chennai,"Velachery Res. Area, Chennai - CPCB","03-06-2026 23:00:00",13.0052189,80.2398125,PM2.5,29,29,29
India,TamilNadu,Coimbatore,"PSG College of Arts and Science, Coimbatore - TNPCB","03-06-2026 23:00:00",11.0328,77.0349,PM10,NA,NA,NA
India,TamilNadu,Coimbatore,"SIDCO Kurichi, Coimbatore - TNPCB","03-06-2026 23:00:00",10.942451,76.978996,NO2,23,23,23
India,TamilNadu,Madurai,"Uchapatti, Madurai - TNPCB","03-06-2026 23:00:00",9.865935,78.022669,PM10,2,68,23
India,Uttar_Pradesh,Agra,"Rohta, Agra - UPPCB","03-06-2026 23:00:00",27.106972,78.000111,PM2.5,12,191,76
India,Uttar_Pradesh,Agra,"Rohta, Agra - UPPCB","03-06-2026 23:00:00",27.106972,78.000111,PM10,70,179,113
India,Uttar_Pradesh,Agra,"Rohta, Agra - UPPCB","03-06-2026 23:00:00",27.106972,78.000111,NO2,14,15,14
India,Uttar_Pradesh,Agra,"Sanjay Palace, Agra - UPPCB","03-06-2026 23:00:00",27.19865833,78.00598056,NO2,8,15,10
India,Uttar_Pradesh,Agra,"Sector-3B Avas Vikas Colony, Agra - UPPCB","03-06-2026 23:00:00",27.19412,77.96237,OZONE,11,39,12
India,Uttar_Pradesh,Baghpat,"Sardar Patel Inter College, Baghpat - UPPCB","03-06-2026 23:00:00",28.964949,77.278761,NH3,3,10,6
India,Uttar_Pradesh,Bareilly,"Civil Lines, Bareilly - UPPCB","03-06-2026 23:00:00",28.359581,79.414455,PM10,30,61,45
India,Uttar_Pradesh,Bareilly,"Rajendra Nagar, Bareilly - UPPCB","03-06-2026 23:00:00",28.38910936,79.42963708,PM2.5,17,42,29
India,Uttar_Pradesh,Bareilly,"Rajendra Nagar, Bareilly - UPPCB","03-06-2026 23:00:00",28.38910936,79.42963708,SO2,50,53,51
India,Uttar_Pradesh,Bulandshahr,"Yamunapuram, Bulandshahr - UPPCB","03-06-2026 23:00:00",28.406963,77.849831,NO2,4,96,28
India,Uttar_Pradesh,Firozabad,"Nagla Bhau, Firozabad - UPPCB","03-06-2026 23:00:00",27.168897,78.376960,SO2,6,88,29
India,Uttar_Pradesh,Ghaziabad,"Govindpuram, Ghaziabad - UPPCB","03-06-2026 23:00:00","28.694528 ","77.494705 ",SO2,7,33,15
India,Uttar_Pradesh,Ghaziabad,"Indirapuram, Ghaziabad - UPPCB","03-06-2026 23:00:00",28.646233,77.358075,NH3,7,7,7
India,Uttar_Pradesh,Ghaziabad,"Indirapuram, Ghaziabad - UPPCB","03-06-2026 23:00:00",28.646233,77.358075,OZONE,3,42,26
India,Uttar_Pradesh,Ghaziabad,"Loni, Ghaziabad - UPPCB","03-06-2026 23:00:00",28.757294,77.278792,PM10,120,432,231
India,Uttar_Pradesh,Ghaziabad,"Loni, Ghaziabad - UPPCB","03-06-2026 23:00:00",28.757294,77.278792,SO2,11,41,22
India,Uttar_Pradesh,Ghaziabad,"Vasundhara, Ghaziabad - UPPCB","03-06-2026 23:00:00",28.6603346,77.3572563,NO2,NA,NA,NA
India,Uttar_Pradesh,Ghaziabad,"Vasundhara, Ghaziabad - UPPCB","03-06-2026 23:00:00",28.6603346,77.3572563,CO,29,72,39
India,Uttar_Pradesh,Ghaziabad,"Vasundhara, Ghaziabad - UPPCB","03-06-2026 23:00:00",28.6603346,77.3572563,OZONE,47,204,125
India,Uttar_Pradesh,Gorakhpur,"Madan Mohan Malaviya University of Technology, Gorakhpur - UPPCB","03-06-2026 23:00:00",26.730136,83.433859,NH3,1,1,1
India,Telangana,Hyderabad,"Kompally Municipal Office, Hyderabad - TSPCB","03-06-2026 23:00:00",17.544899,78.486949,PM10,75,89,82
India,Telangana,Hyderabad,"Nacharam_TSIIC IALA, Hyderabad - TSPCB","03-06-2026 23:00:00",17.429398,78.569354,PM2.5,NA,NA,NA
India,Telangana,Hyderabad,"Nacharam_TSIIC IALA, Hyderabad - TSPCB","03-06-2026 23:00:00",17.429398,78.569354,OZONE,19,34,25
India,Telangana,Hyderabad,"New Malakpet, Hyderabad - TSPCB","03-06-2026 23:00:00",17.37206,78.50864,PM2.5,39,103,65
India,Telangana,Hyderabad,"New Malakpet, Hyderabad - TSPCB","03-06-2026 23:00:00",17.37206,78.50864,NO2,12,16,14
India,Telangana,Hyderabad,"Somajiguda, Hyderabad - TSPCB","03-06-2026 23:00:00",17.417094,78.457437,PM2.5,29,71,43
India,Telangana,Hyderabad,"Zoo Park, Hyderabad - TSPCB","03-06-2026 23:00:00",17.349694,78.451437,PM10,22,68,43
India,Telangana,Hyderabad,"Zoo Park, Hyderabad - TSPCB","03-06-2026 23:00:00",17.349694,78.451437,NH3,2,3,3
India,Telangana,Hyderabad,"Zoo Park, Hyderabad - TSPCB","03-06-2026 23:00:00",17.349694,78.451437,SO2,2,2,2
India,Telangana,Hyderabad,"Zoo Park, Hyderabad - TSPCB","03-06-2026 23:00:00",17.349694,78.451437,CO,4,38,14
India,Telangana,Hyderabad,"Zoo Park, Hyderabad - TSPCB","03-06-2026 23:00:00",17.349694,78.451437,OZONE,22,26,23
India,Rajasthan,Chittorgarh,"Shastri Nagar, Chittorgarh - RSPCB","03-06-2026 23:00:00",24.892047,74.623527,NO2,NA,NA,NA
India,Rajasthan,Chittorgarh,"Shastri Nagar, Chittorgarh - RSPCB","03-06-2026 23:00:00",24.892047,74.623527,NH3,NA,NA,NA
India,Rajasthan,Chittorgarh,"Shastri Nagar, Chittorgarh - RSPCB","03-06-2026 23:00:00",24.892047,74.623527,CO,24,32,28
India,Rajasthan,Churu,"Subash Chowk, Churu - RSPCB","03-06-2026 23:00:00",28.296139,74.961696,SO2,3,4,3
India,Rajasthan,Churu,"Subash Chowk, Churu - RSPCB","03-06-2026 23:00:00",28.296139,74.961696,CO,10,47,30
India,Rajasthan,Dausa,"Khatikan Mohalla, Dausa - RSPCB","03-06-2026 23:00:00",26.895552,76.334753,CO,10,110,65
India,Rajasthan,Dungarpur,"Bhoiwada, Dungarpur - RSPCB","03-06-2026 23:00:00",23.837789,73.714926,PM10,24,126,83
India,Rajasthan,Dungarpur,"Bhoiwada, Dungarpur - RSPCB","03-06-2026 23:00:00",23.837789,73.714926,NO2,2,33,7
India,Rajasthan,Hanumangarh,"Housing Board, Hanumangarh - RSPCB","03-06-2026 23:00:00",29.610750,74.283608,NO2,15,48,29
India,Telangana,Hyderabad,"Central University, Hyderabad - TSPCB","03-06-2026 23:00:00",17.460103,78.334361,NO2,NA,NA,NA
India,Telangana,Hyderabad,"ECIL Kapra, Hyderabad - TSPCB","03-06-2026 23:00:00",17.470431,78.566959,CO,20,30,26
India,Telangana,Hyderabad,"IITH Kandi, Hyderabad - TSPCB","03-06-2026 23:00:00",17.585705,78.126199,PM10,70,81,74
India,Uttar_Pradesh,"Greater Noida","Knowledge Park - III, Greater Noida - UPPCB","03-06-2026 23:00:00",28.47272,77.482000,CO,29,42,38
India,Uttar_Pradesh,"Greater Noida","Knowledge Park - V, Greater Noida - UPPCB","03-06-2026 23:00:00",28.557054,77.453663,PM10,115,240,182
India,Uttar_Pradesh,"Greater Noida","Knowledge Park - V, Greater Noida - UPPCB","03-06-2026 23:00:00",28.557054,77.453663,NO2,13,95,48
India,Uttar_Pradesh,"Greater Noida","Knowledge Park - V, Greater Noida - UPPCB","03-06-2026 23:00:00",28.557054,77.453663,SO2,16,25,21
India,Uttar_Pradesh,"Greater Noida","Knowledge Park - V, Greater Noida - UPPCB","03-06-2026 23:00:00",28.557054,77.453663,CO,12,82,38
India,Uttar_Pradesh,Hapur,"Anand Vihar, Hapur - UPPCB","03-06-2026 23:00:00",28.725645,77.749675,NH3,12,18,14
India,Uttar_Pradesh,Hapur,"Anand Vihar, Hapur - UPPCB","03-06-2026 23:00:00",28.725645,77.749675,CO,30,73,41
India,Uttar_Pradesh,Kanpur,"NSI Kalyanpur, Kanpur - UPPCB","03-06-2026 23:00:00",26.509954,80.249612,NH3,2,2,2
India,Uttar_Pradesh,Kanpur,"NSI Kalyanpur, Kanpur - UPPCB","03-06-2026 23:00:00",26.509954,80.249612,OZONE,17,21,20
India,Uttar_Pradesh,Khora,"Prashant Garden, Khora - UPPCB","03-06-2026 23:00:00",28.61119,77.34206,PM10,144,283,194
India,Uttar_Pradesh,Khora,"Prashant Garden, Khora - UPPCB","03-06-2026 23:00:00",28.61119,77.34206,NH3,8,13,10
India,Uttar_Pradesh,Khurja,"Kalindi Kunj, Khurja - UPPCB","03-06-2026 23:00:00",28.2348927,77.8683002,PM2.5,33,113,57
India,Uttar_Pradesh,Khurja,"Kalindi Kunj, Khurja - UPPCB","03-06-2026 23:00:00",28.2348927,77.8683002,PM10,35,120,78
India,Uttar_Pradesh,Khurja,"Kalindi Kunj, Khurja - UPPCB","03-06-2026 23:00:00",28.2348927,77.8683002,NO2,12,13,13
India,Uttar_Pradesh,Khurja,"Kalindi Kunj, Khurja - UPPCB","03-06-2026 23:00:00",28.2348927,77.8683002,SO2,10,10,10
India,Uttar_Pradesh,Lucknow,"Gomti Nagar, Lucknow - UPPCB","03-06-2026 23:00:00",26.868120,81.005119,PM2.5,95,255,137
India,Uttar_Pradesh,Lucknow,"Gomti Nagar, Lucknow - UPPCB","03-06-2026 23:00:00",26.868120,81.005119,PM10,86,137,102
India,Uttar_Pradesh,Lucknow,"Gomti Nagar, Lucknow - UPPCB","03-06-2026 23:00:00",26.868120,81.005119,NO2,10,12,11
India,Uttar_Pradesh,Lucknow,"Kendriya Vidyalaya, Lucknow - CPCB","03-06-2026 23:00:00",26.906111,80.948222,PM10,84,111,98
India,Uttar_Pradesh,Lucknow,"Kendriya Vidyalaya, Lucknow - CPCB","03-06-2026 23:00:00",26.906111,80.948222,OZONE,35,135,80
India,Uttar_Pradesh,Lucknow,"Kukrail Picnic Spot-1, Lucknow - UPPCB","03-06-2026 23:00:00",26.90723,80.98579,NO2,31,32,32
India,Uttar_Pradesh,Lucknow,"Lalbagh, Lucknow - CPCB","03-06-2026 23:00:00",26.8458805,80.9365541,PM10,35,125,84
India,Uttar_Pradesh,Lucknow,"Lalbagh, Lucknow - CPCB","03-06-2026 23:00:00",26.8458805,80.9365541,NH3,11,22,15
India,Uttar_Pradesh,Lucknow,"Talkatora District Industries Center, Lucknow - CPCB","03-06-2026 23:00:00",26.83399722,80.8917361,NO2,54,59,57
India,Uttar_Pradesh,Meerut,"Ganga Nagar, Meerut - UPPCB","03-06-2026 23:00:00",28.999264,77.7590354,SO2,18,45,30
India,Uttar_Pradesh,Meerut,"Ganga Nagar, Meerut - UPPCB","03-06-2026 23:00:00",28.999264,77.7590354,OZONE,33,272,168
India,Uttar_Pradesh,Meerut,"Jai Bhim Nagar, Meerut - UPPCB","03-06-2026 23:00:00",28.9535882,77.7622941,CO,38,65,50
India,Uttar_Pradesh,Moradabad,"Eco Herbal Park, Moradabad - UPPCB","03-06-2026 23:00:00",28.840739,78.697531,SO2,6,17,11
India,Uttar_Pradesh,Moradabad,"Employment Office, Moradabad - UPPCB","03-06-2026 23:00:00",28.88528,78.73880,PM2.5,41,95,65
India,Uttar_Pradesh,Moradabad,"Employment Office, Moradabad - UPPCB","03-06-2026 23:00:00",28.88528,78.73880,NO2,19,20,20
India,Uttar_Pradesh,Moradabad,"Employment Office, Moradabad - UPPCB","03-06-2026 23:00:00",28.88528,78.73880,SO2,31,37,32
India,Uttar_Pradesh,Moradabad,"Jigar Colony, Moradabad - UPPCB","03-06-2026 23:00:00",28.856664,78.772638,SO2,42,65,58
India,Uttar_Pradesh,Moradabad,"Kashiram Nagar, Moradabad - UPPCB","03-06-2026 23:00:00",28.849399,78.742362,PM2.5,33,113,61
India,Uttar_Pradesh,Moradabad,"Transport Nagar, Moradabad - UPPCB","03-06-2026 23:00:00",28.802625,78.753728,NH3,5,5,5
India,Uttar_Pradesh,Muzaffarnagar,"New Mandi, Muzaffarnagar - UPPCB","03-06-2026 23:00:00",29.4723508,77.7194031,CO,15,54,43
India,Uttar_Pradesh,Noida,"Sector - 125, Noida - UPPCB","03-06-2026 23:00:00",28.5447608,77.3231257,NO2,18,89,47
India,Uttar_Pradesh,Noida,"Sector-1, Noida - UPPCB","03-06-2026 23:00:00",28.5898,77.3101,PM10,100,273,154
India,Uttar_Pradesh,Noida,"Sector-1, Noida - UPPCB","03-06-2026 23:00:00",28.5898,77.3101,NO2,19,117,51
India,Uttar_Pradesh,Noida,"Sector-1, Noida - UPPCB","03-06-2026 23:00:00",28.5898,77.3101,SO2,6,24,13
India,Uttar_Pradesh,Noida,"Sector-116, Noida - UPPCB","03-06-2026 23:00:00",28.569230,77.393848,PM2.5,51,336,123
India,Uttar_Pradesh,Noida,"Sector-116, Noida - UPPCB","03-06-2026 23:00:00",28.569230,77.393848,OZONE,10,242,142
India,Uttar_Pradesh,Prayagraj,"Jhunsi, Prayagraj - UPPCB","03-06-2026 23:00:00",25.425602,81.917152,NH3,5,6,6
India,Uttar_Pradesh,Prayagraj,"Jhunsi, Prayagraj - UPPCB","03-06-2026 23:00:00",25.425602,81.917152,OZONE,25,56,40
India,Uttar_Pradesh,Prayagraj,"Nagar Nigam, Prayagraj - UPPCB","03-06-2026 23:00:00","25.44919916 ","81.82735986 ",NH3,7,15,10
India,Uttar_Pradesh,Raebareli," Indira Nagar, Raebareli - NTPC Unchahar","03-06-2026 23:00:00",26.207781,81.245571,PM2.5,NA,NA,NA
India,Uttar_Pradesh,Varanasi,"Ardhali Bazar, Varanasi - UPPCB","03-06-2026 23:00:00",25.3505986,82.9083074,NO2,39,42,41
India,Uttar_Pradesh,Varanasi,"Bhelupur, Varanasi - UPPCB","03-06-2026 23:00:00",25.301778,82.996789,PM10,57,134,93
India,Uttar_Pradesh,Varanasi,"Bhelupur, Varanasi - UPPCB","03-06-2026 23:00:00",25.301778,82.996789,NO2,8,8,8
India,Uttar_Pradesh,Varanasi,"Bhelupur, Varanasi - UPPCB","03-06-2026 23:00:00",25.301778,82.996789,NH3,1,1,1
India,Uttar_Pradesh,Varanasi,"Bhelupur, Varanasi - UPPCB","03-06-2026 23:00:00",25.301778,82.996789,SO2,23,33,26
India,Uttar_Pradesh,Varanasi,"Bhelupur, Varanasi - UPPCB","03-06-2026 23:00:00",25.301778,82.996789,OZONE,4,22,14
India,Uttar_Pradesh,Varanasi,"IESD Banaras Hindu University, Varanasi - UPPCB","03-06-2026 23:00:00",25.262326,82.995408,SO2,17,24,21
India,Uttar_Pradesh,Varanasi,"Maldahiya, Varanasi - UPPCB","03-06-2026 23:00:00",25.32393,82.99687,CO,10,36,20
India,Uttar_Pradesh,Vrindavan,"Omex Eternity, Vrindavan - UPPCB","03-06-2026 23:00:00",27.5714090,77.6557570,CO,12,20,15
India,Uttar_Pradesh,Vrindavan,"Omex Eternity, Vrindavan - UPPCB","03-06-2026 23:00:00",27.5714090,77.6557570,OZONE,15,16,15
India,Uttarakhand,Dehradun,"Doon University, Dehradun - UKPCB","03-06-2026 23:00:00",30.269444,78.044167,SO2,1,1,1
India,Uttarakhand,Kashipur,"Govt. Girls Inter College, Kashipur - UKPCB","03-06-2026 23:00:00",29.2124114,78.9611753,NH3,NA,NA,NA
India,Uttarakhand,Kashipur,"Govt. Girls Inter College, Kashipur - UKPCB","03-06-2026 23:00:00",29.2124114,78.9611753,SO2,NA,NA,NA
India,Uttarakhand,Kashipur,"Govt. Girls Inter College, Kashipur - UKPCB","03-06-2026 23:00:00",29.2124114,78.9611753,OZONE,NA,NA,NA
India,Uttarakhand,Rishikesh,"Shivaji Nagar, Rishikesh - UKPCB","03-06-2026 23:00:00",30.075911,78.2859547,NH3,9,32,18
India,Uttarakhand,Rishikesh,"Shivaji Nagar, Rishikesh - UKPCB","03-06-2026 23:00:00",30.075911,78.2859547,SO2,1,1,1
India,West_Bengal,Asansol,"Asansol Court Area, Asansol - WBPCB","03-06-2026 23:00:00",23.685297,86.945968,PM2.5,37,97,73
India,West_Bengal,Asansol,"Asansol Court Area, Asansol - WBPCB","03-06-2026 23:00:00",23.685297,86.945968,SO2,8,24,15
India,West_Bengal,Asansol,"Evelyn Lodge, Asansol - WBPCB","03-06-2026 23:00:00",23.6979360,86.9443950,NO2,9,32,18
India,West_Bengal,Asansol,"Evelyn Lodge, Asansol - WBPCB","03-06-2026 23:00:00",23.6979360,86.9443950,NH3,5,8,6
India,West_Bengal,Asansol,"Mahabir Colliery, Asansol - WBPCB","03-06-2026 23:00:00",23.6181830,87.1057180,PM2.5,18,66,42
India,West_Bengal,Asansol,"Mahabir Colliery, Asansol - WBPCB","03-06-2026 23:00:00",23.6181830,87.1057180,PM10,11,80,59
India,West_Bengal,Asansol,"Mahabir Colliery, Asansol - WBPCB","03-06-2026 23:00:00",23.6181830,87.1057180,NH3,NA,NA,NA
India,West_Bengal,Barrackpore,"SVSPA Campus, Barrackpore - WBPCB","03-06-2026 23:00:00",22.7605581,88.3617589,SO2,9,11,10
India,West_Bengal,Durgapur,"Mahishkapur Road_B-Zone, Durgapur - WBPCB","03-06-2026 23:00:00",23.567923,87.306843,NO2,6,42,17
India,West_Bengal,Durgapur,"PCBL Residential Complex, Durgapur - WBPCB","03-06-2026 23:00:00",23.5087640,87.3544400,PM2.5,33,80,55
India,West_Bengal,Durgapur,"PCBL Residential Complex, Durgapur - WBPCB","03-06-2026 23:00:00",23.5087640,87.3544400,NH3,2,4,4
India,West_Bengal,Durgapur,"PCBL Residential Complex, Durgapur - WBPCB","03-06-2026 23:00:00",23.5087640,87.3544400,SO2,9,13,10
India,West_Bengal,Haldia,"Priyambada Housing Estate, Haldia - WBPCB","03-06-2026 23:00:00",22.06047,88.109737,NO2,6,20,9
India,West_Bengal,Howrah,"Belur Math, Howrah - WBPCB","03-06-2026 23:00:00",22.629801,88.352017,NO2,25,71,50
India,West_Bengal,Howrah,"Belur Math, Howrah - WBPCB","03-06-2026 23:00:00",22.629801,88.352017,OZONE,6,62,19
India,West_Bengal,Howrah,"Botanical Garden, Howrah - WBPCB","03-06-2026 23:00:00",22.554954,88.292568,OZONE,6,40,19
India,West_Bengal,Howrah,"Dasnagar, Howrah - WBPCB","03-06-2026 23:00:00",22.6025571,88.3105664,PM10,27,68,47
India,West_Bengal,Howrah,"Dasnagar, Howrah - WBPCB","03-06-2026 23:00:00",22.6025571,88.3105664,CO,18,42,31
India,West_Bengal,Howrah,"Ghusuri, Howrah - WBPCB","03-06-2026 23:00:00",22.611968,88.347422,OZONE,13,20,17
India,West_Bengal,Howrah,"Padmapukur, Howrah - WBPCB","03-06-2026 23:00:00",22.5687319,88.2797276,PM2.5,28,60,41
India,West_Bengal,Howrah,"Padmapukur, Howrah - WBPCB","03-06-2026 23:00:00",22.5687319,88.2797276,SO2,6,75,18
India,West_Bengal,Howrah,"Padmapukur, Howrah - WBPCB","03-06-2026 23:00:00",22.5687319,88.2797276,CO,32,88,70
India,West_Bengal,Howrah,"Padmapukur, Howrah - WBPCB","03-06-2026 23:00:00",22.5687319,88.2797276,OZONE,18,47,30
India,West_Bengal,Kolkata,"Ballygunge, Kolkata - WBPCB","03-06-2026 23:00:00",22.5367507,88.3638022,OZONE,14,41,26
India,West_Bengal,Kolkata,"Bidhannagar, Kolkata - WBPCB","03-06-2026 23:00:00",22.58157048,88.41002457,PM2.5,26,61,41
India,West_Bengal,Kolkata,"Fort William, Kolkata - WBPCB","03-06-2026 23:00:00",22.556640,88.342674,SO2,3,9,5
India,West_Bengal,Kolkata,"Jadavpur, Kolkata - WBPCB","03-06-2026 23:00:00",22.49929,88.36917,PM10,39,80,52
India,West_Bengal,Kolkata,"Victoria, Kolkata - WBPCB","03-06-2026 23:00:00",22.5448082,88.3403691,NH3,9,9,9
India,West_Bengal,Siliguri,"Ward-32 Bapupara, Siliguri - WBPCB","03-06-2026 23:00:00",26.6879226,88.4152495,SO2,NA,NA,NA
India,West_Bengal,Siliguri,"Ward-32 Bapupara, Siliguri - WBPCB","03-06-2026 23:00:00",26.6879226,88.4152495,OZONE,39,72,50
India,Bihar,Motihari,"Gandak Colony, Motihari - BSPCB","03-06-2026 23:00:00",26.63086,84.90051,NH3,NA,NA,NA
India,Bihar,Motihari,"Gandak Colony, Motihari - BSPCB","03-06-2026 23:00:00",26.63086,84.90051,OZONE,24,40,24
India,Bihar,Munger,"Town Hall, Munger - BSPCB","03-06-2026 23:00:00",25.376776,86.471523,NH3,3,3,3
India,Bihar,Munger,"Town Hall, Munger - BSPCB","03-06-2026 23:00:00",25.376776,86.471523,CO,15,22,19
India,Bihar,Muzaffarpur,"Buddha Colony, Muzaffarpur - BSPCB","03-06-2026 23:00:00",26.11442,85.39813,PM2.5,76,241,119
India,Bihar,Muzaffarpur,"Buddha Colony, Muzaffarpur - BSPCB","03-06-2026 23:00:00",26.11442,85.39813,CO,12,62,39
India,Bihar,Muzaffarpur,"Buddha Colony, Muzaffarpur - BSPCB","03-06-2026 23:00:00",26.11442,85.39813,OZONE,54,120,87
India,Bihar,Muzaffarpur,"MIT-Daudpur Kothi, Muzaffarpur - BSPCB","03-06-2026 23:00:00",26.1403345,85.3650192,NO2,2,10,6
India,Bihar,Muzaffarpur,"MIT-Daudpur Kothi, Muzaffarpur - BSPCB","03-06-2026 23:00:00",26.1403345,85.3650192,SO2,3,15,10
India,Bihar,Patna,"DRM Office Danapur, Patna - BSPCB","03-06-2026 23:00:00",25.586562,85.043586,SO2,6,8,7
India,Bihar,Patna,"DRM Office Danapur, Patna - BSPCB","03-06-2026 23:00:00",25.586562,85.043586,CO,23,62,45
India,Bihar,Patna,"Govt. High School Shikarpur, Patna - BSPCB","03-06-2026 23:00:00",25.592539,85.227158,PM2.5,48,80,62
India,Bihar,Patna,"Govt. High School Shikarpur, Patna - BSPCB","03-06-2026 23:00:00",25.592539,85.227158,PM10,95,111,104
India,Bihar,Patna,"Govt. High School Shikarpur, Patna - BSPCB","03-06-2026 23:00:00",25.592539,85.227158,OZONE,20,89,62
India,Bihar,Patna,"IGSC Planetarium Complex, Patna - BSPCB","03-06-2026 23:00:00",25.610369,85.132568,PM2.5,23,86,54
India,Bihar,Patna,"Samanpura, Patna - BSPCB","03-06-2026 23:00:00",25.596727,85.085624,PM10,69,133,102
India,Bihar,Purnia,"Mariam Nagar, Purnia - BSPCB","03-06-2026 23:00:00",25.366336,87.117468,PM10,49,64,54
India,Bihar,Purnia,"Mariam Nagar, Purnia - BSPCB","03-06-2026 23:00:00",25.366336,87.117468,NO2,4,6,5
India,Bihar,Rajgir,"Dangi Tola, Rajgir - BSPCB","03-06-2026 23:00:00",25.03280,85.41948,NO2,13,15,14
India,Bihar,Rajgir,"Dangi Tola, Rajgir - BSPCB","03-06-2026 23:00:00",25.03280,85.41948,CO,35,50,42
India,Bihar,Rajgir,"Dangi Tola, Rajgir - BSPCB","03-06-2026 23:00:00",25.03280,85.41948,OZONE,14,66,28
India,Bihar,Saharsa,"Police Line, Saharsa - BSPCB","03-06-2026 23:00:00",25.892357,86.590325,PM2.5,18,424,119
India,Bihar,Saharsa,"Police Line, Saharsa - BSPCB","03-06-2026 23:00:00",25.892357,86.590325,OZONE,14,38,21
India,Bihar,Samastipur,"DM Office_Kasipur, Samastipur - BSPCB","03-06-2026 23:00:00",25.859655,85.77944,PM10,6,114,41
India,Bihar,Samastipur,"DM Office_Kasipur, Samastipur - BSPCB","03-06-2026 23:00:00",25.859655,85.77944,OZONE,7,12,8
India,Bihar,Sasaram,"Dada Peer, Sasaram - BSPCB","03-06-2026 23:00:00",24.952822,84.002396,NH3,1,7,3
India,Bihar,Siwan,"Chitragupta Nagar, Siwan - BSPCB","03-06-2026 23:00:00",26.2271665,84.3570427,PM10,8,113,54
India,Bihar,Siwan,"Chitragupta Nagar, Siwan - BSPCB","03-06-2026 23:00:00",26.2271665,84.3570427,SO2,6,10,9
India,Bihar,Siwan,"Chitragupta Nagar, Siwan - BSPCB","03-06-2026 23:00:00",26.2271665,84.3570427,OZONE,7,17,14
India,Chandigarh,Chandigarh,"Sector 22, Chandigarh - CPCC","03-06-2026 23:00:00",30.735567,76.775714,SO2,6,24,11
India,Chandigarh,Chandigarh,"Sector 22, Chandigarh - CPCC","03-06-2026 23:00:00",30.735567,76.775714,CO,50,101,67
India,Chandigarh,Chandigarh,"Sector-25, Chandigarh - CPCC","03-06-2026 23:00:00",30.751462,76.762879,SO2,3,17,8
India,Assam,Nalbari,"Bata Chowk, Nalbari - PCBA","03-06-2026 23:00:00",26.446912,91.439057,NO2,1,15,14
India,Assam,Silchar,"Tarapur, Silchar - PCBA","03-06-2026 23:00:00",24.82827,92.79525,PM2.5,26,43,30
India,Assam,Sivasagar,"Girls College, Sivasagar - PCBA","03-06-2026 23:00:00",26.987634,94.636574,PM10,33,47,38
India,Assam,Sivasagar,"Girls College, Sivasagar - PCBA","03-06-2026 23:00:00",26.987634,94.636574,SO2,7,10,8
India,Assam,Sivasagar,"Girls College, Sivasagar - PCBA","03-06-2026 23:00:00",26.987634,94.636574,OZONE,14,68,55
India,Bihar,Araria,"Kharahiya Basti, Araria - BSPCB","03-06-2026 23:00:00",26.146529,87.454184,PM2.5,52,107,71
India,Bihar,Araria,"Kharahiya Basti, Araria - BSPCB","03-06-2026 23:00:00",26.146529,87.454184,NH3,5,5,5
India,Bihar,Begusarai,"Lohiyanagar, Begusarai - BSPCB","03-06-2026 23:00:00",25.42742023,86.13886079,PM2.5,47,240,85
India,Bihar,Bettiah,"Kamalnath Nagar, Bettiah - BSPCB","03-06-2026 23:00:00",26.80365,84.51954,SO2,14,17,16
India,Bihar,Bhagalpur,"DM Office_Kachari Chowk, Bhagalpur - BSPCB","03-06-2026 23:00:00",25.251013,86.989001,NO2,10,13,12
India,Bihar,Bhagalpur,"DM Office_Kachari Chowk, Bhagalpur - BSPCB","03-06-2026 23:00:00",25.251013,86.989001,NH3,1,1,1
India,Bihar,Bhagalpur,"Mayaganj, Bhagalpur - BSPCB","03-06-2026 23:00:00",25.265194,87.012947,PM2.5,23,163,70
India,Bihar,Bhagalpur,"Mayaganj, Bhagalpur - BSPCB","03-06-2026 23:00:00",25.265194,87.012947,PM10,24,105,59
India,Bihar,Bhagalpur,"Mayaganj, Bhagalpur - BSPCB","03-06-2026 23:00:00",25.265194,87.012947,OZONE,6,46,18
India,Bihar,"Bihar Sharif","D M Colony, Bihar Sharif - BSPCB","03-06-2026 23:00:00",25.204762,85.514960,PM10,21,49,34
India,Bihar,Buxar,"Charitra Van, Buxar - BSPCB","03-06-2026 23:00:00",25.567520,83.966379,PM10,18,78,52
India,Bihar,Gaya,"Kareemganj, Gaya - BSPCB","03-06-2026 23:00:00",24.792403,84.992416,PM2.5,45,257,82
India,Bihar,Gaya,"Kareemganj, Gaya - BSPCB","03-06-2026 23:00:00",24.792403,84.992416,CO,25,32,30
India,Bihar,Gaya,"Kareemganj, Gaya - BSPCB","03-06-2026 23:00:00",24.792403,84.992416,OZONE,24,130,74
India,Bihar,Gaya,"SFTI Kusdihra, Gaya - BSPCB","03-06-2026 23:00:00",24.762518,84.982348,PM10,48,63,54
India,Bihar,Hajipur,"Industrial Area, Hajipur - BSPCB","03-06-2026 23:00:00",25.697189,85.245900,NO2,11,25,16
India,Bihar,Hajipur,"Industrial Area, Hajipur - BSPCB","03-06-2026 23:00:00",25.697189,85.245900,CO,17,30,21
India,Bihar,Hajipur,"Industrial Area, Hajipur - BSPCB","03-06-2026 23:00:00",25.697189,85.245900,OZONE,25,173,94
India,Bihar,Katihar,"Mirchaibari, Katihar - BSPCB","03-06-2026 23:00:00",25.560083,87.553265,PM2.5,27,45,38
India,Bihar,Katihar,"Mirchaibari, Katihar - BSPCB","03-06-2026 23:00:00",25.560083,87.553265,OZONE,7,72,47
India,Bihar,Kishanganj,"SDM Office_Khagra, Kishanganj - BSPCB","03-06-2026 23:00:00",26.0881305,87.93840336,NH3,3,3,3
India,Bihar,Kishanganj,"SDM Office_Khagra, Kishanganj - BSPCB","03-06-2026 23:00:00",26.0881305,87.93840336,OZONE,31,34,33
India,Bihar,Manguraha,"Forest Rest House, Manguraha - BSPCB","03-06-2026 23:00:00",27.308328,84.531742,NH3,NA,NA,NA
India,Chhattisgarh,Bhilai,"32Bungalows, Bhilai - CECB","03-06-2026 23:00:00",21.194815,81.314770,NO2,4,56,21
India,Chhattisgarh,Bhilai,"32Bungalows, Bhilai - CECB","03-06-2026 23:00:00",21.194815,81.314770,OZONE,7,62,48
India,Chhattisgarh,Bhilai,"Hathkhoj, Bhilai - CECB","03-06-2026 23:00:00",21.224231,81.408350,NO2,14,61,36
India,Chhattisgarh,Bhilai,"Hathkhoj, Bhilai - CECB","03-06-2026 23:00:00",21.224231,81.408350,SO2,11,32,15
India,Chhattisgarh,Bilaspur,"Mangala, Bilaspur - NTPC","03-06-2026 23:00:00",22.08815,82.13737,PM10,55,116,73
India,Chhattisgarh,Chhal,"Nawapara SECL Colony, Chhal - CECB","03-06-2026 23:00:00",22.118125,83.140608,NO2,8,26,12
India,Chhattisgarh,Korba,"Urja Nagar, Korba - CECB","03-06-2026 23:00:00",22.348441,82.549611,NH3,NA,NA,NA
India,Chhattisgarh,Korba,"Urja Nagar, Korba - CECB","03-06-2026 23:00:00",22.348441,82.549611,CO,NA,NA,NA
India,Chhattisgarh,Kunjemura,"OP Jindal School, Kunjemura - CECB","03-06-2026 23:00:00",22.126650,83.483212,PM10,43,74,58
India,Chhattisgarh,Milupara,"Govt. Higher Secondary School, Milupara - CECB","03-06-2026 23:00:00",22.1910172,83.5197009,PM10,NA,NA,NA
India,Chhattisgarh,Raipur,"AIIMS, Raipur - CECB","03-06-2026 23:00:00",21.258815,81.578979,PM2.5,27,145,67
India,Chhattisgarh,Raipur,"AIIMS, Raipur - CECB","03-06-2026 23:00:00",21.258815,81.578979,PM10,32,148,75
India,Delhi,Delhi,"CRRI Mathura Road, Delhi - IITM","03-06-2026 23:00:00",28.5512005,77.2735737,NO2,19,63,35
India,Delhi,Delhi,"Cantonment Area, Delhi - DPCC ","03-06-2026 23:00:00","28.594169 ","77.125100 ",SO2,1,5,2
India,Delhi,Delhi,"Cantonment Area, Delhi - DPCC ","03-06-2026 23:00:00","28.594169 ","77.125100 ",OZONE,3,118,69
India,Delhi,Delhi,"Commonwealth Sports Complex, Delhi - DPCC","03-06-2026 23:00:00","28.615828 ","77.271992 ",SO2,6,12,8
India,Delhi,Delhi,"Commonwealth Sports Complex, Delhi - DPCC","03-06-2026 23:00:00","28.615828 ","77.271992 ",OZONE,1,192,93
India,Delhi,Delhi,"DTU, Delhi - CPCB","03-06-2026 23:00:00",28.7500499,77.1112615,SO2,43,45,44
India,Delhi,Delhi,"Dr. Karni Singh Shooting Range, Delhi - DPCC","03-06-2026 23:00:00",28.498571,77.264840,PM2.5,45,303,118
India,Delhi,Delhi,"Dwarka-Sector 8, Delhi - DPCC ","03-06-2026 23:00:00",28.5710274,77.0719006,PM10,118,304,172
India,Delhi,Delhi,"Dwarka-Sector 8, Delhi - DPCC ","03-06-2026 23:00:00",28.5710274,77.0719006,NO2,24,112,68
India,Delhi,Delhi,"IGNOU_Maidan Garhi, Delhi - DPCC","03-06-2026 23:00:00","28.493624 ","77.201159 ",PM10,65,158,118
India,Delhi,Delhi,"IGNOU_Maidan Garhi, Delhi - DPCC","03-06-2026 23:00:00","28.493624 ","77.201159 ",NO2,5,28,17
India,Delhi,Delhi,"IGNOU_Maidan Garhi, Delhi - DPCC","03-06-2026 23:00:00","28.493624 ","77.201159 ",NH3,1,13,5
India,Andhra_Pradesh,Vijayawada,"Rajiv Gandhi Park, Vijayawada - APPCB","03-06-2026 23:00:00",16.509717,80.612222,NO2,27,47,34
India,Andhra_Pradesh,Visakhapatnam,"GVM Corporation, Visakhapatnam - APPCB","03-06-2026 23:00:00",17.72,83.3,PM10,48,220,119
India,Andhra_Pradesh,Visakhapatnam,"GVM Corporation, Visakhapatnam - APPCB","03-06-2026 23:00:00",17.72,83.3,OZONE,9,47,24
India,Arunachal_Pradesh,Naharlagun,"Naharlagun, Naharlagun - APSPCB","03-06-2026 23:00:00",27.103358,93.679645,OZONE,6,6,6
India,Assam,Byrnihat,"Central Academy for SFS, Byrnihat - PCBA","03-06-2026 23:00:00",26.071318,91.87488,PM2.5,104,353,213
India,Assam,Byrnihat,"Central Academy for SFS, Byrnihat - PCBA","03-06-2026 23:00:00",26.071318,91.87488,NH3,4,4,4
India,Assam,Guwahati,"LGBI Airport, Guwahati - PCBA","03-06-2026 23:00:00",26.10887,91.589544,CO,11,53,48
India,Assam,Guwahati,"Pan Bazaar, Guwahati - PCBA","03-06-2026 23:00:00",26.187500,91.744194,PM2.5,NA,NA,NA
India,Assam,Guwahati,"Pan Bazaar, Guwahati - PCBA","03-06-2026 23:00:00",26.187500,91.744194,NH3,NA,NA,NA
India,Andhra_Pradesh,Eluru,"District Court, Eluru - APPCB","03-06-2026 23:00:00",16.711754,81.092095,SO2,13,15,14
India,Andhra_Pradesh,Kadapa,"Yerramukkapalli, Kadapa - APPCB","03-06-2026 23:00:00",14.465052,78.824187,PM2.5,37,51,43
India,Andhra_Pradesh,Machilipatnam,"Srinivas Nagar Colony, Machilipatnam - APPCB","03-06-2026 23:00:00",16.186555,81.13219,NO2,7,31,15
India,Andhra_Pradesh,Machilipatnam,"Srinivas Nagar Colony, Machilipatnam - APPCB","03-06-2026 23:00:00",16.186555,81.13219,SO2,13,23,18
India,Andhra_Pradesh,Nellore,"Ambedkar Nagar, Nellore - APPCB ","03-06-2026 23:00:00","14.438164 ","79.966814 ",CO,32,36,34
India,Andhra_Pradesh,Rajamahendravaram,"Anand Kala Kshetram, Rajamahendravaram - APPCB","03-06-2026 23:00:00",16.9872867,81.7363176,CO,22,58,35
India,Andhra_Pradesh,Vijayawada,"HB Colony, Vijayawada - APPCB","03-06-2026 23:00:00",16.536107,80.594233,CO,28,34,31
India,Andhra_Pradesh,Amaravati,"Secretariat, Amaravati - APPCB","03-06-2026 23:00:00",16.5150833,80.5181667,PM2.5,33,163,50
India,Andhra_Pradesh,Anantapur,"Gulzarpet, Anantapur - APPCB","03-06-2026 23:00:00",14.675886,77.593027,PM2.5,34,389,90
India,Andhra_Pradesh,Anantapur,"Gulzarpet, Anantapur - APPCB","03-06-2026 23:00:00",14.675886,77.593027,NH3,1,5,3
India,Andhra_Pradesh,Anantapur,"Gulzarpet, Anantapur - APPCB","03-06-2026 23:00:00",14.675886,77.593027,OZONE,21,48,27
India,Andhra_Pradesh,Chittoor,"Gangineni Cheruvu, Chittoor - APPCB","03-06-2026 23:00:00",13.204880,79.097889,PM2.5,27,305,86
India,Andhra_Pradesh,Chittoor,"Gangineni Cheruvu, Chittoor - APPCB","03-06-2026 23:00:00",13.204880,79.097889,SO2,12,21,16
India,Andhra_Pradesh,Eluru,"District Court, Eluru - APPCB","03-06-2026 23:00:00",16.711754,81.092095,NO2,11,54,22
India,Chhattisgarh,Raipur,"Bhatagaon New ISBT, Raipur - CECB","03-06-2026 23:00:00",21.219665,81.630094,CO,19,54,27
India,Chhattisgarh,Tumidih,"OP Jindal Industrial Park, Tumidih - CECB","03-06-2026 23:00:00",22.06631475,83.33820077,OZONE,50,193,183
India,Delhi,Delhi,"Aya Nagar, Delhi - IITM","03-06-2026 23:00:00",28.4706914,77.1099364,NO2,6,23,15
India,Delhi,Delhi,"Bawana, Delhi - DPCC","03-06-2026 23:00:00",28.776200,77.051074,PM2.5,50,170,99
India,Delhi,Delhi,"Burari Crossing, Delhi - IITM","03-06-2026 23:00:00",28.7256504,77.2011573,OZONE,1,137,81
India,Delhi,Delhi,"IHBAS, Dilshad Garden, Delhi - CPCB","03-06-2026 23:00:00",28.6811736,77.3025234,NO2,48,56,51
India,Delhi,Delhi,"IHBAS, Dilshad Garden, Delhi - CPCB","03-06-2026 23:00:00",28.6811736,77.3025234,NH3,5,6,5
India,Delhi,Delhi,"IHBAS, Dilshad Garden, Delhi - CPCB","03-06-2026 23:00:00",28.6811736,77.3025234,SO2,8,24,17
India,Delhi,Delhi,"IHBAS, Dilshad Garden, Delhi - CPCB","03-06-2026 23:00:00",28.6811736,77.3025234,CO,68,84,70
India,Delhi,Delhi,"IIT Delhi, Delhi - IITM","03-06-2026 23:00:00",28.542460,77.191651,PM2.5,52,165,109
India,Delhi,Delhi,"IIT Delhi, Delhi - IITM","03-06-2026 23:00:00",28.542460,77.191651,PM10,120,208,160
India,Delhi,Delhi,"IMD Lodhi Road, Delhi - IITM","03-06-2026 23:00:00",28.5918245,77.2273074,PM2.5,61,162,94
India,Delhi,Delhi,"ITO, Delhi - CPCB","03-06-2026 23:00:00",28.628624,77.241060,OZONE,19,65,39
India,Delhi,Delhi,"JNU, Delhi - DPCC","03-06-2026 23:00:00","28.540721 ","77.168544 ",PM10,75,156,115
India,Delhi,Delhi,"JNU, Delhi - DPCC","03-06-2026 23:00:00","28.540721 ","77.168544 ",CO,32,72,58
India,Delhi,Delhi,"Jahangirpuri, Delhi - DPCC","03-06-2026 23:00:00",28.732820,77.170633,SO2,4,18,12
India,Delhi,Delhi,"Jahangirpuri, Delhi - DPCC","03-06-2026 23:00:00",28.732820,77.170633,OZONE,3,60,38
India,Delhi,Delhi,"Jawaharlal Nehru Stadium, Delhi - DPCC","03-06-2026 23:00:00",28.580280,77.233829,PM2.5,58,157,90
India,Delhi,Delhi,"Jawaharlal Nehru Stadium, Delhi - DPCC","03-06-2026 23:00:00",28.580280,77.233829,NO2,31,125,62
India,Delhi,Delhi,"Jawaharlal Nehru Stadium, Delhi - DPCC","03-06-2026 23:00:00",28.580280,77.233829,SO2,6,113,20
India,Delhi,Delhi,"Major Dhyan Chand National Stadium, Delhi - DPCC","03-06-2026 23:00:00",28.611281,77.237738,NO2,26,127,71
India,Delhi,Delhi,"Major Dhyan Chand National Stadium, Delhi - DPCC","03-06-2026 23:00:00",28.611281,77.237738,NH3,4,19,13
India,Delhi,Delhi,"Major Dhyan Chand National Stadium, Delhi - DPCC","03-06-2026 23:00:00",28.611281,77.237738,CO,10,80,51
India,Delhi,Delhi,"Mundka, Delhi - DPCC","03-06-2026 23:00:00",28.684678,77.076574,PM2.5,45,163,94
India,Delhi,Delhi,"NSIT Dwarka, Delhi - CPCB","03-06-2026 23:00:00",28.60909,77.0325413,OZONE,34,312,238
India,Delhi,Delhi,"NSUT Jaffarpur, Delhi - DPCC","03-06-2026 23:00:00","28.594004 ","76.909423 ",NH3,1,5,3
India,Delhi,Delhi,"Najafgarh, Delhi - DPCC","03-06-2026 23:00:00",28.570173,76.933762,PM2.5,48,143,80
India,Delhi,Delhi,"Najafgarh, Delhi - DPCC","03-06-2026 23:00:00",28.570173,76.933762,SO2,20,88,27
India,Delhi,Delhi,"Narela, Delhi - DPCC","03-06-2026 23:00:00",28.822836,77.101981,SO2,9,71,16
India,Delhi,Delhi,"Narela, Delhi - DPCC","03-06-2026 23:00:00",28.822836,77.101981,CO,23,112,45
India,Delhi,Delhi,"Nehru Nagar, Delhi - DPCC","03-06-2026 23:00:00",28.567890,77.250515,PM10,103,263,151
India,Delhi,Delhi,"North Campus, DU, Delhi - IITM","03-06-2026 23:00:00",28.6573814,77.1585447,CO,8,80,39
India,Delhi,Delhi,"Okhla Phase-2, Delhi - DPCC","03-06-2026 23:00:00",28.530785,77.271255,PM2.5,65,303,139
India,Delhi,Delhi,"Okhla Phase-2, Delhi - DPCC","03-06-2026 23:00:00",28.530785,77.271255,CO,15,68,40
India,Delhi,Delhi,"Patparganj, Delhi - DPCC","03-06-2026 23:00:00",28.623763,77.287209,NO2,12,102,44
India,Delhi,Delhi,"Patparganj, Delhi - DPCC","03-06-2026 23:00:00",28.623763,77.287209,NH3,7,11,9
India,Delhi,Delhi,"Patparganj, Delhi - DPCC","03-06-2026 23:00:00",28.623763,77.287209,SO2,6,32,13
India,Delhi,Delhi,"Punjabi Bagh, Delhi - DPCC","03-06-2026 23:00:00",28.674045,77.131023,PM2.5,73,160,103
India,Delhi,Delhi,"Punjabi Bagh, Delhi - DPCC","03-06-2026 23:00:00",28.674045,77.131023,CO,28,120,87
India,Delhi,Delhi,"Pusa, Delhi - DPCC","03-06-2026 23:00:00",28.639652,77.146275,PM10,83,196,133
India,Delhi,Delhi,"Pusa, Delhi - IITM","03-06-2026 23:00:00",28.636110,77.173332,PM2.5,34,157,83
India,Delhi,Delhi,"R K Puram, Delhi - DPCC","03-06-2026 23:00:00",28.563262,77.186937,PM10,83,181,136
India,Delhi,Delhi,"R K Puram, Delhi - DPCC","03-06-2026 23:00:00",28.563262,77.186937,NH3,6,7,6
India,Jharkhand,Dhanbad,"Sardar Patel Nagar, Dhanbad - JSPCB","03-06-2026 23:00:00",23.80569,86.44268,CO,6,133,66
India,Jharkhand,Jorapokhar,"Tata Stadium, Jorapokhar - JSPCB","03-06-2026 23:00:00",23.707909,86.414670,PM2.5,55,91,63
India,Jharkhand,Jorapokhar,"Tata Stadium, Jorapokhar - JSPCB","03-06-2026 23:00:00",23.707909,86.414670,NH3,3,3,3
India,Karnataka,Bagalkot,"Vidayagiri, Bagalkot - KSPCB","03-06-2026 23:00:00",16.172806,75.659694,PM10,49,50,50
India,Karnataka,Bagalkot,"Vidayagiri, Bagalkot - KSPCB","03-06-2026 23:00:00",16.172806,75.659694,OZONE,24,25,25
India,Karnataka,Bengaluru,"BTM Layout, Bengaluru - CPCB","03-06-2026 23:00:00",12.9135218,77.5950804,PM10,42,67,54
India,Karnataka,Bengaluru,"BTM Layout, Bengaluru - CPCB","03-06-2026 23:00:00",12.9135218,77.5950804,SO2,15,16,16
India,Karnataka,Bengaluru,"BTM Layout, Bengaluru - CPCB","03-06-2026 23:00:00",12.9135218,77.5950804,CO,46,54,52
India,Karnataka,Bengaluru,"Bapuji Nagar, Bengaluru - KSPCB","03-06-2026 23:00:00",12.951913,77.539784,PM2.5,2,38,14
India,Karnataka,Bengaluru,"Bapuji Nagar, Bengaluru - KSPCB","03-06-2026 23:00:00",12.951913,77.539784,NH3,NA,NA,NA
India,Karnataka,Bengaluru,"Bapuji Nagar, Bengaluru - KSPCB","03-06-2026 23:00:00",12.951913,77.539784,OZONE,28,38,33
India,Karnataka,Bengaluru,"City Railway Station, Bengaluru - KSPCB","03-06-2026 23:00:00",12.9756843,77.5660749,PM10,NA,NA,NA
India,Karnataka,Bengaluru,"City Railway Station, Bengaluru - KSPCB","03-06-2026 23:00:00",12.9756843,77.5660749,NO2,NA,NA,NA
India,Karnataka,Bengaluru,"Peenya, Bengaluru - CPCB","03-06-2026 23:00:00",13.0270199,77.494094,OZONE,27,28,28
India,Karnataka,Bengaluru,"Sanegurava Halli, Bengaluru - KSPCB","03-06-2026 23:00:00",12.990328,77.5431385,NO2,NA,NA,NA
India,Karnataka,Bengaluru,"Sanegurava Halli, Bengaluru - KSPCB","03-06-2026 23:00:00",12.990328,77.5431385,CO,NA,NA,NA
India,Karnataka,Bengaluru,"Shivapura_Peenya, Bengaluru - KSPCB","03-06-2026 23:00:00",13.0246342,77.5080115,PM2.5,NA,NA,NA
India,Delhi,Delhi,"Rohini, Delhi - DPCC","03-06-2026 23:00:00",28.732528,77.119920,NH3,6,11,9
India,Delhi,Delhi,"Shadipur, Delhi - CPCB","03-06-2026 23:00:00",28.6514781,77.1473105,NH3,6,8,7
India,Delhi,Delhi,"Sri Aurobindo Marg, Delhi - DPCC","03-06-2026 23:00:00",28.531346,77.190156,NH3,6,10,8
India,Delhi,Delhi,"Sri Aurobindo Marg, Delhi - DPCC","03-06-2026 23:00:00",28.531346,77.190156,SO2,15,29,20
India,Delhi,Delhi,"Talkatora Garden, Delhi - DPCC","03-06-2026 23:00:00",28.621810,77.1944633,PM10,NA,NA,NA
India,Delhi,Delhi,"Talkatora Garden, Delhi - DPCC","03-06-2026 23:00:00",28.621810,77.1944633,SO2,27,40,32
India,Delhi,Delhi,"Talkatora Garden, Delhi - DPCC","03-06-2026 23:00:00",28.621810,77.1944633,OZONE,6,156,76
India,Delhi,Delhi,"Vivek Vihar, Delhi - DPCC","03-06-2026 23:00:00",28.672342,77.315260,PM10,95,236,150
India,Delhi,Delhi,"Wazirpur, Delhi - DPCC","03-06-2026 23:00:00",28.699793,77.165453,PM10,140,244,163
India,Delhi,Delhi,"Wazirpur, Delhi - DPCC","03-06-2026 23:00:00",28.699793,77.165453,NO2,24,77,48
India,Delhi,Delhi,"Wazirpur, Delhi - DPCC","03-06-2026 23:00:00",28.699793,77.165453,CO,45,84,59
India,Gujarat,Ahmedabad,"Chandkheda, Ahmedabad - IITM","03-06-2026 23:00:00",23.107969,72.574648,NH3,14,21,19
India,Gujarat,Ahmedabad,"Gyaspur, Ahmedabad - IITM","03-06-2026 23:00:00",22.977134,72.553024,NO2,NA,NA,NA
India,Gujarat,Ahmedabad,"Gyaspur, Ahmedabad - IITM","03-06-2026 23:00:00",22.977134,72.553024,SO2,21,67,37
India,Gujarat,Ahmedabad,"Maninagar, Ahmedabad - GPCB","03-06-2026 23:00:00",23.002657,72.591912,PM2.5,44,207,112
India,Haryana,Ballabgarh,"Nathu Colony, Ballabgarh - HSPCB","03-06-2026 23:00:00",28.3419248,77.319699,CO,48,52,50
India,Haryana,Bhiwani,"H.B. Colony, Bhiwani - HSPCB","03-06-2026 23:00:00",28.806223,76.141105,PM2.5,176,186,181
India,Haryana,"Charkhi Dadri","Mini Secretariat, Charkhi Dadri - HSPCB","03-06-2026 23:00:00",28.593883,76.270653,OZONE,11,39,28
India,Haryana,Dharuhera,"Municipal Corporation Office, Dharuhera -  HSPCB","03-06-2026 23:00:00",28.206800,76.799700,CO,54,102,94
India,Haryana,Faridabad,"New Industrial Town, Faridabad - HSPCB","03-06-2026 23:00:00",28.39072,77.30059,CO,26,40,28
India,Haryana,Faridabad,"Sector 11, Faridabad - HSPCB","03-06-2026 23:00:00",28.376058,77.315741,PM2.5,65,380,194
India,Haryana,Faridabad,"Sector 11, Faridabad - HSPCB","03-06-2026 23:00:00",28.376058,77.315741,NO2,30,32,31
India,Haryana,Faridabad,"Sector 30, Faridabad - HSPCB","03-06-2026 23:00:00",28.4417,77.3217,PM10,153,188,166
India,Haryana,Faridabad,"Sector 30, Faridabad - HSPCB","03-06-2026 23:00:00",28.4417,77.3217,SO2,6,6,6
India,Haryana,Fatehabad,"Huda Sector, Fatehabad - HSPCB","03-06-2026 23:00:00",29.503664,75.467934,CO,36,42,39
India,Haryana,Fatehabad,"Huda Sector, Fatehabad - HSPCB","03-06-2026 23:00:00",29.503664,75.467934,OZONE,18,63,52
India,Haryana,Gurugram,"Sector-51, Gurugram - HSPCB","03-06-2026 23:00:00",28.4227,77.0667,SO2,15,18,16
India,Gujarat,Gandhinagar,"Sector-10, Gandhinagar - GPCB","03-06-2026 23:00:00",23.221714,72.654328,NH3,1,3,1
India,Gujarat,Mehsana,"Sadanand Nagar, Mehsana - Nexteng Enviro","03-06-2026 23:00:00",23.593150,72.372792,PM10,85,373,196
India,Gujarat,Mehsana,"Sadanand Nagar, Mehsana - Nexteng Enviro","03-06-2026 23:00:00",23.593150,72.372792,NO2,20,29,24
India,Gujarat,Rajkot,"Mavdi, Rajkot - Nexteng Enviro ","03-06-2026 23:00:00",22.248853,70.776774,OZONE,2,10,9
India,Gujarat,Surat,"Katargam, Surat - Nexteng Enviro","03-06-2026 23:00:00","21.217779 ","72.834787 ",OZONE,12,13,12
India,Gujarat,Vadodara,"Bapunagar, Vadodara - Nexteng Enviro","03-06-2026 23:00:00",22.320153,73.216285,PM2.5,25,207,69
India,Gujarat,Vadodara,"Bapunagar, Vadodara - Nexteng Enviro","03-06-2026 23:00:00",22.320153,73.216285,SO2,5,8,6
India,Gujarat,Vatva,"Phase-4 GIDC, Vatva - GPCB","03-06-2026 23:00:00",22.969611,72.643500,PM10,99,159,125
India,Gujarat,Vatva,"Phase-4 GIDC, Vatva - GPCB","03-06-2026 23:00:00",22.969611,72.643500,NO2,3,38,28
India,Haryana,Ambala,"Patti Mehar, Ambala - HSPCB","03-06-2026 23:00:00",30.379589,76.778328,NH3,4,12,7
India,Haryana,Bahadurgarh,"Arya Nagar, Bahadurgarh - HSPCB","03-06-2026 23:00:00",28.6701,76.9254,CO,44,50,47
India,Haryana,Panchgaon,"Amity University, Panchgaon - IITM","03-06-2026 23:00:00",28.3153,76.9143,NH3,17,49,25
India,Haryana,Panchkula,"Sector-6, Panchkula - HSPCB ","03-06-2026 23:00:00",30.7057778,76.8531805555555,SO2,13,14,14
India,Haryana,Panchkula,"Sector-6, Panchkula - HSPCB ","03-06-2026 23:00:00",30.7057778,76.8531805555555,CO,2,32,4
India,Haryana,Panchkula,"Sector-6, Panchkula - HSPCB ","03-06-2026 23:00:00",30.7057778,76.8531805555555,OZONE,26,66,52
India,Haryana,Panipat,"Sector-18, Panipat - HSPCB","03-06-2026 23:00:00",29.432304,76.972765,NH3,2,3,3
India,Haryana,Panipat,"Sector-18, Panipat - HSPCB","03-06-2026 23:00:00",29.432304,76.972765,OZONE,29,30,30
India,Haryana,Sirsa,"F-Block, Sirsa - HSPCB","03-06-2026 23:00:00",29.536400,75.015800,PM2.5,36,500,73
India,Haryana,Sirsa,"F-Block, Sirsa - HSPCB","03-06-2026 23:00:00",29.536400,75.015800,NO2,16,20,18
India,Haryana,Sirsa,"F-Block, Sirsa - HSPCB","03-06-2026 23:00:00",29.536400,75.015800,NH3,12,14,13
India,Haryana,Sirsa,"F-Block, Sirsa - HSPCB","03-06-2026 23:00:00",29.536400,75.015800,SO2,3,57,12
India,Haryana,Sirsa,"F-Block, Sirsa - HSPCB","03-06-2026 23:00:00",29.536400,75.015800,OZONE,13,174,98
India,Haryana,Sonipat,"Murthal, Sonipat - HSPCB","03-06-2026 23:00:00",29.027200,77.062100,CO,39,41,40
India,Jammu_and_Kashmir,Srinagar,"Rajbagh, Srinagar - JKPCC","03-06-2026 23:00:00",34.066206,74.819820,PM2.5,21,41,28
India,Haryana,Gurugram,"Vikas Sadan, Gurugram - HSPCB","03-06-2026 23:00:00",28.4501238,77.0263051,NO2,9,45,26
India,Haryana,Hisar,"Urban Estate-II, Hisar - HSPCB","03-06-2026 23:00:00",29.140560,75.744941,CO,NA,NA,NA
India,Haryana,Hisar,"Urban Estate-II, Hisar - HSPCB","03-06-2026 23:00:00",29.140560,75.744941,OZONE,NA,NA,NA
India,Haryana,Jind,"Police Lines, Jind - HSPCB","03-06-2026 23:00:00",29.307814,76.337619,SO2,1,3,1
India,Haryana,Kaithal,"Rishi Nagar, Kaithal - HSPCB","03-06-2026 23:00:00",29.8006,76.4155,CO,5,114,38
India,Haryana,Karnal,"Sector-12, Karnal - HSPCB","03-06-2026 23:00:00",29.695300,77.002700,CO,12,18,13
India,Haryana,Kurukshetra,"Sector-7, Kurukshetra - HSPCB","03-06-2026 23:00:00",29.966942,76.875879,PM2.5,52,131,78
India,Haryana,Mandikhera,"General Hospital, Mandikhera(Nuh) - HSPCB","03-06-2026 23:00:00",27.9002,76.9938,SO2,25,27,26
India,Haryana,Manesar,"Sector-2 IMT, Manesar - HSPCB","03-06-2026 23:00:00",28.360699,76.936090,SO2,1,15,6
India,Haryana,Narnaul,"Shastri Nagar, Narnaul - HSPCB","03-06-2026 23:00:00",28.060249,76.113115,PM10,26,102,57
India,Gujarat,Ahmedabad,"Raikhad, Ahmedabad - IITM","03-06-2026 23:00:00",23.020509,72.579261,CO,11,56,33
India,Gujarat,Ahmedabad,"Rakhial, Ahmedabad - IITM","03-06-2026 23:00:00",23.016834,72.625775,PM2.5,15,72,42
India,Gujarat,Ahmedabad,"Rakhial, Ahmedabad - IITM","03-06-2026 23:00:00",23.016834,72.625775,OZONE,5,25,11
India,Gujarat,Ahmedabad,"SAC ISRO Bopal, Ahmedabad - IITM","03-06-2026 23:00:00",23.041137,72.456691,PM10,63,114,88
India,Gujarat,Ahmedabad,"SAC ISRO Bopal, Ahmedabad - IITM","03-06-2026 23:00:00",23.041137,72.456691,NH3,2,5,3
India,Gujarat,Ahmedabad,"SAC ISRO Satellite, Ahmedabad - IITM","03-06-2026 23:00:00",23.023389,72.515201,CO,2,64,41
India,Gujarat,Ankleshwar,"GIDC, Ankleshwar - GPCB","03-06-2026 23:00:00",21.613267,73.010555,PM2.5,36,90,67
India,Gujarat,Ankleshwar,"GIDC, Ankleshwar - GPCB","03-06-2026 23:00:00",21.613267,73.010555,OZONE,10,34,18
India,Gujarat,Bhavnagar,"Vidhyanagar, Bhavnagar - Nexteng Enviro","03-06-2026 23:00:00",21.755417,72.139056,PM2.5,29,102,61
India,Gujarat,Gandhinagar,"GIFT City, Gandhinagar - IITM","03-06-2026 23:00:00",23.163798,72.677768,CO,12,54,28
India,Gujarat,Gandhinagar,"IIPHG Lekawada, Gandhinagar - IITM","03-06-2026 23:00:00",23.243639,72.68994,NH3,1,2,1
India,"Madhya Pradesh",Bhopal,"Paryavaran Parisar, Bhopal - MPPCB","03-06-2026 23:00:00",23.210494,77.425409,NH3,5,7,6
India,"Madhya Pradesh",Bhopal,"T T Nagar, Bhopal - MPPCB","03-06-2026 23:00:00",23.233584,77.400574,PM2.5,27,65,41
India,"Madhya Pradesh",Damoh,"Shrivastav Colony, Damoh - MPPCB","03-06-2026 23:00:00",23.81748678,79.446246,SO2,43,63,50
India,"Madhya Pradesh",Damoh,"Shrivastav Colony, Damoh - MPPCB","03-06-2026 23:00:00",23.81748678,79.446246,CO,12,25,21
India,"Madhya Pradesh",Dewas,"Bhopal Chauraha, Dewas - MPPCB","03-06-2026 23:00:00",22.9682591,76.064118,PM10,52,124,89
India,"Madhya Pradesh",Dewas,"Bhopal Chauraha, Dewas - MPPCB","03-06-2026 23:00:00",22.9682591,76.064118,NH3,3,3,3
India,"Madhya Pradesh",Gwalior,"City Center, Gwalior - MPPCB","03-06-2026 23:00:00",26.203442,78.193251,PM2.5,23,83,48
India,"Madhya Pradesh",Gwalior,"City Center, Gwalior - MPPCB","03-06-2026 23:00:00",26.203442,78.193251,NH3,1,5,2
India,"Madhya Pradesh",Gwalior,"Deen Dayal Nagar, Gwalior - MPPCB","03-06-2026 23:00:00",26.259242,78.216432,OZONE,55,145,108
India,"Madhya Pradesh",Gwalior,"Maharaj Bada, Gwalior - MPPCB","03-06-2026 23:00:00",26.200388,78.147714,PM10,65,119,93
India,"Madhya Pradesh",Gwalior,"Maharaj Bada, Gwalior - MPPCB","03-06-2026 23:00:00",26.200388,78.147714,NH3,4,7,6
India,"Madhya Pradesh",Gwalior,"Maharaj Bada, Gwalior - MPPCB","03-06-2026 23:00:00",26.200388,78.147714,CO,15,72,40
India,"Madhya Pradesh",Indore,"Chhoti Gwaltoli, Indore - MPPCB","03-06-2026 23:00:00",22.4310,75.5213,NH3,8,16,12
India,"Madhya Pradesh",Indore,"Chhoti Gwaltoli, Indore - MPPCB","03-06-2026 23:00:00",22.4310,75.5213,CO,60,190,117
India,"Madhya Pradesh",Indore,"Maguda Nagar, Indore - IMC","03-06-2026 23:00:00",22.7524,75.8872,PM2.5,10,53,37
India,"Madhya Pradesh",Indore,"Maguda Nagar, Indore - IMC","03-06-2026 23:00:00",22.7524,75.8872,CO,32,50,35
India,Karnataka,Mysuru,"Hebbal 1st Stage, Mysuru - KSPCB","03-06-2026 23:00:00",12.21041,76.37376,OZONE,10,37,22
India,Karnataka,Ramanagara,"Vijay Nagar, Ramanagara - KSPCB","03-06-2026 23:00:00",12.733409,77.298051,SO2,13,17,15
India,Karnataka,Shivamogga,"Vinoba Nagara, Shivamogga - KSPCB","03-06-2026 23:00:00",13.940000,75.555917,OZONE,3,25,21
India,Karnataka,Vijayapura,"Ibrahimpur, Vijayapura - KSPCB","03-06-2026 23:00:00",16.802639,75.722694,CO,9,35,20
India,Kerala,Kannur,"Thavakkara, Kannur - Kerala PCB","03-06-2026 23:00:00",11.875000,75.373200,OZONE,30,31,30
India,Kerala,Kollam,"Polayathode, Kollam - Kerala PCB","03-06-2026 23:00:00",8.8787,76.6073,NO2,9,10,9
India,Kerala,Thiruvananthapuram,"Kariavattom, Thiruvananthapuram - Kerala PCB","03-06-2026 23:00:00",8.563700,76.886500,PM10,28,89,50
India,Kerala,Thiruvananthapuram,"Kariavattom, Thiruvananthapuram - Kerala PCB","03-06-2026 23:00:00",8.563700,76.886500,NO2,6,7,6
India,Kerala,Thiruvananthapuram,"Plammoodu, Thiruvananthapuram - Kerala PCB","03-06-2026 23:00:00",8.5149093,76.9435879,PM2.5,3,24,10
India,Kerala,Thrissur,"Corporation Ground, Thrissur - Kerala PCB","03-06-2026 23:00:00",10.532400,76.215900,PM10,58,72,67
India,Maharashtra,Bhiwandi,"Gokul Nagar, Bhiwandi - MPCB","03-06-2026 23:00:00",19.309073,73.057223,CO,12,26,16
India,Maharashtra,Boisar,"Khaira, Boisar - MPCB","03-06-2026 23:00:00",19.786089,72.757971,NO2,13,22,19
India,Maharashtra,Chandrapur,"Chauhan Colony, Chandrapur - MPCB","03-06-2026 23:00:00",19.962900,79.298714,OZONE,12,21,17
India,Maharashtra,Chandrapur,"MIDC Khutala, Chandrapur - MPCB","03-06-2026 23:00:00",19.9775302,79.2337086,CO,35,42,39
India,Maharashtra,Dhule,"Deopur, Dhule - MPCB","03-06-2026 23:00:00",20.918946,74.776388,CO,2,6,2
India,Maharashtra,Dhule,"Deopur, Dhule - MPCB","03-06-2026 23:00:00",20.918946,74.776388,OZONE,28,34,30
India,Maharashtra,Jalgaon,"Prabhat Colony, Jalgaon - MPCB","03-06-2026 23:00:00",21.001264,75.565602,PM2.5,26,86,44
India,Maharashtra,Jalgaon,"Prabhat Colony, Jalgaon - MPCB","03-06-2026 23:00:00",21.001264,75.565602,NO2,8,57,13
India,Maharashtra,Jalna,"Old MIDC, Jalna - MPCB","03-06-2026 23:00:00",19.854616,75.905894,SO2,1,4,2
India,Maharashtra,Kalyan,"Pimpleshwar Mandir, Kalyan - MPCB","03-06-2026 23:00:00",19.192056,72.9585188,CO,35,70,38
India,Maharashtra,Ambernath,"Chinchpada, Ambernath - MPCB","03-06-2026 23:00:00",19.2157840,73.1997810,OZONE,2,45,20
India,Maharashtra,Amravati,"Shivneri Colony, Amravati - MPCB","03-06-2026 23:00:00",20.9402359,77.7895248,CO,3,46,19
India,Maharashtra,Amravati,"Shivneri Colony, Amravati - MPCB","03-06-2026 23:00:00",20.9402359,77.7895248,OZONE,1,62,37
India,Maharashtra,Aurangabad,"Rachnakar Colony, Aurangabad - MPCB","03-06-2026 23:00:00",19.863756,75.321188,PM10,40,85,55
India,Maharashtra,Aurangabad,"Rachnakar Colony, Aurangabad - MPCB","03-06-2026 23:00:00",19.863756,75.321188,SO2,10,16,13
India,Maharashtra,Badlapur,"Katrap, Badlapur - MPCB","03-06-2026 23:00:00",19.16485,73.23409,PM2.5,39,71,60
India,Maharashtra,Beed,"Bir, Beed - MPCB","03-06-2026 23:00:00",18.988474,75.753873,PM2.5,10,30,19
India,Maharashtra,Beed,"Bir, Beed - MPCB","03-06-2026 23:00:00",18.988474,75.753873,PM10,37,101,62
India,Maharashtra,Beed,"Bir, Beed - MPCB","03-06-2026 23:00:00",18.988474,75.753873,CO,12,26,19
India,Maharashtra,Belapur,"CBD Belapur, Belapur - MPCB","03-06-2026 23:00:00",19.0243902,73.0406721,SO2,10,18,14
India,Maharashtra,Kolhapur,"Shivaji University, Kolhapur - MPCB","03-06-2026 23:00:00",16.6870449,74.2505872,NH3,3,4,3
India,Maharashtra,Malegaon,"Mahesh Nagar, Malegaon - MPCB","03-06-2026 23:00:00",20.555712,74.529236,SO2,NA,NA,NA
India,Maharashtra,Mira-Bhayandar,"Bhayandar West, Mira-Bhayandar - MPCB","03-06-2026 23:00:00",19.296481,72.840923,PM2.5,10,35,20
India,Maharashtra,Mumbai,"Bandra Kurla Complex, Mumbai - IITM","03-06-2026 23:00:00",19.053536,72.84643,PM10,NA,NA,NA
India,Maharashtra,Mumbai,"Bandra Kurla Complex, Mumbai - MPCB","03-06-2026 23:00:00",19.065931,72.862131,NH3,1,6,2
India,Maharashtra,Mumbai,"Bandra Kurla Complex, Mumbai - MPCB","03-06-2026 23:00:00",19.065931,72.862131,SO2,2,4,3
India,Maharashtra,Mumbai,"Borivali East, Mumbai - IITM","03-06-2026 23:00:00",19.23241,72.86895,NH3,NA,NA,NA
India,Maharashtra,Mumbai,"Borivali East, Mumbai - MPCB","03-06-2026 23:00:00",19.2243333,72.8658113,PM2.5,NA,NA,NA
India,Maharashtra,Mumbai,"Byculla, Mumbai - BMC","03-06-2026 23:00:00",18.9767,72.8380,NH3,1,4,2
India,Karnataka,Chamarajanagar,"Urban, Chamarajanagar - KSPCB","03-06-2026 23:00:00",11.55358,76.55521,CO,15,24,22
India,Karnataka,Chamarajanagar,"Urban, Chamarajanagar - KSPCB","03-06-2026 23:00:00",11.55358,76.55521,OZONE,14,38,26
India,Karnataka,Chikkaballapur,"Chikkaballapur Rural, Chikkaballapur - KSPCB","03-06-2026 23:00:00",13.428828,77.731418,NH3,1,1,1
India,Karnataka,Chikkaballapur,"Chikkaballapur Rural, Chikkaballapur - KSPCB","03-06-2026 23:00:00",13.428828,77.731418,SO2,5,18,14
India,Karnataka,Hubballi,"Lingaraj Nagar, Hubballi - KSPCB","03-06-2026 23:00:00",15.3714823,75.1160168,NO2,7,11,9
India,Karnataka,Kalaburagi,"Mahatma Basaveswar Colony, Kalaburgi - KSPCB","03-06-2026 23:00:00",17.336318,76.847397,NH3,2,3,3
India,Maharashtra,Mumbai,"Chhatrapati Shivaji Intl. Airport (T2), Mumbai - MPCB","03-06-2026 23:00:00",19.10078,72.87462,NO2,26,26,26
India,Maharashtra,Mumbai,"Deonar, Mumbai - IITM","03-06-2026 23:00:00",19.04946,72.9230,SO2,NA,NA,NA
India,Maharashtra,Mumbai,"Deonar, Mumbai - IITM","03-06-2026 23:00:00",19.04946,72.9230,OZONE,10,46,15
India,Maharashtra,Mumbai,"Ghatkopar, Mumbai - BMC","03-06-2026 23:00:00",19.083694,72.920967,PM2.5,32,63,45
India,Maharashtra,Mumbai,"Kandivali West, Mumbai - BMC","03-06-2026 23:00:00",19.215859,72.831718,CO,2,26,15
India,Maharashtra,Mumbai,"Khindipada-Bhandup West, Mumbai - IITM","03-06-2026 23:00:00",19.1653323,72.922099,PM2.5,2,30,11
India,"Madhya Pradesh",Jabalpur,"Gupteshwar, Jabalpur - JMC","03-06-2026 23:00:00",23.142888,79.916147,PM2.5,NA,NA,NA
India,"Madhya Pradesh",Jabalpur,"Gupteshwar, Jabalpur - JMC","03-06-2026 23:00:00",23.142888,79.916147,NO2,NA,NA,NA
India,"Madhya Pradesh",Jabalpur,"Gupteshwar, Jabalpur - JMC","03-06-2026 23:00:00",23.142888,79.916147,CO,36,56,48
India,"Madhya Pradesh",Jabalpur,"Marhatal, Jabalpur - MPPCB","03-06-2026 23:00:00",23.168606,79.932247,PM2.5,23,116,66
India,"Madhya Pradesh",Jabalpur,"Marhatal, Jabalpur - MPPCB","03-06-2026 23:00:00",23.168606,79.932247,CO,46,107,97
India,"Madhya Pradesh",Pithampur,"Sector-2 Industrial Area, Pithampur - MPPCB","03-06-2026 23:00:00",22.624758,75.675238,CO,10,19,16
India,"Madhya Pradesh",Pithampur,"Sector-2 Industrial Area, Pithampur - MPPCB","03-06-2026 23:00:00",22.624758,75.675238,OZONE,85,181,112
India,"Madhya Pradesh",Sagar,"Civil Lines, Sagar - MPPCB","03-06-2026 23:00:00",23.838586,78.759431,NO2,7,32,14
India,"Madhya Pradesh",Sagar,"Civil Lines, Sagar - MPPCB","03-06-2026 23:00:00",23.838586,78.759431,OZONE,15,130,31
India,"Madhya Pradesh",Ujjain,"Mahashweta Nagar, Ujjain - MPPCB","03-06-2026 23:00:00",23.1633321,75.800225,PM10,62,105,79
India,Maharashtra,Ahmednagar,"Tarakpur, Ahmednagar - MPCB","03-06-2026 23:00:00",19.10122,74.73339,SO2,NA,NA,NA
India,Punjab,Bathinda,"Hardev Nagar, Bathinda - PPCB","03-06-2026 23:00:00",30.233011,74.907758,CO,44,80,52
India,Punjab,Jalandhar,"Civil Line, Jalandhar - PPCB","03-06-2026 23:00:00",31.321907,75.578914,NH3,5,6,6
India,Punjab,Jalandhar,"Civil Line, Jalandhar - PPCB","03-06-2026 23:00:00",31.321907,75.578914,OZONE,43,52,45
India,Punjab,Khanna,"Kalal Majra, Khanna - PPCB","03-06-2026 23:00:00","30.736056 ",76.209694,PM10,NA,NA,NA
India,Punjab,Khanna,"Kalal Majra, Khanna - PPCB","03-06-2026 23:00:00","30.736056 ",76.209694,CO,55,58,56
India,Punjab,Khanna,"Kalal Majra, Khanna - PPCB","03-06-2026 23:00:00","30.736056 ",76.209694,OZONE,30,38,31
India,Punjab,Ludhiana,"Punjab Agricultural University, Ludhiana - PPCB","03-06-2026 23:00:00",30.9028,75.8086,SO2,11,39,19
India,Punjab,Ludhiana,"Punjab Agricultural University, Ludhiana - PPCB","03-06-2026 23:00:00",30.9028,75.8086,OZONE,40,70,55
India,Punjab,Patiala,"Model Town, Patiala - PPCB","03-06-2026 23:00:00",30.349388,76.366642,OZONE,16,53,31
India,Punjab,Rupnagar,"Ratanpura, Rupnagar - Ambuja Cements","03-06-2026 23:00:00",31.0325454,76.5623046,PM10,23,298,117
India,Punjab,Rupnagar,"Ratanpura, Rupnagar - Ambuja Cements","03-06-2026 23:00:00",31.0325454,76.5623046,NO2,10,46,27
India,Rajasthan,Ajmer,"Civil Lines,  Ajmer - RSPCB","03-06-2026 23:00:00",26.470859,74.646594,PM2.5,33,220,85
India,Rajasthan,Ajmer,"Civil Lines,  Ajmer - RSPCB","03-06-2026 23:00:00",26.470859,74.646594,PM10,74,246,157
India,Rajasthan,Alwar,"Moti Doongri, Alwar - RSPCB","03-06-2026 23:00:00",27.554793,76.611536,PM10,62,105,79
India,Rajasthan,Alwar,"Moti Doongri, Alwar - RSPCB","03-06-2026 23:00:00",27.554793,76.611536,OZONE,2,62,9
India,Rajasthan,Banswara,"Rati Talai, Banswara - RSPCB","03-06-2026 23:00:00",23.555190,74.440010,PM10,52,172,112
India,Rajasthan,Banswara,"Rati Talai, Banswara - RSPCB","03-06-2026 23:00:00",23.555190,74.440010,NO2,19,42,30
India,Rajasthan,Banswara,"Rati Talai, Banswara - RSPCB","03-06-2026 23:00:00",23.555190,74.440010,SO2,5,20,10
India,Rajasthan,Baran,"Bamboliya, Baran - RSPCB","03-06-2026 23:00:00",25.106006,76.469948,PM2.5,7,78,43
India,Maharashtra,Pimpri-Chinchwad,"Transport Nagar-Nigdi, Pimpri-Chinchwad- IITM","03-06-2026 23:00:00",18.664282,73.763966,NO2,13,21,16
India,Maharashtra,Pimpri-Chinchwad,"Transport Nagar-Nigdi, Pimpri-Chinchwad- IITM","03-06-2026 23:00:00",18.664282,73.763966,CO,8,28,16
India,Maharashtra,Pune,"Katraj Dairy, Pune - MPCB","03-06-2026 23:00:00",18.454450,73.854155,NH3,1,2,1
India,Maharashtra,Pune,"Katraj Dairy, Pune - MPCB","03-06-2026 23:00:00",18.454450,73.854155,SO2,2,3,3
India,Maharashtra,Pune,"Mhada Colony, Pune - IITM","03-06-2026 23:00:00",18.573040,73.927715,PM2.5,NA,NA,NA
India,Maharashtra,Pune,"Panchawati_Pashan, Pune - IITM","03-06-2026 23:00:00",18.536457,73.805454,NO2,8,15,11
India,Maharashtra,Pune,"Panchawati_Pashan, Pune - IITM","03-06-2026 23:00:00",18.536457,73.805454,OZONE,2,17,11
India,Maharashtra,Pune,"Revenue Colony-Shivajinagar, Pune - IITM","03-06-2026 23:00:00",18.530085,73.849598,PM2.5,15,58,35
India,Maharashtra,Pune,"Revenue Colony-Shivajinagar, Pune - IITM","03-06-2026 23:00:00",18.530085,73.849598,NO2,13,29,21
India,Maharashtra,Pune,"Revenue Colony-Shivajinagar, Pune - IITM","03-06-2026 23:00:00",18.530085,73.849598,SO2,18,35,24
India,Maharashtra,Pune,"Revenue Colony-Shivajinagar, Pune - IITM","03-06-2026 23:00:00",18.530085,73.849598,CO,18,57,35
India,Maharashtra,Pune,"Savitribai Phule Pune University, Pune - MPCB","03-06-2026 23:00:00",18.547056,73.826908,PM2.5,14,32,25
India,Maharashtra,Pune,"Savitribai Phule Pune University, Pune - MPCB","03-06-2026 23:00:00",18.547056,73.826908,OZONE,2,19,14
India,Maharashtra,Sangli,"Vijay Nagar, Sangli - MPCB","03-06-2026 23:00:00"," 16.5038",74.3623,PM2.5,18,53,31
India,Maharashtra,Satara,"Koyana Nagar, Satara - MPCB","03-06-2026 23:00:00",17.696651,74.003387,NH3,1,2,2
India,Maharashtra,Solapur,"Dnyaneshwar Nagar, Solapur - MPCB","03-06-2026 23:00:00",17.6336264,75.9132495,PM10,NA,NA,NA
India,Maharashtra,Solapur,"Dnyaneshwar Nagar, Solapur - MPCB","03-06-2026 23:00:00",17.6336264,75.9132495,NO2,NA,NA,NA
India,Maharashtra,Solapur,"Ratandeep Housing Society, Solapur - MPCB","03-06-2026 23:00:00",17.65439,75.90649,SO2,1,5,3
India,Maharashtra,Thane,"Kasarvadavali, Thane - MPCB","03-06-2026 23:00:00",19.26777,72.97182,NH3,2,4,3
India,Maharashtra,"Navi Mumbai","Kopripada-Vashi, Navi Mumbai - MPCB","03-06-2026 23:00:00",19.090337,73.014232,SO2,9,13,10
India,Maharashtra,"Navi Mumbai","Kopripada-Vashi, Navi Mumbai - MPCB","03-06-2026 23:00:00",19.090337,73.014232,CO,19,60,28
India,Maharashtra,"Navi Mumbai","Nerul, Navi Mumbai - MPCB","03-06-2026 23:00:00",19.008751,73.016620,PM10,24,71,38
India,Maharashtra,"Navi Mumbai","Nerul, Navi Mumbai - MPCB","03-06-2026 23:00:00",19.008751,73.016620,NH3,7,7,7
India,Maharashtra,"Navi Mumbai","Sanpada, Navi Mumbai - MPCB","03-06-2026 23:00:00",19.0575752,73.0151367,NH3,1,9,4
India,Maharashtra,Parbhani,"Masoom Colony, Parbhani - MPCB","03-06-2026 23:00:00",19.265594,76.761463,PM2.5,15,51,36
India,Maharashtra,Parbhani,"Masoom Colony, Parbhani - MPCB","03-06-2026 23:00:00",19.265594,76.761463,NO2,35,98,51
India,Maharashtra,Parbhani,"Masoom Colony, Parbhani - MPCB","03-06-2026 23:00:00",19.265594,76.761463,NH3,3,5,4
India,Maharashtra,Pimpri-Chinchwad,"Bhosari,Pimpri-Chinchwad - IITM","03-06-2026 23:00:00",18.640051,73.848956,CO,NA,NA,NA
India,Maharashtra,Pimpri-Chinchwad,"Bhumkar Nagar, Pimpri-Chinchwad - IITM","03-06-2026 23:00:00",18.605770,73.749976,PM10,10,86,49
India,Maharashtra,Pimpri-Chinchwad,"Gavalinagar, Pimpri Chinchwad - MPCB","03-06-2026 23:00:00",18.63673,73.82487,NO2,NA,NA,NA
India,Maharashtra,Pimpri-Chinchwad,"Gavalinagar, Pimpri Chinchwad - MPCB","03-06-2026 23:00:00",18.63673,73.82487,CO,2,16,11
India,Maharashtra,Pimpri-Chinchwad,"Gavalinagar, Pimpri Chinchwad - MPCB","03-06-2026 23:00:00",18.63673,73.82487,OZONE,3,30,19
India,Maharashtra,Pimpri-Chinchwad,"Park Street Wakad, Pimpri Chinchwad - MPCB","03-06-2026 23:00:00",18.59051,73.77946,PM10,35,53,45
India,Maharashtra,Pimpri-Chinchwad,"Savta Mali Nagar, Pimpri-Chinchwad - IITM","03-06-2026 23:00:00",18.614767,73.799516,PM2.5,10,75,27
India,Maharashtra,Pimpri-Chinchwad,"Savta Mali Nagar, Pimpri-Chinchwad - IITM","03-06-2026 23:00:00",18.614767,73.799516,NO2,12,26,18
India,Maharashtra,Pimpri-Chinchwad,"Savta Mali Nagar, Pimpri-Chinchwad - IITM","03-06-2026 23:00:00",18.614767,73.799516,OZONE,14,32,25
India,Maharashtra,Pimpri-Chinchwad,"Thergaon, Pimpri Chinchwad - MPCB","03-06-2026 23:00:00",18.616318,73.765797,PM2.5,37,68,51
India,Maharashtra,Pimpri-Chinchwad,"Thergaon, Pimpri Chinchwad - MPCB","03-06-2026 23:00:00",18.616318,73.765797,PM10,77,108,90
India,Odisha,Keonjhar,"Jagamohanpur, Keonjhar - OSPCB","03-06-2026 23:00:00",21.643900,85.599355,NH3,2,2,2
India,Odisha,Keonjhar,"Jagamohanpur, Keonjhar - OSPCB","03-06-2026 23:00:00",21.643900,85.599355,CO,26,30,28
India,Odisha,Rairangpur,"Divisional Forest Office, Rairangpur - OSPCB","03-06-2026 23:00:00",22.265816,86.174829,NH3,3,3,3
India,Odisha,Rairangpur,"Divisional Forest Office, Rairangpur - OSPCB","03-06-2026 23:00:00",22.265816,86.174829,OZONE,13,42,23
India,Odisha,Rourkela,"Fertilizer Township, Rourkela - OSPCB","03-06-2026 23:00:00",22.18972222,84.86277778,PM10,68,92,72
India,Odisha,Rourkela,"Raghunathpali, Rourkela - OSPCB","03-06-2026 23:00:00",22.220833,84.809444,PM10,62,115,96
India,Odisha,Rourkela,"Raghunathpali, Rourkela - OSPCB","03-06-2026 23:00:00",22.220833,84.809444,SO2,5,8,6
India,Odisha,Suakati,"OMC Colony, Suakati - OSPCB","03-06-2026 23:00:00",21.606865,85.510538,PM2.5,32,62,47
India,Odisha,Suakati,"OMC Colony, Suakati - OSPCB","03-06-2026 23:00:00",21.606865,85.510538,OZONE,6,46,36
India,Odisha,Talcher,"Talcher Coalfields,Talcher - OSPCB","03-06-2026 23:00:00",20.9360711,85.1707021,SO2,30,50,37
India,Puducherry,Puducherry,"Jawahar Nagar, Puducherry - PPCC","03-06-2026 23:00:00",11.9309,79.8027,NO2,3,33,10
India,Puducherry,Puducherry,"Jawahar Nagar, Puducherry - PPCC","03-06-2026 23:00:00",11.9309,79.8027,CO,13,36,26
India,Punjab,Amritsar,"Golden Temple, Amritsar - PPCB","03-06-2026 23:00:00",31.620000,74.876512,NO2,14,17,16
India,Maharashtra,Mumbai,"Worli, Mumbai -MPCB","03-06-2026 23:00:00",18.9942180,72.8158167,NO2,10,39,20
India,Maharashtra,Mumbai,"Worli, Mumbai -MPCB","03-06-2026 23:00:00",18.9942180,72.8158167,NH3,3,3,3
India,Maharashtra,Nagpur,"Ambazari, Nagpur - MPCB","03-06-2026 23:00:00",21.121801,79.04952,NO2,2,89,23
India,Maharashtra,Nagpur,"Ambazari, Nagpur - MPCB","03-06-2026 23:00:00",21.121801,79.04952,CO,2,99,28
India,Maharashtra,Nagpur,"Mahal, Nagpur - MPCB","03-06-2026 23:00:00",21.14472,79.107595,NO2,16,68,30
India,Maharashtra,Nagpur,"Opp GPO Civil Lines, Nagpur - MPCB","03-06-2026 23:00:00",21.152875,79.0517531,PM2.5,23,72,48
India,Maharashtra,Nagpur,"Opp GPO Civil Lines, Nagpur - MPCB","03-06-2026 23:00:00",21.152875,79.0517531,OZONE,6,71,37
India,Maharashtra,Nagpur,"Ram Nagar, Nagpur - MPCB","03-06-2026 23:00:00",21.143383,79.048912,PM10,54,98,76
India,Maharashtra,Nanded,"Sneh Nagar, Nanded - MPCB","03-06-2026 23:00:00",19.173852,77.296291,PM2.5,26,58,37
India,Maharashtra,Nashik,"Gangapur Road, Nashik - MPCB","03-06-2026 23:00:00",20.0073285,73.7762427,OZONE,10,27,11
India,Maharashtra,Nashik,"Hirawadi, Nashik - MPCB","03-06-2026 23:00:00",20.021503,73.813844,PM2.5,28,48,37
India,Maharashtra,Nashik,"MIDC Ambad, Nashik - MPCB","03-06-2026 23:00:00",19.950220,73.731480,NO2,NA,NA,NA
India,Maharashtra,Nashik,"MIDC Ambad, Nashik - MPCB","03-06-2026 23:00:00",19.950220,73.731480,NH3,NA,NA,NA
India,Maharashtra,Nashik,"Pandav Nagari, Nashik - MPCB","03-06-2026 23:00:00",19.9591346,73.7788008,OZONE,3,40,33
India,Maharashtra,Thane,"Kasarvadavali, Thane - MPCB","03-06-2026 23:00:00",19.26777,72.97182,CO,4,26,10
India,Maharashtra,Thane,"Upvan Fort, Thane - MPCB","03-06-2026 23:00:00",19.222279,72.957979,PM2.5,39,58,48
India,Maharashtra,Thane,"Upvan Fort, Thane - MPCB","03-06-2026 23:00:00",19.222279,72.957979,OZONE,32,61,44
India,Maharashtra,Ulhasnagar,"Sidhi Vinayak Nagar, Ulhasnagar - MPCB","03-06-2026 23:00:00",19.235581,73.159121,PM2.5,31,58,44
India,Maharashtra,Ulhasnagar,"Vithalwadi, Ulhasnagar - MPCB","03-06-2026 23:00:00","19.2307571 ",73.1551920,NH3,1,3,2
India,Maharashtra,Virar,"Bolinj, Virar - MPCB","03-06-2026 23:00:00",19.4458210,72.7988231,SO2,3,4,3
India,Nagaland,Kohima,"PWD Junction, Kohima - NPCB","03-06-2026 23:00:00",25.6635413,94.0989878,PM2.5,1,60,36
India,Nagaland,Kohima,"PWD Junction, Kohima - NPCB","03-06-2026 23:00:00",25.6635413,94.0989878,NO2,3,7,4
India,Odisha,Angul,"Hakimapada, Angul - OSPCB","03-06-2026 23:00:00",20.832874,85.104082,PM10,48,199,121
India,Odisha,Angul,"Hakimapada, Angul - OSPCB","03-06-2026 23:00:00",20.832874,85.104082,NO2,4,31,19
India,Odisha,Balasore,"Kalidaspur, Balasore - OSPCB","03-06-2026 23:00:00",21.51161,86.89088,NO2,3,47,16
India,Odisha,Balasore,"Kalidaspur, Balasore - OSPCB","03-06-2026 23:00:00",21.51161,86.89088,NH3,3,5,4
India,Maharashtra,Mumbai,"Malad West, Mumbai - IITM","03-06-2026 23:00:00",19.19709,72.82204,SO2,5,16,11
India,Maharashtra,Mumbai,"Mindspace-Malad West, Mumbai - MPCB","03-06-2026 23:00:00",19.1878657,72.8304069,PM10,NA,NA,NA
India,Maharashtra,Mumbai,"Mindspace-Malad West, Mumbai - MPCB","03-06-2026 23:00:00",19.1878657,72.8304069,SO2,NA,NA,NA
India,Maharashtra,Mumbai,"Mulund West, Mumbai - MPCB","03-06-2026 23:00:00",19.1750,72.9419,PM10,NA,NA,NA
India,Maharashtra,Mumbai,"Mulund West, Mumbai - MPCB","03-06-2026 23:00:00",19.1750,72.9419,SO2,NA,NA,NA
India,Maharashtra,Mumbai,"Navy Nagar-Colaba, Mumbai - IITM","03-06-2026 23:00:00",18.897756,72.813320,CO,18,28,26
India,Maharashtra,Mumbai,"Powai, Mumbai - MPCB","03-06-2026 23:00:00",19.137500,72.915056,PM10,18,53,31
India,Maharashtra,Mumbai,"Powai, Mumbai - MPCB","03-06-2026 23:00:00",19.137500,72.915056,NH3,2,2,2
India,Maharashtra,Mumbai,"Sewri, Mumbai - BMC","03-06-2026 23:00:00",19.000084,72.856730,OZONE,14,26,17
India,Maharashtra,Mumbai,"Shivaji Nagar, Mumbai - BMC","03-06-2026 23:00:00",19.060498,72.923356,SO2,1,23,4
India,Odisha,Barbil,"Forest Office, Barbil - OSPCB","03-06-2026 23:00:00",22.1166054,85.3945546,PM10,48,203,96
India,Odisha,Barbil,"Forest Office, Barbil - OSPCB","03-06-2026 23:00:00",22.1166054,85.3945546,CO,14,48,32
India,Odisha,Baripada,"Meher Colony, Baripada - OSPCB","03-06-2026 23:00:00",21.941841,86.728318,CO,6,50,32
India,Odisha,Bhubaneswar,"Lingraj Mandir, Bhubaneswar - OSPCB","03-06-2026 23:00:00",20.240790,85.836784,NO2,5,13,7
India,Odisha,Bhubaneswar,"Patia, Bhubaneswar - OSPCB","03-06-2026 23:00:00",20.34652,85.81630,NH3,NA,NA,NA
India,Odisha,Brajrajnagar,"GM Office, Brajrajnagar - OSPCB","03-06-2026 23:00:00",21.8004996,83.8396977,PM2.5,18,198,58
India,Odisha,Byasanagar,"Ferro Chrome Colony, Byasanagar - OSPCB","03-06-2026 23:00:00",20.94185,86.11510,NO2,8,19,13
India,Rajasthan,Barmer,"Railway Colony, Barmer - RSPCB","03-06-2026 23:00:00",25.747299,71.393989,OZONE,29,68,50
India,Rajasthan,Bharatpur,"Krishna Nagar, Bharatpur - RSPCB","03-06-2026 23:00:00",27.215415,77.50873,PM10,32,86,53
India,Rajasthan,Bharatpur,"Krishna Nagar, Bharatpur - RSPCB","03-06-2026 23:00:00",27.215415,77.50873,NO2,7,24,15
India,Rajasthan,Bundi,"New Colony, Bundi - RSPCB","03-06-2026 23:00:00",25.435774,75.644272,PM2.5,18,57,38
India,Rajasthan,Bundi,"New Colony, Bundi - RSPCB","03-06-2026 23:00:00",25.435774,75.644272,NO2,8,81,37
India,Rajasthan,Chittorgarh,"Shastri Nagar, Chittorgarh - RSPCB","03-06-2026 23:00:00",24.892047,74.623527,PM10,NA,NA,NA
India,TamilNadu,Chennai,"Kodungaiyur, Chennai - TNPCB","03-06-2026 23:00:00",13.1278,80.2642,CO,26,34,31
India,TamilNadu,Chennai,"Manali Village, Chennai - TNPCB","03-06-2026 23:00:00",13.1662,80.2584,NH3,NA,NA,NA
India,TamilNadu,Chennai,"Manali Village, Chennai - TNPCB","03-06-2026 23:00:00",13.1662,80.2584,CO,26,68,29
India,TamilNadu,Chennai,"Manali, Chennai - CPCB","03-06-2026 23:00:00",13.164544,80.26285,NH3,5,7,6
India,TamilNadu,Chennai,"Royapuram, Chennai - TNPCB","03-06-2026 23:00:00",13.1036,80.2909,PM2.5,37,43,40
India,TamilNadu,Chennai,"Royapuram, Chennai - TNPCB","03-06-2026 23:00:00",13.1036,80.2909,NO2,11,15,13
India,TamilNadu,Chennai,"Royapuram, Chennai - TNPCB","03-06-2026 23:00:00",13.1036,80.2909,SO2,5,7,6
India,TamilNadu,Chennai,"Royapuram, Chennai - TNPCB","03-06-2026 23:00:00",13.1036,80.2909,CO,46,62,52
India,TamilNadu,Coimbatore,"PSG College of Arts and Science, Coimbatore - TNPCB","03-06-2026 23:00:00",11.0328,77.0349,PM2.5,NA,NA,NA
India,TamilNadu,Coimbatore,"PSG College of Arts and Science, Coimbatore - TNPCB","03-06-2026 23:00:00",11.0328,77.0349,NO2,10,11,10
India,TamilNadu,Coimbatore,"PSG College of Arts and Science, Coimbatore - TNPCB","03-06-2026 23:00:00",11.0328,77.0349,NH3,1,1,1
India,TamilNadu,Coimbatore,"SIDCO Kurichi, Coimbatore - TNPCB","03-06-2026 23:00:00",10.942451,76.978996,SO2,24,25,24
India,TamilNadu,Cuddalore,"Semmandalam, Cuddalore - TNPCB","03-06-2026 23:00:00",11.7637683,79.7499835,OZONE,1,2,2
India,TamilNadu,Gummidipoondi,"Anthoni Pillai Nagar, Gummidipoondi - TNPCB","03-06-2026 23:00:00",13.4127,80.1081,PM2.5,26,181,64
India,TamilNadu,Madurai,"Uchapatti, Madurai - TNPCB","03-06-2026 23:00:00",9.865935,78.022669,SO2,53,58,56
India,TamilNadu,Madurai,"Uchapatti, Madurai - TNPCB","03-06-2026 23:00:00",9.865935,78.022669,OZONE,1,1,1
India,Uttar_Pradesh,Firozabad,"Nagla Bhau, Firozabad - UPPCB","03-06-2026 23:00:00",27.168897,78.376960,CO,6,80,20
India,Uttar_Pradesh,Firozabad,"Vibhab Nagar, Firozabad - UPPCB","03-06-2026 23:00:00",27.1594,78.3953,PM10,36,114,61
India,Uttar_Pradesh,Ghaziabad,"Govindpuram, Ghaziabad - UPPCB","03-06-2026 23:00:00","28.694528 ","77.494705 ",NH3,10,15,12
India,Uttar_Pradesh,Ghaziabad,"Govindpuram, Ghaziabad - UPPCB","03-06-2026 23:00:00","28.694528 ","77.494705 ",OZONE,6,175,113
India,Uttar_Pradesh,Ghaziabad,"Indirapuram, Ghaziabad - UPPCB","03-06-2026 23:00:00",28.646233,77.358075,PM10,120,226,160
India,Uttar_Pradesh,Ghaziabad,"Indirapuram, Ghaziabad - UPPCB","03-06-2026 23:00:00",28.646233,77.358075,CO,18,73,58
India,Uttar_Pradesh,Ghaziabad,"Sanjay Nagar, Ghaziabad - UPPCB","03-06-2026 23:00:00",28.685382,77.453839,NH3,10,65,18
India,Uttar_Pradesh,Ghaziabad,"Sanjay Nagar, Ghaziabad - UPPCB","03-06-2026 23:00:00",28.685382,77.453839,OZONE,8,131,70
India,Uttar_Pradesh,Ghaziabad,"Vasundhara, Ghaziabad - UPPCB","03-06-2026 23:00:00",28.6603346,77.3572563,NH3,NA,NA,NA
India,Uttar_Pradesh,Gorakhpur,"Madan Mohan Malaviya University of Technology, Gorakhpur - UPPCB","03-06-2026 23:00:00",26.730136,83.433859,PM2.5,40,69,56
India,Uttar_Pradesh,"Greater Noida","Knowledge Park - III, Greater Noida - UPPCB","03-06-2026 23:00:00",28.47272,77.482000,NO2,5,76,37
India,Uttar_Pradesh,"Greater Noida","Knowledge Park - III, Greater Noida - UPPCB","03-06-2026 23:00:00",28.47272,77.482000,OZONE,3,301,109
India,Uttar_Pradesh,"Greater Noida","Knowledge Park - V, Greater Noida - UPPCB","03-06-2026 23:00:00",28.557054,77.453663,PM2.5,50,316,131
India,Uttar_Pradesh,Agra,"Manoharpur, Agra - UPPCB","03-06-2026 23:00:00",27.23711,78.01936,CO,19,22,21
India,Uttar_Pradesh,Agra,"Manoharpur, Agra - UPPCB","03-06-2026 23:00:00",27.23711,78.01936,OZONE,5,5,5
India,Uttar_Pradesh,Agra,"Rohta, Agra - UPPCB","03-06-2026 23:00:00",27.106972,78.000111,OZONE,10,11,10
India,Uttar_Pradesh,Agra,"Sector-3B Avas Vikas Colony, Agra - UPPCB","03-06-2026 23:00:00",27.19412,77.96237,PM2.5,8,135,70
India,Uttar_Pradesh,Agra,"Sector-3B Avas Vikas Colony, Agra - UPPCB","03-06-2026 23:00:00",27.19412,77.96237,NH3,9,11,10
India,Uttar_Pradesh,Agra,"Shahjahan Garden, Agra - UPPCB","03-06-2026 23:00:00",27.169338,78.03582,PM2.5,61,182,89
India,Uttar_Pradesh,Agra,"Shahjahan Garden, Agra - UPPCB","03-06-2026 23:00:00",27.169338,78.03582,PM10,75,131,96
India,Uttar_Pradesh,Agra,"Shahjahan Garden, Agra - UPPCB","03-06-2026 23:00:00",27.169338,78.03582,OZONE,1,10,1
India,Uttar_Pradesh,Agra,"Shastripuram, Agra - UPPCB","03-06-2026 23:00:00",27.19862,77.92066,PM10,62,164,100
India,Uttar_Pradesh,Baghpat,"Sardar Patel Inter College, Baghpat - UPPCB","03-06-2026 23:00:00",28.964949,77.278761,SO2,22,65,36
India,Uttar_Pradesh,Bareilly,"Rajendra Nagar, Bareilly - UPPCB","03-06-2026 23:00:00",28.38910936,79.42963708,NO2,8,10,9
India,Uttar_Pradesh,Firozabad,"Nagla Bhau, Firozabad - UPPCB","03-06-2026 23:00:00",27.168897,78.376960,PM2.5,21,79,38
India,Telangana,Hyderabad,"Kokapet, Hyderabad - TSPCB","03-06-2026 23:00:00",17.393559,78.339194,NO2,14,15,14
India,Telangana,Hyderabad,"Kokapet, Hyderabad - TSPCB","03-06-2026 23:00:00",17.393559,78.339194,SO2,11,18,14
India,Telangana,Hyderabad,"Kokapet, Hyderabad - TSPCB","03-06-2026 23:00:00",17.393559,78.339194,CO,24,42,39
India,Telangana,Hyderabad,"Kompally Municipal Office, Hyderabad - TSPCB","03-06-2026 23:00:00",17.544899,78.486949,SO2,6,14,9
India,Telangana,Hyderabad,"Kompally Municipal Office, Hyderabad - TSPCB","03-06-2026 23:00:00",17.544899,78.486949,CO,12,40,16
India,Telangana,Hyderabad,"Kompally Municipal Office, Hyderabad - TSPCB","03-06-2026 23:00:00",17.544899,78.486949,OZONE,13,35,34
India,Telangana,Hyderabad,"New Malakpet, Hyderabad - TSPCB","03-06-2026 23:00:00",17.37206,78.50864,NH3,2,3,3
India,Telangana,Hyderabad,"New Malakpet, Hyderabad - TSPCB","03-06-2026 23:00:00",17.37206,78.50864,OZONE,18,43,30
India,Telangana,Hyderabad,"Ramachandrapuram, Hyderabad - TSPCB","03-06-2026 23:00:00",17.528544,78.286195,NH3,4,5,5
India,Telangana,Hyderabad,"Ramachandrapuram, Hyderabad - TSPCB","03-06-2026 23:00:00",17.528544,78.286195,SO2,9,33,19
India,Telangana,Hyderabad,"Sanathnagar, Hyderabad - TSPCB","03-06-2026 23:00:00",17.4559458,78.4332152,NO2,46,58,52
India,Telangana,Hyderabad,"Sanathnagar, Hyderabad - TSPCB","03-06-2026 23:00:00",17.4559458,78.4332152,SO2,1,18,8
India,Uttar_Pradesh,Agra,"Manoharpur, Agra - UPPCB","03-06-2026 23:00:00",27.23711,78.01936,PM2.5,14,78,40
India,Rajasthan,Jodhpur,"Digari Kalan, Jodhpur - RSPCB","03-06-2026 23:00:00",26.295810,73.082283,CO,8,70,28
India,Rajasthan,Jodhpur,"Digari Kalan, Jodhpur - RSPCB","03-06-2026 23:00:00",26.295810,73.082283,OZONE,40,111,88
India,Rajasthan,Jodhpur,"Jhalamand, Jodhpur - RSPCB","03-06-2026 23:00:00",26.215415,73.070156,NH3,9,20,14
India,Rajasthan,Jodhpur,"Jhalamand, Jodhpur - RSPCB","03-06-2026 23:00:00",26.215415,73.070156,CO,4,14,7
India,Rajasthan,Jodhpur,"Samrat Ashok Udhyan, Jodhpur - RSPCB","03-06-2026 23:00:00",26.253384,72.976571,NH3,NA,NA,NA
India,Rajasthan,Jodhpur,"Samrat Ashok Udhyan, Jodhpur - RSPCB","03-06-2026 23:00:00",26.253384,72.976571,OZONE,76,130,106
India,Rajasthan,Karauli,"Satyawati Vihar, Karauli - RSPCB","03-06-2026 23:00:00",26.506177,77.025989,PM10,30,113,80
India,Rajasthan,Karauli,"Satyawati Vihar, Karauli - RSPCB","03-06-2026 23:00:00",26.506177,77.025989,NO2,28,54,38
India,Rajasthan,Kota,"Dhanmandi, Kota - RSPCB","03-06-2026 23:00:00",25.164090,75.858137,NH3,8,14,9
India,Rajasthan,Kota,"Dhanmandi, Kota - RSPCB","03-06-2026 23:00:00",25.164090,75.858137,SO2,3,105,22
India,Rajasthan,Kota,"Shrinath Puram, Kota - RSPCB","03-06-2026 23:00:00",25.14389,75.821256,CO,12,80,27
India,Rajasthan,Nagaur,"Karni Colony, Nagaur - RSPCB","03-06-2026 23:00:00",27.213494,73.734444,SO2,4,8,6
India,Rajasthan,Pali,"Indira Colony Vistar, Pali - RSPCB","03-06-2026 23:00:00",25.771061," 73.340227",SO2,7,12,9
India,Rajasthan,Pratapgarh,"Pragati Nagar, Pratapgarh - RSPCB","03-06-2026 23:00:00",24.041198,74.780702,PM10,44,117,86
India,Rajasthan,Pratapgarh,"Pragati Nagar, Pratapgarh - RSPCB","03-06-2026 23:00:00",24.041198,74.780702,NO2,14,39,22
India,Rajasthan,Rajsamand,"Dhoinda, Rajsamand - RSPCB","03-06-2026 23:00:00",25.036360,73.883502,OZONE,13,79,53
India,Rajasthan,"Sawai Madhopur","Sahu Nagar, Sawai Madhopur - RSPCB","03-06-2026 23:00:00",26.031443,76.359327,PM2.5,12,38,26
India,Rajasthan,Sirohi,"Vedhaynath Colony, Sirohi - RSPCB","03-06-2026 23:00:00",24.885261,72.857549,SO2,2,4,2
India,Rajasthan,Tonk,"Shastri Nagar, Tonk - RSPCB","03-06-2026 23:00:00",26.159933,75.780517,PM2.5,79,308,150
India,Rajasthan,Udaipur,"Ashok Nagar, Udaipur - RSPCB","03-06-2026 23:00:00",24.5886166,73.6321397,NH3,1,15,5
India,Sikkim,Gangtok,"Zero Point GICI, Gangtok - SSPCB","03-06-2026 23:00:00",27.338530,88.614099,NH3,1,1,1
India,Rajasthan,Jaipur,"Mansarovar Sector-12, Jaipur - RSPCB","03-06-2026 23:00:00",26.843698,75.766894,NH3,10,13,11
India,Rajasthan,Jaipur,"Police Commissionerate, Jaipur - RSPCB","03-06-2026 23:00:00",26.9164092,75.7994901,NH3,9,26,14
India,Rajasthan,Jaipur,"Police Commissionerate, Jaipur - RSPCB","03-06-2026 23:00:00",26.9164092,75.7994901,SO2,22,33,27
India,Rajasthan,Jaipur,"Police Commissionerate, Jaipur - RSPCB","03-06-2026 23:00:00",26.9164092,75.7994901,CO,52,80,64
India,Rajasthan,Jaipur,"Police Commissionerate, Jaipur - RSPCB","03-06-2026 23:00:00",26.9164092,75.7994901,OZONE,30,65,50
India,Rajasthan,Jaipur,"RIICO Sitapura, Jaipur - RSPCB","03-06-2026 23:00:00",26.786682,75.827928,PM10,81,205,128
India,Rajasthan,Jaipur,"Sector-2 Murlipura, Jaipur - RSPCB","03-06-2026 23:00:00",26.960669,75.771817,PM2.5,43,199,91
India,Rajasthan,Jaipur,"Shastri Nagar, Jaipur - RSPCB","03-06-2026 23:00:00",26.9502929,75.730943,OZONE,19,42,32
India,Rajasthan,Jhalawar,"Rajlaxmi Nagar, Jhalawar - RSPCB","03-06-2026 23:00:00",24.588397,76.172782,PM2.5,27,88,48
India,Rajasthan,Jhunjhunu,"Indra Nagar, Jhunjhunu - RSPCB","03-06-2026 23:00:00",28.108988,75.386577,SO2,4,6,5
India,TamilNadu,Perundurai,"SIPCOT Industrial Park, Perundurai - TNPCB","03-06-2026 23:00:00",11.258242,77.552761,PM2.5,1,43,17
India,TamilNadu,Thoothukudi,"Meelavittan, Thoothukudi - TNPCB","03-06-2026 23:00:00","8.816428 ",78.099039,PM10,18,116,45
India,Telangana,Hyderabad,"Central University, Hyderabad - TSPCB","03-06-2026 23:00:00",17.460103,78.334361,SO2,NA,NA,NA
India,Telangana,Hyderabad,"ECIL Kapra, Hyderabad - TSPCB","03-06-2026 23:00:00",17.470431,78.566959,OZONE,20,37,32
India,Telangana,Hyderabad,"ICRISAT Patancheru, Hyderabad - TSPCB","03-06-2026 23:00:00",17.518400,78.278777,CO,16,34,24
India,Telangana,Hyderabad,"IDA Pashamylaram, Hyderabad - TSPCB","03-06-2026 23:00:00",17.5316895,78.218939,PM2.5,29,110,50
India,Telangana,Hyderabad,"IDA Pashamylaram, Hyderabad - TSPCB","03-06-2026 23:00:00",17.5316895,78.218939,OZONE,3,56,47
India,Rajasthan,Churu,"Subash Chowk, Churu - RSPCB","03-06-2026 23:00:00",28.296139,74.961696,PM10,61,226,124
India,Rajasthan,Churu,"Subash Chowk, Churu - RSPCB","03-06-2026 23:00:00",28.296139,74.961696,NH3,7,12,8
India,Rajasthan,Churu,"Subash Chowk, Churu - RSPCB","03-06-2026 23:00:00",28.296139,74.961696,OZONE,22,151,127
India,Rajasthan,Dausa,"Khatikan Mohalla, Dausa - RSPCB","03-06-2026 23:00:00",26.895552,76.334753,PM10,36,321,115
India,Rajasthan,Dausa,"Khatikan Mohalla, Dausa - RSPCB","03-06-2026 23:00:00",26.895552,76.334753,OZONE,17,133,42
India,Rajasthan,Dholpur,"Raja Ganj, Dholpur - RSPCB","03-06-2026 23:00:00",26.699557,77.898881,NO2,12,32,17
India,Rajasthan,Jaipur,"Adarsh Nagar, Jaipur - RSPCB","03-06-2026 23:00:00",26.902909,75.836858,NO2,NA,NA,NA
India,Uttar_Pradesh,"Greater Noida","Knowledge Park - V, Greater Noida - UPPCB","03-06-2026 23:00:00",28.557054,77.453663,OZONE,6,220,130
India,Uttar_Pradesh,Hapur,"Anand Vihar, Hapur - UPPCB","03-06-2026 23:00:00",28.725645,77.749675,PM10,94,174,127
India,Uttar_Pradesh,Hapur,"Anand Vihar, Hapur - UPPCB","03-06-2026 23:00:00",28.725645,77.749675,NO2,35,64,46
India,Uttar_Pradesh,Hapur,"Anand Vihar, Hapur - UPPCB","03-06-2026 23:00:00",28.725645,77.749675,SO2,13,43,27
India,Uttar_Pradesh,Hapur,"Anand Vihar, Hapur - UPPCB","03-06-2026 23:00:00",28.725645,77.749675,OZONE,1,127,92
India,Uttar_Pradesh,Jhansi,"Shivaji Nagar, Jhansi - UPPCB","03-06-2026 23:00:00",25.4547,78.6039,NH3,4,4,4
India,Uttar_Pradesh,Jhansi,"Shivaji Nagar, Jhansi - UPPCB","03-06-2026 23:00:00",25.4547,78.6039,OZONE,5,24,8
India,Uttar_Pradesh,Kanpur,"FTI Kidwai Nagar, Kanpur - UPPCB","03-06-2026 23:00:00",26.428282,80.327067,NH3,3,3,3
India,Uttar_Pradesh,Kanpur,"FTI Kidwai Nagar, Kanpur - UPPCB","03-06-2026 23:00:00",26.428282,80.327067,OZONE,12,13,13
India,Uttar_Pradesh,Kanpur,"NSI Kalyanpur, Kanpur - UPPCB","03-06-2026 23:00:00",26.509954,80.249612,PM2.5,26,73,49
India,Uttar_Pradesh,Kanpur,"NSI Kalyanpur, Kanpur - UPPCB","03-06-2026 23:00:00",26.509954,80.249612,NO2,28,29,28
India,Uttar_Pradesh,Kanpur,"NSI Kalyanpur, Kanpur - UPPCB","03-06-2026 23:00:00",26.509954,80.249612,CO,19,32,24
India,Uttar_Pradesh,Kanpur,"Nehru Nagar, Kanpur - UPPCB","03-06-2026 23:00:00",26.4703136,80.3229863,OZONE,2,53,8
India,Uttar_Pradesh,Khora,"Prashant Garden, Khora - UPPCB","03-06-2026 23:00:00",28.61119,77.34206,PM2.5,51,272,123
India,Uttar_Pradesh,Khora,"Prashant Garden, Khora - UPPCB","03-06-2026 23:00:00",28.61119,77.34206,OZONE,18,308,188
India,Uttar_Pradesh,Khurja,"Kalindi Kunj, Khurja - UPPCB","03-06-2026 23:00:00",28.2348927,77.8683002,CO,2,62,36
India,Uttar_Pradesh,Lucknow,"B R Ambedkar University, Lucknow - UPPCB","03-06-2026 23:00:00",26.766433,80.927299,CO,20,24,21
India,Uttar_Pradesh,Lucknow,"Kendriya Vidyalaya, Lucknow - CPCB","03-06-2026 23:00:00",26.906111,80.948222,CO,24,105,44
India,Uttar_Pradesh,Lucknow,"Kukrail Picnic Spot-1, Lucknow - UPPCB","03-06-2026 23:00:00",26.90723,80.98579,NH3,6,6,6
India,Uttar_Pradesh,Lucknow,"Lalbagh, Lucknow - CPCB","03-06-2026 23:00:00",26.8458805,80.9365541,PM2.5,11,307,80
India,Uttar_Pradesh,Lucknow,"Talkatora District Industries Center, Lucknow - CPCB","03-06-2026 23:00:00",26.83399722,80.8917361,PM10,68,83,76
India,Uttar_Pradesh,Meerut,"Ganga Nagar, Meerut - UPPCB","03-06-2026 23:00:00",28.999264,77.7590354,PM10,103,172,133
India,Uttar_Pradesh,Meerut,"Jai Bhim Nagar, Meerut - UPPCB","03-06-2026 23:00:00",28.9535882,77.7622941,SO2,5,8,7
India,Uttar_Pradesh,Meerut,"Jai Bhim Nagar, Meerut - UPPCB","03-06-2026 23:00:00",28.9535882,77.7622941,OZONE,27,155,97
India,Uttar_Pradesh,Meerut,"Pallavpuram Phase 2, Meerut - UPPCB","03-06-2026 23:00:00",29.063510,77.709723,PM10,85,174,120
India,Uttar_Pradesh,Meerut,"Pallavpuram Phase 2, Meerut - UPPCB","03-06-2026 23:00:00",29.063510,77.709723,NO2,8,63,32
India,Uttar_Pradesh,Moradabad,"Buddhi Vihar, Moradabad - UPPCB","03-06-2026 23:00:00",28.83526,78.74460,PM10,51,115,80
India,Uttar_Pradesh,Moradabad,"Buddhi Vihar, Moradabad - UPPCB","03-06-2026 23:00:00",28.83526,78.74460,NH3,5,5,5
India,Uttar_Pradesh,Moradabad,"Eco Herbal Park, Moradabad - UPPCB","03-06-2026 23:00:00",28.840739,78.697531,PM2.5,30,165,84
India,Uttar_Pradesh,Moradabad,"Eco Herbal Park, Moradabad - UPPCB","03-06-2026 23:00:00",28.840739,78.697531,NH3,2,3,3
India,Uttar_Pradesh,Moradabad,"Employment Office, Moradabad - UPPCB","03-06-2026 23:00:00",28.88528,78.73880,CO,6,72,11
India,Uttar_Pradesh,Moradabad,"Employment Office, Moradabad - UPPCB","03-06-2026 23:00:00",28.88528,78.73880,OZONE,6,77,52
India,Uttar_Pradesh,Moradabad,"Jigar Colony, Moradabad - UPPCB","03-06-2026 23:00:00",28.856664,78.772638,NO2,24,25,25
India,Uttar_Pradesh,Moradabad,"Kashiram Nagar, Moradabad - UPPCB","03-06-2026 23:00:00",28.849399,78.742362,NO2,25,25,25
India,Uttar_Pradesh,Moradabad,"Kashiram Nagar, Moradabad - UPPCB","03-06-2026 23:00:00",28.849399,78.742362,OZONE,21,80,61
India,Uttar_Pradesh,Moradabad,"Transport Nagar, Moradabad - UPPCB","03-06-2026 23:00:00",28.802625,78.753728,NO2,24,24,24
India,Uttar_Pradesh,Muzaffarnagar,"New Mandi, Muzaffarnagar - UPPCB","03-06-2026 23:00:00",29.4723508,77.7194031,PM2.5,22,270,75
India,Uttar_Pradesh,Noida,"Sector - 125, Noida - UPPCB","03-06-2026 23:00:00",28.5447608,77.3231257,PM10,110,450,211
India,Uttar_Pradesh,Noida,"Sector - 125, Noida - UPPCB","03-06-2026 23:00:00",28.5447608,77.3231257,NH3,21,30,24
India,Uttar_Pradesh,Noida,"Sector - 62, Noida - IITM","03-06-2026 23:00:00",28.6245479,77.3577104,PM10,63,175,125
India,Uttar_Pradesh,Noida,"Sector-1, Noida - UPPCB","03-06-2026 23:00:00",28.5898,77.3101,PM2.5,52,322,104
India,Uttar_Pradesh,Noida,"Sector-1, Noida - UPPCB","03-06-2026 23:00:00",28.5898,77.3101,NH3,9,12,10
India,Uttar_Pradesh,Noida,"Sector-1, Noida - UPPCB","03-06-2026 23:00:00",28.5898,77.3101,CO,18,56,34
India,Uttar_Pradesh,Noida,"Sector-116, Noida - UPPCB","03-06-2026 23:00:00",28.569230,77.393848,NH3,13,20,15
India,Uttar_Pradesh,Prayagraj,"Jhunsi, Prayagraj - UPPCB","03-06-2026 23:00:00",25.425602,81.917152,PM2.5,28,83,46
India,Uttar_Pradesh,Prayagraj,"Jhunsi, Prayagraj - UPPCB","03-06-2026 23:00:00",25.425602,81.917152,NO2,5,6,6
India,Uttar_Pradesh,Prayagraj,"Jhunsi, Prayagraj - UPPCB","03-06-2026 23:00:00",25.425602,81.917152,CO,8,31,16
India,Uttar_Pradesh,Prayagraj,"Motilal Nehru NIT, Prayagraj - UPPCB","03-06-2026 23:00:00",25.494,81.863,PM10,43,130,90
India,Uttar_Pradesh,Prayagraj,"Motilal Nehru NIT, Prayagraj - UPPCB","03-06-2026 23:00:00",25.494,81.863,NO2,12,12,12
India,Uttar_Pradesh,Prayagraj,"Motilal Nehru NIT, Prayagraj - UPPCB","03-06-2026 23:00:00",25.494,81.863,SO2,22,25,24
India,Uttar_Pradesh,Prayagraj,"Motilal Nehru NIT, Prayagraj - UPPCB","03-06-2026 23:00:00",25.494,81.863,OZONE,7,60,38
India,Uttar_Pradesh,Prayagraj,"Nagar Nigam, Prayagraj - UPPCB","03-06-2026 23:00:00","25.44919916 ","81.82735986 ",PM2.5,20,49,33
India,Uttar_Pradesh,Prayagraj,"Nagar Nigam, Prayagraj - UPPCB","03-06-2026 23:00:00","25.44919916 ","81.82735986 ",PM10,31,70,47
India,Uttar_Pradesh,Prayagraj,"Nagar Nigam, Prayagraj - UPPCB","03-06-2026 23:00:00","25.44919916 ","81.82735986 ",OZONE,11,24,13
India,Uttar_Pradesh,Raebareli," Indira Nagar, Raebareli - NTPC Unchahar","03-06-2026 23:00:00",26.207781,81.245571,PM10,NA,NA,NA
India,Uttar_Pradesh,Raebareli," Indira Nagar, Raebareli - NTPC Unchahar","03-06-2026 23:00:00",26.207781,81.245571,SO2,NA,NA,NA
India,Uttar_Pradesh,Varanasi,"Bhelupur, Varanasi - UPPCB","03-06-2026 23:00:00",25.301778,82.996789,PM2.5,23,62,39
India,Uttar_Pradesh,Varanasi,"Bhelupur, Varanasi - UPPCB","03-06-2026 23:00:00",25.301778,82.996789,CO,6,20,13
India,Uttar_Pradesh,Varanasi,"IESD Banaras Hindu University, Varanasi - UPPCB","03-06-2026 23:00:00",25.262326,82.995408,PM10,41,116,71
India,Uttar_Pradesh,Varanasi,"IESD Banaras Hindu University, Varanasi - UPPCB","03-06-2026 23:00:00",25.262326,82.995408,NO2,2,2,2
India,Uttar_Pradesh,Varanasi,"IESD Banaras Hindu University, Varanasi - UPPCB","03-06-2026 23:00:00",25.262326,82.995408,CO,2,9,5
India,Uttar_Pradesh,Vrindavan,"Omex Eternity, Vrindavan - UPPCB","03-06-2026 23:00:00",27.5714090,77.6557570,NO2,27,27,27
India,Uttar_Pradesh,Vrindavan,"Omex Eternity, Vrindavan - UPPCB","03-06-2026 23:00:00",27.5714090,77.6557570,SO2,26,33,27
India,Uttarakhand,Dehradun,"Doon University, Dehradun - UKPCB","03-06-2026 23:00:00",30.269444,78.044167,PM10,10,74,39
India,Uttarakhand,Dehradun,"Doon University, Dehradun - UKPCB","03-06-2026 23:00:00",30.269444,78.044167,OZONE,6,74,59
India,Uttarakhand,Kashipur,"Govt. Girls Inter College, Kashipur - UKPCB","03-06-2026 23:00:00",29.2124114,78.9611753,PM2.5,NA,NA,NA
India,Uttarakhand,Rishikesh,"Shivaji Nagar, Rishikesh - UKPCB","03-06-2026 23:00:00",30.075911,78.2859547,OZONE,8,55,38
India,West_Bengal,Asansol,"Mahabir Colliery, Asansol - WBPCB","03-06-2026 23:00:00",23.6181830,87.1057180,NO2,2,3,2
India,West_Bengal,Asansol,"Trivenidevi Bhalotia College, Asansol - WBPCB","03-06-2026 23:00:00",23.616515,87.119133,PM10,28,63,47
India,West_Bengal,Asansol,"Trivenidevi Bhalotia College, Asansol - WBPCB","03-06-2026 23:00:00",23.616515,87.119133,NH3,7,8,7
India,West_Bengal,Barrackpore,"SVSPA Campus, Barrackpore - WBPCB","03-06-2026 23:00:00",22.7605581,88.3617589,CO,28,42,34
India,West_Bengal,Barrackpore,"SVSPA Campus, Barrackpore - WBPCB","03-06-2026 23:00:00",22.7605581,88.3617589,OZONE,13,44,29
India,West_Bengal,Durgapur,"Mahishkapur Road_B-Zone, Durgapur - WBPCB","03-06-2026 23:00:00",23.567923,87.306843,SO2,24,34,29
India,West_Bengal,Durgapur,"Womens College_City Center, Durgapur - WBPCB","03-06-2026 23:00:00",23.549395,87.300496,PM10,48,122,81
India,West_Bengal,Durgapur,"Womens College_City Center, Durgapur - WBPCB","03-06-2026 23:00:00",23.549395,87.300496,NO2,27,43,30
India,West_Bengal,Durgapur,"Womens College_City Center, Durgapur - WBPCB","03-06-2026 23:00:00",23.549395,87.300496,NH3,5,6,5
India,West_Bengal,Durgapur,"Womens College_City Center, Durgapur - WBPCB","03-06-2026 23:00:00",23.549395,87.300496,OZONE,6,68,48
India,West_Bengal,Haldia,"Priyambada Housing Estate, Haldia - WBPCB","03-06-2026 23:00:00",22.06047,88.109737,OZONE,53,71,62
India,West_Bengal,Kolkata,"Ballygunge, Kolkata - WBPCB","03-06-2026 23:00:00",22.5367507,88.3638022,PM2.5,26,66,47
India,West_Bengal,Kolkata,"Ballygunge, Kolkata - WBPCB","03-06-2026 23:00:00",22.5367507,88.3638022,CO,10,24,19
India,West_Bengal,Kolkata,"Bidhannagar, Kolkata - WBPCB","03-06-2026 23:00:00",22.58157048,88.41002457,NO2,12,13,13
India,West_Bengal,Kolkata,"Bidhannagar, Kolkata - WBPCB","03-06-2026 23:00:00",22.58157048,88.41002457,NH3,5,6,5
India,West_Bengal,Kolkata,"Bidhannagar, Kolkata - WBPCB","03-06-2026 23:00:00",22.58157048,88.41002457,CO,26,40,34
India,West_Bengal,Kolkata,"Fort William, Kolkata - WBPCB","03-06-2026 23:00:00",22.556640,88.342674,CO,17,24,19
India,West_Bengal,Kolkata,"Fort William, Kolkata - WBPCB","03-06-2026 23:00:00",22.556640,88.342674,OZONE,8,50,24
India,West_Bengal,Kolkata,"Jadavpur, Kolkata - WBPCB","03-06-2026 23:00:00",22.49929,88.36917,PM2.5,41,70,52
India,West_Bengal,Kolkata,"Rabindra Sarobar, Kolkata - WBPCB","03-06-2026 23:00:00",22.51106,88.35142,OZONE,20,73,38
India,West_Bengal,Kolkata,"Victoria, Kolkata - WBPCB","03-06-2026 23:00:00",22.5448082,88.3403691,SO2,5,11,8
India,West_Bengal,Kolkata,"Victoria, Kolkata - WBPCB","03-06-2026 23:00:00",22.5448082,88.3403691,CO,2,30,22
India,West_Bengal,Siliguri,"Ward-32 Bapupara, Siliguri - WBPCB","03-06-2026 23:00:00",26.6879226,88.4152495,PM2.5,NA,NA,NA
India,West_Bengal,Siliguri,"Ward-32 Bapupara, Siliguri - WBPCB","03-06-2026 23:00:00",26.6879226,88.4152495,CO,22,58,40
India,Andhra_Pradesh,Visakhapatnam,"GVM Corporation, Visakhapatnam - APPCB","03-06-2026 23:00:00",17.72,83.3,NH3,3,4,3
India,Arunachal_Pradesh,Naharlagun,"Naharlagun, Naharlagun - APSPCB","03-06-2026 23:00:00",27.103358,93.679645,NO2,7,8,8
India,Arunachal_Pradesh,Naharlagun,"Naharlagun, Naharlagun - APSPCB","03-06-2026 23:00:00",27.103358,93.679645,NH3,1,1,1
India,Arunachal_Pradesh,Naharlagun,"Naharlagun, Naharlagun - APSPCB","03-06-2026 23:00:00",27.103358,93.679645,CO,6,23,18
India,Assam,Guwahati,"IITG, Guwahati - PCBA","03-06-2026 23:00:00",26.2028636,91.70046436,PM10,27,73,51
India,Assam,Guwahati,"LGBI Airport, Guwahati - PCBA","03-06-2026 23:00:00",26.10887,91.589544,PM10,18,100,46
India,Assam,Guwahati,"LGBI Airport, Guwahati - PCBA","03-06-2026 23:00:00",26.10887,91.589544,SO2,5,12,10
India,Assam,Guwahati,"Pan Bazaar, Guwahati - PCBA","03-06-2026 23:00:00",26.187500,91.744194,SO2,NA,NA,NA
India,Assam,Guwahati,"Pan Bazaar, Guwahati - PCBA","03-06-2026 23:00:00",26.187500,91.744194,CO,20,37,30
India,Assam,Guwahati,"Railway Colony, Guwahati - PCBA","03-06-2026 23:00:00",26.181742,91.78063,SO2,34,38,36
India,Assam,Nagaon,"Christianpatty, Nagaon - PCBA","03-06-2026 23:00:00",26.349082,92.68449,PM2.5,NA,NA,NA
India,Assam,Nagaon,"Christianpatty, Nagaon - PCBA","03-06-2026 23:00:00",26.349082,92.68449,NO2,NA,NA,NA
India,Assam,Nalbari,"Bata Chowk, Nalbari - PCBA","03-06-2026 23:00:00",26.446912,91.439057,SO2,2,8,7
India,Assam,Silchar,"Tarapur, Silchar - PCBA","03-06-2026 23:00:00",24.82827,92.79525,PM10,46,53,49
India,Assam,Silchar,"Tarapur, Silchar - PCBA","03-06-2026 23:00:00",24.82827,92.79525,NH3,1,1,1
India,Assam,Sivasagar,"Girls College, Sivasagar - PCBA","03-06-2026 23:00:00",26.987634,94.636574,NH3,6,9,8
India,Andhra_Pradesh,Machilipatnam,"Srinivas Nagar Colony, Machilipatnam - APPCB","03-06-2026 23:00:00",16.186555,81.13219,NH3,4,6,4
India,Andhra_Pradesh,Machilipatnam,"Srinivas Nagar Colony, Machilipatnam - APPCB","03-06-2026 23:00:00",16.186555,81.13219,CO,13,50,31
India,Andhra_Pradesh,Machilipatnam,"Srinivas Nagar Colony, Machilipatnam - APPCB","03-06-2026 23:00:00",16.186555,81.13219,OZONE,18,50,24
India,Andhra_Pradesh,Nellore,"Ambedkar Nagar, Nellore - APPCB ","03-06-2026 23:00:00","14.438164 ","79.966814 ",PM10,36,74,54
India,Andhra_Pradesh,Rajamahendravaram,"Anand Kala Kshetram, Rajamahendravaram - APPCB","03-06-2026 23:00:00",16.9872867,81.7363176,NH3,NA,NA,NA
India,Andhra_Pradesh,Rajamahendravaram,"Anand Kala Kshetram, Rajamahendravaram - APPCB","03-06-2026 23:00:00",16.9872867,81.7363176,SO2,NA,NA,NA
India,Andhra_Pradesh,Tirumala,"Toll Gate, Tirumala - APPCB","03-06-2026 23:00:00",13.67,79.35,PM2.5,25,48,37
India,Andhra_Pradesh,Tirumala,"Toll Gate, Tirumala - APPCB","03-06-2026 23:00:00",13.67,79.35,PM10,NA,NA,NA
India,Andhra_Pradesh,Tirumala,"Toll Gate, Tirumala - APPCB","03-06-2026 23:00:00",13.67,79.35,SO2,1,8,5
India,Andhra_Pradesh,Tirumala,"Toll Gate, Tirumala - APPCB","03-06-2026 23:00:00",13.67,79.35,OZONE,11,49,26
India,Andhra_Pradesh,Tirupati,"Vaikuntapuram, Tirupati - APPCB","03-06-2026 23:00:00",13.615387,79.409230,PM2.5,30,51,42
India,Andhra_Pradesh,Tirupati,"Vaikuntapuram, Tirupati - APPCB","03-06-2026 23:00:00",13.615387,79.409230,NH3,3,7,6
India,Andhra_Pradesh,Tirupati,"Vaikuntapuram, Tirupati - APPCB","03-06-2026 23:00:00",13.615387,79.409230,SO2,10,18,17
India,Andhra_Pradesh,Tirupati,"Vaikuntapuram, Tirupati - APPCB","03-06-2026 23:00:00",13.615387,79.409230,OZONE,41,51,43
India,Andhra_Pradesh,Vijayawada,"Kanuru, Vijayawada - APPCB","03-06-2026 23:00:00",16.486692,80.699436,PM2.5,61,87,68
India,Andhra_Pradesh,Vijayawada,"Kanuru, Vijayawada - APPCB","03-06-2026 23:00:00",16.486692,80.699436,SO2,11,20,15
India,Andhra_Pradesh,Vijayawada,"Rajiv Nagar, Vijayawada - APPCB","03-06-2026 23:00:00",16.554731,80.649110,NH3,3,4,3
India,Chhattisgarh,Tumidih,"OP Jindal Industrial Park, Tumidih - CECB","03-06-2026 23:00:00",22.06631475,83.33820077,NO2,30,100,54
India,Chhattisgarh,Tumidih,"OP Jindal Industrial Park, Tumidih - CECB","03-06-2026 23:00:00",22.06631475,83.33820077,SO2,5,16,7
India,Delhi,Delhi,"Alipur, Delhi - DPCC","03-06-2026 23:00:00",28.815329,77.153010,NO2,6,49,31
India,Delhi,Delhi,"Alipur, Delhi - DPCC","03-06-2026 23:00:00",28.815329,77.153010,SO2,4,24,9
India,Delhi,Delhi,"Alipur, Delhi - DPCC","03-06-2026 23:00:00",28.815329,77.153010,CO,12,59,40
India,Delhi,Delhi,"Anand Vihar, Delhi - DPCC","03-06-2026 23:00:00",28.647622,77.3158090,NH3,6,10,8
India,Delhi,Delhi,"Ashok Vihar, Delhi - DPCC","03-06-2026 23:00:00",28.695381,77.181665,NH3,7,14,10
India,Delhi,Delhi,"Ashok Vihar, Delhi - DPCC","03-06-2026 23:00:00",28.695381,77.181665,OZONE,6,89,59
India,Delhi,Delhi,"Aya Nagar, Delhi - IITM","03-06-2026 23:00:00",28.4706914,77.1099364,PM10,96,200,136
India,Delhi,Delhi,"Aya Nagar, Delhi - IITM","03-06-2026 23:00:00",28.4706914,77.1099364,CO,32,105,66
India,Delhi,Delhi,"Bawana, Delhi - DPCC","03-06-2026 23:00:00",28.776200,77.051074,PM10,105,263,145
India,Delhi,Delhi,"Bawana, Delhi - DPCC","03-06-2026 23:00:00",28.776200,77.051074,SO2,7,16,10
India,Delhi,Delhi,"Burari Crossing, Delhi - IITM","03-06-2026 23:00:00",28.7256504,77.2011573,PM2.5,43,180,87
India,Delhi,Delhi,"Cantonment Area, Delhi - DPCC ","03-06-2026 23:00:00","28.594169 ","77.125100 ",PM2.5,17,61,44
India,Delhi,Delhi,"Chandni Chowk, Delhi - IITM","03-06-2026 23:00:00",28.656756,77.227234,PM10,68,184,125
India,Bihar,Samastipur,"DM Office_Kasipur, Samastipur - BSPCB","03-06-2026 23:00:00",25.859655,85.77944,PM2.5,5,103,35
India,Bihar,Samastipur,"DM Office_Kasipur, Samastipur - BSPCB","03-06-2026 23:00:00",25.859655,85.77944,CO,NA,NA,NA
India,Bihar,Sasaram,"Dada Peer, Sasaram - BSPCB","03-06-2026 23:00:00",24.952822,84.002396,CO,20,82,43
India,Bihar,Siwan,"Chitragupta Nagar, Siwan - BSPCB","03-06-2026 23:00:00",26.2271665,84.3570427,NO2,2,2,2
India,Bihar,Siwan,"Chitragupta Nagar, Siwan - BSPCB","03-06-2026 23:00:00",26.2271665,84.3570427,NH3,1,1,1
India,Chandigarh,Chandigarh,"Sector-25, Chandigarh - CPCC","03-06-2026 23:00:00",30.751462,76.762879,PM10,52,85,66
India,Chandigarh,Chandigarh,"Sector-25, Chandigarh - CPCC","03-06-2026 23:00:00",30.751462,76.762879,NO2,4,58,16
India,Chandigarh,Chandigarh,"Sector-53, Chandigarh - CPCC","03-06-2026 23:00:00",30.719859,76.738637,PM10,13,53,30
India,Chandigarh,Chandigarh,"Sector-53, Chandigarh - CPCC","03-06-2026 23:00:00",30.719859,76.738637,OZONE,3,74,38
India,Chhattisgarh,Bhilai,"32Bungalows, Bhilai - CECB","03-06-2026 23:00:00",21.194815,81.314770,PM2.5,20,58,37
India,Chhattisgarh,Bhilai,"32Bungalows, Bhilai - CECB","03-06-2026 23:00:00",21.194815,81.314770,CO,8,46,17
India,Chhattisgarh,Bhilai,"Civic Center, Bhilai - Bhilai Steel Plant","03-06-2026 23:00:00",21.185571,81.343175,SO2,6,11,8
India,Chhattisgarh,Bhilai,"Civic Center, Bhilai - Bhilai Steel Plant","03-06-2026 23:00:00",21.185571,81.343175,CO,20,30,27
India,Chhattisgarh,Bhilai,"Civic Center, Bhilai - Bhilai Steel Plant","03-06-2026 23:00:00",21.185571,81.343175,OZONE,10,21,16
India,Chhattisgarh,Bhilai,"Hathkhoj, Bhilai - CECB","03-06-2026 23:00:00",21.224231,81.408350,OZONE,8,24,19
India,Bihar,Gaya,"Kareemganj, Gaya - BSPCB","03-06-2026 23:00:00",24.792403,84.992416,NO2,10,12,12
India,Bihar,Gaya,"SFTI Kusdihra, Gaya - BSPCB","03-06-2026 23:00:00",24.762518,84.982348,CO,12,48,28
India,Bihar,Hajipur,"Industrial Area, Hajipur - BSPCB","03-06-2026 23:00:00",25.697189,85.245900,PM2.5,70,121,88
India,Bihar,Hajipur,"Industrial Area, Hajipur - BSPCB","03-06-2026 23:00:00",25.697189,85.245900,SO2,4,7,6
India,Bihar,Katihar,"Mirchaibari, Katihar - BSPCB","03-06-2026 23:00:00",25.560083,87.553265,NH3,1,1,1
India,Bihar,Katihar,"Mirchaibari, Katihar - BSPCB","03-06-2026 23:00:00",25.560083,87.553265,SO2,21,30,24
India,Bihar,Kishanganj,"SDM Office_Khagra, Kishanganj - BSPCB","03-06-2026 23:00:00",26.0881305,87.93840336,SO2,9,11,10
India,Bihar,Manguraha,"Forest Rest House, Manguraha - BSPCB","03-06-2026 23:00:00",27.308328,84.531742,PM2.5,NA,NA,NA
India,Bihar,Manguraha,"Forest Rest House, Manguraha - BSPCB","03-06-2026 23:00:00",27.308328,84.531742,PM10,NA,NA,NA
India,Bihar,Motihari,"Gandak Colony, Motihari - BSPCB","03-06-2026 23:00:00",26.63086,84.90051,PM2.5,NA,NA,NA
India,Bihar,Motihari,"Gandak Colony, Motihari - BSPCB","03-06-2026 23:00:00",26.63086,84.90051,PM10,NA,NA,NA
India,Bihar,Motihari,"Gandak Colony, Motihari - BSPCB","03-06-2026 23:00:00",26.63086,84.90051,SO2,NA,NA,NA
India,Bihar,Muzaffarpur,"Buddha Colony, Muzaffarpur - BSPCB","03-06-2026 23:00:00",26.11442,85.39813,PM10,88,179,135
India,Bihar,Muzaffarpur,"Buddha Colony, Muzaffarpur - BSPCB","03-06-2026 23:00:00",26.11442,85.39813,NH3,7,12,9
India,Bihar,Muzaffarpur,"MIT-Daudpur Kothi, Muzaffarpur - BSPCB","03-06-2026 23:00:00",26.1403345,85.3650192,PM2.5,55,73,59
India,Bihar,Araria,"Kharahiya Basti, Araria - BSPCB","03-06-2026 23:00:00",26.146529,87.454184,CO,10,60,18
India,Bihar,Arrah,"New DM Office, Arrah - BSPCB","03-06-2026 23:00:00",25.5626095,84.663264,PM2.5,8,68,27
India,Bihar,Arrah,"New DM Office, Arrah - BSPCB","03-06-2026 23:00:00",25.5626095,84.663264,PM10,8,61,24
India,Bihar,Arrah,"New DM Office, Arrah - BSPCB","03-06-2026 23:00:00",25.5626095,84.663264,SO2,5,6,5
India,Bihar,Bettiah,"Kamalnath Nagar, Bettiah - BSPCB","03-06-2026 23:00:00",26.80365,84.51954,PM2.5,17,72,39
India,Bihar,Bettiah,"Kamalnath Nagar, Bettiah - BSPCB","03-06-2026 23:00:00",26.80365,84.51954,PM10,15,64,35
India,Bihar,Bettiah,"Kamalnath Nagar, Bettiah - BSPCB","03-06-2026 23:00:00",26.80365,84.51954,OZONE,20,23,22
India,Bihar,Bhagalpur,"DM Office_Kachari Chowk, Bhagalpur - BSPCB","03-06-2026 23:00:00",25.251013,86.989001,PM10,36,140,66
India,Bihar,Bhagalpur,"Mayaganj, Bhagalpur - BSPCB","03-06-2026 23:00:00",25.265194,87.012947,NO2,7,8,7
India,Bihar,"Bihar Sharif","D M Colony, Bihar Sharif - BSPCB","03-06-2026 23:00:00",25.204762,85.514960,SO2,6,7,7
India,Bihar,"Bihar Sharif","D M Colony, Bihar Sharif - BSPCB","03-06-2026 23:00:00",25.204762,85.514960,OZONE,1,3,2
India,Bihar,Buxar,"Charitra Van, Buxar - BSPCB","03-06-2026 23:00:00",25.567520,83.966379,PM2.5,25,78,56
India,Bihar,Chhapra,"Darshan Nagar, Chhapra - BSPCB","03-06-2026 23:00:00",25.7808257,84.7446768,PM10,129,129,129
India,Bihar,Muzaffarpur,"MIT-Daudpur Kothi, Muzaffarpur - BSPCB","03-06-2026 23:00:00",26.1403345,85.3650192,CO,18,40,32
India,Bihar,Muzaffarpur,"Muzaffarpur Collectorate, Muzaffarpur - BSPCB","03-06-2026 23:00:00",26.1209,85.3647,NO2,NA,NA,NA
India,Bihar,Patna,"DRM Office Danapur, Patna - BSPCB","03-06-2026 23:00:00",25.586562,85.043586,PM10,81,195,125
India,Bihar,Patna,"Govt. High School Shikarpur, Patna - BSPCB","03-06-2026 23:00:00",25.592539,85.227158,NO2,14,34,21
India,Bihar,Patna,"Muradpur, Patna - BSPCB","03-06-2026 23:00:00",25.619651,85.147382,OZONE,4,95,56
India,Bihar,Patna,"Rajbansi Nagar, Patna - BSPCB","03-06-2026 23:00:00",25.599486,85.113666,PM10,55,96,66
India,Bihar,Patna,"Rajbansi Nagar, Patna - BSPCB","03-06-2026 23:00:00",25.599486,85.113666,CO,51,109,89
India,Bihar,Patna,"Samanpura, Patna - BSPCB","03-06-2026 23:00:00",25.596727,85.085624,PM2.5,45,122,75
India,Bihar,Patna,"Samanpura, Patna - BSPCB","03-06-2026 23:00:00",25.596727,85.085624,NO2,12,21,18
India,Bihar,Patna,"Samanpura, Patna - BSPCB","03-06-2026 23:00:00",25.596727,85.085624,NH3,4,6,5
India,Bihar,Patna,"Samanpura, Patna - BSPCB","03-06-2026 23:00:00",25.596727,85.085624,OZONE,22,70,28
India,Bihar,Rajgir,"Dangi Tola, Rajgir - BSPCB","03-06-2026 23:00:00",25.03280,85.41948,PM10,34,104,63
India,Bihar,Rajgir,"Dangi Tola, Rajgir - BSPCB","03-06-2026 23:00:00",25.03280,85.41948,NH3,3,3,3
India,Chhattisgarh,Bilaspur,"Mangala, Bilaspur - NTPC","03-06-2026 23:00:00",22.08815,82.13737,NO2,12,18,14
India,Chhattisgarh,Bilaspur,"Mangala, Bilaspur - NTPC","03-06-2026 23:00:00",22.08815,82.13737,CO,24,114,68
India,Chhattisgarh,Chhal,"Nawapara SECL Colony, Chhal - CECB","03-06-2026 23:00:00",22.118125,83.140608,PM10,30,85,50
India,Chhattisgarh,Korba,"Rampur, Korba - CECB","03-06-2026 23:00:00",22.368195,82.746431,PM2.5,9,38,21
India,Chhattisgarh,Korba,"Rampur, Korba - CECB","03-06-2026 23:00:00",22.368195,82.746431,NO2,13,42,21
India,Chhattisgarh,Korba,"Urja Nagar, Korba - CECB","03-06-2026 23:00:00",22.348441,82.549611,PM2.5,NA,NA,NA
India,Chhattisgarh,Milupara,"Govt. Higher Secondary School, Milupara - CECB","03-06-2026 23:00:00",22.1910172,83.5197009,PM2.5,NA,NA,NA
India,Chhattisgarh,Milupara,"Govt. Higher Secondary School, Milupara - CECB","03-06-2026 23:00:00",22.1910172,83.5197009,SO2,NA,NA,NA
India,Chhattisgarh,Raipur,"AIIMS, Raipur - CECB","03-06-2026 23:00:00",21.258815,81.578979,NO2,8,15,12
India,Chhattisgarh,Raipur,"AIIMS, Raipur - CECB","03-06-2026 23:00:00",21.258815,81.578979,NH3,3,4,4
India,Chhattisgarh,Raipur,"Krishak Nagar, Raipur - CECB","03-06-2026 23:00:00",21.237755,81.705301,PM2.5,33,88,58
India,Chhattisgarh,Raipur,"Krishak Nagar, Raipur - CECB","03-06-2026 23:00:00",21.237755,81.705301,NO2,2,23,13
India,Chhattisgarh,Raipur,"Krishak Nagar, Raipur - CECB","03-06-2026 23:00:00",21.237755,81.705301,CO,6,56,12
India,Delhi,Delhi,"Chandni Chowk, Delhi - IITM","03-06-2026 23:00:00",28.656756,77.227234,OZONE,4,218,95
India,Delhi,Delhi,"Commonwealth Sports Complex, Delhi - DPCC","03-06-2026 23:00:00","28.615828 ","77.271992 ",NO2,15,140,55
India,Delhi,Delhi,"DTU, Delhi - CPCB","03-06-2026 23:00:00",28.7500499,77.1112615,PM10,81,188,120
India,Delhi,Delhi,"Dr. Karni Singh Shooting Range, Delhi - DPCC","03-06-2026 23:00:00",28.498571,77.264840,NO2,7,48,25
India,Delhi,Delhi,"Dwarka-Sector 8, Delhi - DPCC ","03-06-2026 23:00:00",28.5710274,77.0719006,CO,25,77,55
India,Delhi,Delhi,"IGNOU_Maidan Garhi, Delhi - DPCC","03-06-2026 23:00:00","28.493624 ","77.201159 ",PM2.5,37,287,126
India,Delhi,Delhi,"IGNOU_Maidan Garhi, Delhi - DPCC","03-06-2026 23:00:00","28.493624 ","77.201159 ",CO,56,66,59
India,Delhi,Delhi,"IGNOU_Maidan Garhi, Delhi - DPCC","03-06-2026 23:00:00","28.493624 ","77.201159 ",OZONE,12,97,69
India,Delhi,Delhi,"IMD Lodhi Road, Delhi - IITM","03-06-2026 23:00:00",28.5918245,77.2273074,PM10,107,164,132
India,Delhi,Delhi,"IMD Lodhi Road, Delhi - IITM","03-06-2026 23:00:00",28.5918245,77.2273074,NO2,10,46,23
India,Delhi,Delhi,"ITO, Delhi - CPCB","03-06-2026 23:00:00",28.628624,77.241060,NO2,38,92,60
India,Andhra_Pradesh,Amaravati,"Secretariat, Amaravati - APPCB","03-06-2026 23:00:00",16.5150833,80.5181667,NH3,1,31,5
India,Andhra_Pradesh,Anantapur,"Gulzarpet, Anantapur - APPCB","03-06-2026 23:00:00",14.675886,77.593027,NO2,17,24,19
India,Andhra_Pradesh,Eluru,"District Court, Eluru - APPCB","03-06-2026 23:00:00",16.711754,81.092095,PM10,45,85,61
India,Andhra_Pradesh,Kadapa,"Yerramukkapalli, Kadapa - APPCB","03-06-2026 23:00:00",14.465052,78.824187,OZONE,26,48,47
India,Andhra_Pradesh,Machilipatnam,"Srinivas Nagar Colony, Machilipatnam - APPCB","03-06-2026 23:00:00",16.186555,81.13219,PM10,52,122,74
India,Haryana,Rohtak,"MD University, Rohtak - HSPCB","03-06-2026 23:00:00",28.52123,76.37138,PM2.5,47,100,63
India,Haryana,Rohtak,"MD University, Rohtak - HSPCB","03-06-2026 23:00:00",28.52123,76.37138,CO,18,40,25
India,Haryana,Sonipat,"Murthal, Sonipat - HSPCB","03-06-2026 23:00:00",29.027200,77.062100,NH3,10,10,10
India,Haryana,Sonipat,"Murthal, Sonipat - HSPCB","03-06-2026 23:00:00",29.027200,77.062100,SO2,12,13,13
India,Haryana,"Yamuna Nagar","Gobind Pura, Yamuna Nagar - HSPCB","03-06-2026 23:00:00",30.1480566,77.2893471,PM2.5,45,221,69
India,Haryana,"Yamuna Nagar","Gobind Pura, Yamuna Nagar - HSPCB","03-06-2026 23:00:00",30.1480566,77.2893471,CO,24,53,47
India,Haryana,"Yamuna Nagar","Gobind Pura, Yamuna Nagar - HSPCB","03-06-2026 23:00:00",30.1480566,77.2893471,OZONE,24,103,59
India,"Himachal Pradesh",Baddi,"HIMUDA Complex Phase-1, Baddi - HPPCB","03-06-2026 23:00:00",30.943887,76.801991,PM2.5,35,219,84
India,"Himachal Pradesh",Baddi,"HIMUDA Complex Phase-1, Baddi - HPPCB","03-06-2026 23:00:00",30.943887,76.801991,PM10,65,171,111
India,"Himachal Pradesh",Baddi,"HIMUDA Complex Phase-1, Baddi - HPPCB","03-06-2026 23:00:00",30.943887,76.801991,SO2,40,73,57
India,Jammu_and_Kashmir,Pampore,"Khrew, Pampore - JKPCC","03-06-2026 23:00:00",34.031606,75.009712,SO2,4,5,5
India,Jammu_and_Kashmir,Srinagar,"Khunmoh, Srinagar - JKPCC","03-06-2026 23:00:00",34.06313,74.96017,PM10,31,67,48
India,Jammu_and_Kashmir,Srinagar,"Rajbagh, Srinagar - JKPCC","03-06-2026 23:00:00",34.066206,74.819820,CO,10,18,13
India,Jharkhand,Dhanbad,"Sardar Patel Nagar, Dhanbad - JSPCB","03-06-2026 23:00:00",23.80569,86.44268,PM2.5,NA,NA,NA
India,Jharkhand,Dhanbad,"Sardar Patel Nagar, Dhanbad - JSPCB","03-06-2026 23:00:00",23.80569,86.44268,PM10,7,270,110
India,Jharkhand,Dhanbad,"Sardar Patel Nagar, Dhanbad - JSPCB","03-06-2026 23:00:00",23.80569,86.44268,SO2,NA,NA,NA
India,Jharkhand,Dhanbad,"Sardar Patel Nagar, Dhanbad - JSPCB","03-06-2026 23:00:00",23.80569,86.44268,OZONE,12,79,65
India,Jharkhand,Jorapokhar,"Tata Stadium, Jorapokhar - JSPCB","03-06-2026 23:00:00",23.707909,86.414670,NO2,8,8,8
India,Jharkhand,Jorapokhar,"Tata Stadium, Jorapokhar - JSPCB","03-06-2026 23:00:00",23.707909,86.414670,OZONE,1,7,4
India,Karnataka,Belgaum,"Ramteerth Nagar, Belgaum - KSPCB","03-06-2026 23:00:00",15.888653,74.541751,PM10,11,49,27
India,Karnataka,Belgaum,"Ramteerth Nagar, Belgaum - KSPCB","03-06-2026 23:00:00",15.888653,74.541751,NO2,17,45,32
India,Karnataka,Belgaum,"Ramteerth Nagar, Belgaum - KSPCB","03-06-2026 23:00:00",15.888653,74.541751,OZONE,18,19,19
India,Karnataka,Bengaluru,"BTM Layout, Bengaluru - CPCB","03-06-2026 23:00:00",12.9135218,77.5950804,PM2.5,24,37,30
India,Karnataka,Bengaluru,"BTM Layout, Bengaluru - CPCB","03-06-2026 23:00:00",12.9135218,77.5950804,NH3,3,3,3
India,Karnataka,Bengaluru,"BWSSB Kadabesanahalli, Bengaluru - CPCB","03-06-2026 23:00:00",12.9352049,77.6814488,PM2.5,NA,NA,NA
India,Karnataka,Bengaluru,"BWSSB Kadabesanahalli, Bengaluru - CPCB","03-06-2026 23:00:00",12.9352049,77.6814488,PM10,29,30,29
India,Karnataka,Bengaluru,"Hombegowda Nagar, Bengaluru - KSPCB","03-06-2026 23:00:00",12.938539,77.590100,NO2,14,27,21
India,Karnataka,Bengaluru,"Hombegowda Nagar, Bengaluru - KSPCB","03-06-2026 23:00:00",12.938539,77.590100,CO,7,16,10
India,Karnataka,Bengaluru,"Jayanagar 5th Block, Bengaluru - KSPCB","03-06-2026 23:00:00",12.920984,77.584908,PM10,21,41,34
India,Karnataka,Bengaluru,"Peenya, Bengaluru - CPCB","03-06-2026 23:00:00",13.0270199,77.494094,PM2.5,17,63,37
India,Karnataka,Bengaluru,"Peenya, Bengaluru - CPCB","03-06-2026 23:00:00",13.0270199,77.494094,NH3,2,84,24
India,Karnataka,Bengaluru,"Sanegurava Halli, Bengaluru - KSPCB","03-06-2026 23:00:00",12.990328,77.5431385,PM10,NA,NA,NA
India,Karnataka,Bengaluru,"Shivapura_Peenya, Bengaluru - KSPCB","03-06-2026 23:00:00",13.0246342,77.5080115,NO2,NA,NA,NA
India,Karnataka,Bengaluru,"Silk Board, Bengaluru - KSPCB","03-06-2026 23:00:00",12.917348,77.622813,OZONE,9,30,19
India,Karnataka,Chamarajanagar,"Urban, Chamarajanagar - KSPCB","03-06-2026 23:00:00",11.55358,76.55521,PM2.5,20,39,29
India,Karnataka,Chamarajanagar,"Urban, Chamarajanagar - KSPCB","03-06-2026 23:00:00",11.55358,76.55521,NO2,14,35,26
India,Delhi,Delhi,"JNU, Delhi - DPCC","03-06-2026 23:00:00","28.540721 ","77.168544 ",PM2.5,15,182,104
India,Delhi,Delhi,"JNU, Delhi - DPCC","03-06-2026 23:00:00","28.540721 ","77.168544 ",NO2,8,60,24
India,Delhi,Delhi,"Jawaharlal Nehru Stadium, Delhi - DPCC","03-06-2026 23:00:00",28.580280,77.233829,NH3,12,52,22
India,Delhi,Delhi,"Jawaharlal Nehru Stadium, Delhi - DPCC","03-06-2026 23:00:00",28.580280,77.233829,CO,4,136,50
India,Delhi,Delhi,"Jawaharlal Nehru Stadium, Delhi - DPCC","03-06-2026 23:00:00",28.580280,77.233829,OZONE,8,131,77
India,Delhi,Delhi,"Mandir Marg, Delhi - DPCC","03-06-2026 23:00:00",28.636429,77.201067,SO2,12,41,28
India,Delhi,Delhi,"Mandir Marg, Delhi - DPCC","03-06-2026 23:00:00",28.636429,77.201067,CO,52,88,64
India,Delhi,Delhi,"Mundka, Delhi - DPCC","03-06-2026 23:00:00",28.684678,77.076574,PM10,108,251,159
India,Delhi,Delhi,"Mundka, Delhi - DPCC","03-06-2026 23:00:00",28.684678,77.076574,OZONE,4,45,26
India,Delhi,Delhi,"NSIT Dwarka, Delhi - CPCB","03-06-2026 23:00:00",28.60909,77.0325413,PM2.5,25,324,126
India,Delhi,Delhi,"NSIT Dwarka, Delhi - CPCB","03-06-2026 23:00:00",28.60909,77.0325413,PM10,18,181,79
India,Delhi,Delhi,"NSIT Dwarka, Delhi - CPCB","03-06-2026 23:00:00",28.60909,77.0325413,NO2,22,130,72
India,Delhi,Delhi,"NSIT Dwarka, Delhi - CPCB","03-06-2026 23:00:00",28.60909,77.0325413,SO2,10,26,14
India,Delhi,Delhi,"NSUT Jaffarpur, Delhi - DPCC","03-06-2026 23:00:00","28.594004 ","76.909423 ",PM10,90,153,126
India,Delhi,Delhi,"NSUT Jaffarpur, Delhi - DPCC","03-06-2026 23:00:00","28.594004 ","76.909423 ",NO2,8,31,16
India,Delhi,Delhi,"NSUT Jaffarpur, Delhi - DPCC","03-06-2026 23:00:00","28.594004 ","76.909423 ",SO2,34,38,36
India,Delhi,Delhi,"NSUT Jaffarpur, Delhi - DPCC","03-06-2026 23:00:00","28.594004 ","76.909423 ",OZONE,8,228,136
India,Delhi,Delhi,"Narela, Delhi - DPCC","03-06-2026 23:00:00",28.822836,77.101981,PM10,120,203,159
India,Delhi,Delhi,"Nehru Nagar, Delhi - DPCC","03-06-2026 23:00:00",28.567890,77.250515,PM2.5,20,250,98
India,Gujarat,Surat,"Katargam, Surat - Nexteng Enviro","03-06-2026 23:00:00","21.217779 ","72.834787 ",NH3,1,1,1
India,Gujarat,Surat,"Katargam, Surat - Nexteng Enviro","03-06-2026 23:00:00","21.217779 ","72.834787 ",SO2,5,9,6
India,Gujarat,Surat,"Science Center, Surat - SMC","03-06-2026 23:00:00",21.170046,72.795405,PM2.5,21,42,32
India,Gujarat,Vadodara,"Bapunagar, Vadodara - Nexteng Enviro","03-06-2026 23:00:00",22.320153,73.216285,PM10,47,137,79
India,Gujarat,Vadodara,"Bapunagar, Vadodara - Nexteng Enviro","03-06-2026 23:00:00",22.320153,73.216285,NO2,8,11,9
India,Gujarat,Vadodara,"Bapunagar, Vadodara - Nexteng Enviro","03-06-2026 23:00:00",22.320153,73.216285,CO,77,86,81
India,Gujarat,Vapi,"Phase-1 GIDC, Vapi - GPCB","03-06-2026 23:00:00",20.362421,72.918013,PM10,84,105,94
India,Gujarat,Vapi,"Phase-1 GIDC, Vapi - GPCB","03-06-2026 23:00:00",20.362421,72.918013,NH3,4,7,6
India,Gujarat,Vatva,"Phase-4 GIDC, Vatva - GPCB","03-06-2026 23:00:00",22.969611,72.643500,NH3,1,2,2
India,Gujarat,Vatva,"Phase-4 GIDC, Vatva - GPCB","03-06-2026 23:00:00",22.969611,72.643500,OZONE,23,43,32
India,Haryana,Bahadurgarh,"Arya Nagar, Bahadurgarh - HSPCB","03-06-2026 23:00:00",28.6701,76.9254,SO2,5,7,6
India,Haryana,Ballabgarh,"Nathu Colony, Ballabgarh - HSPCB","03-06-2026 23:00:00",28.3419248,77.319699,PM10,32,419,187
India,Haryana,Ballabgarh,"Nathu Colony, Ballabgarh - HSPCB","03-06-2026 23:00:00",28.3419248,77.319699,NH3,3,3,3
India,Haryana,Bhiwani,"H.B. Colony, Bhiwani - HSPCB","03-06-2026 23:00:00",28.806223,76.141105,CO,11,13,12
India,Haryana,"Charkhi Dadri","Mini Secretariat, Charkhi Dadri - HSPCB","03-06-2026 23:00:00",28.593883,76.270653,PM10,55,157,95
India,Haryana,Dharuhera,"Municipal Corporation Office, Dharuhera -  HSPCB","03-06-2026 23:00:00",28.206800,76.799700,SO2,7,17,11
India,Haryana,Faridabad,"New Industrial Town, Faridabad - HSPCB","03-06-2026 23:00:00",28.39072,77.30059,SO2,6,15,10
India,Haryana,Faridabad,"New Industrial Town, Faridabad - HSPCB","03-06-2026 23:00:00",28.39072,77.30059,OZONE,22,24,23
India,Haryana,Faridabad,"Sector 11, Faridabad - HSPCB","03-06-2026 23:00:00",28.376058,77.315741,PM10,77,406,173
India,Haryana,Faridabad,"Sector 30, Faridabad - HSPCB","03-06-2026 23:00:00",28.4417,77.3217,NH3,11,12,11
India,Haryana,Fatehabad,"Huda Sector, Fatehabad - HSPCB","03-06-2026 23:00:00",29.503664,75.467934,NO2,18,20,19
India,Haryana,Gurugram,"NISE Gwal Pahari, Gurugram - IITM","03-06-2026 23:00:00",28.422681,77.148944,PM10,38,289,122
India,Haryana,Gurugram,"Sector-51, Gurugram - HSPCB","03-06-2026 23:00:00",28.4227,77.0667,PM10,112,182,139
India,Haryana,Gurugram,"Sector-51, Gurugram - HSPCB","03-06-2026 23:00:00",28.4227,77.0667,NO2,4,10,6
India,Haryana,Gurugram,"Sector-51, Gurugram - HSPCB","03-06-2026 23:00:00",28.4227,77.0667,CO,16,35,25
India,Haryana,Gurugram,"Teri Gram, Gurugram - HSPCB","03-06-2026 23:00:00",28.4275,77.1465,PM10,NA,NA,NA
India,Haryana,Gurugram,"Teri Gram, Gurugram - HSPCB","03-06-2026 23:00:00",28.4275,77.1465,NH3,NA,NA,NA
India,Haryana,Gurugram,"Teri Gram, Gurugram - HSPCB","03-06-2026 23:00:00",28.4275,77.1465,SO2,NA,NA,NA
India,Haryana,Gurugram,"Teri Gram, Gurugram - HSPCB","03-06-2026 23:00:00",28.4275,77.1465,CO,4,34,19
India,Haryana,Hisar,"Urban Estate-II, Hisar - HSPCB","03-06-2026 23:00:00",29.140560,75.744941,PM2.5,NA,NA,NA
India,Haryana,Hisar,"Urban Estate-II, Hisar - HSPCB","03-06-2026 23:00:00",29.140560,75.744941,SO2,NA,NA,NA
India,Delhi,Delhi,"Sonia Vihar, Delhi - DPCC","03-06-2026 23:00:00",28.710508,77.249485,NH3,6,11,9
India,Delhi,Delhi,"Sonia Vihar, Delhi - DPCC","03-06-2026 23:00:00",28.710508,77.249485,OZONE,3,82,45
India,Delhi,Delhi,"Sri Aurobindo Marg, Delhi - DPCC","03-06-2026 23:00:00",28.531346,77.190156,NO2,24,92,48
India,Delhi,Delhi,"Sri Aurobindo Marg, Delhi - DPCC","03-06-2026 23:00:00",28.531346,77.190156,CO,25,79,54
India,Delhi,Delhi,"Talkatora Garden, Delhi - DPCC","03-06-2026 23:00:00",28.621810,77.1944633,CO,54,83,68
India,Delhi,Delhi,"Vivek Vihar, Delhi - DPCC","03-06-2026 23:00:00",28.672342,77.315260,CO,70,103,88
India,Delhi,Delhi,"Wazirpur, Delhi - DPCC","03-06-2026 23:00:00",28.699793,77.165453,PM2.5,48,150,98
India,Gujarat,Ahmedabad,"Chandkheda, Ahmedabad - IITM","03-06-2026 23:00:00",23.107969,72.574648,PM2.5,32,94,62
India,Gujarat,Ahmedabad,"Chandkheda, Ahmedabad - IITM","03-06-2026 23:00:00",23.107969,72.574648,PM10,71,116,94
India,Gujarat,Ahmedabad,"Chandkheda, Ahmedabad - IITM","03-06-2026 23:00:00",23.107969,72.574648,CO,36,60,49
India,Gujarat,Ahmedabad,"Chandkheda, Ahmedabad - IITM","03-06-2026 23:00:00",23.107969,72.574648,OZONE,2,56,33
India,Gujarat,Ahmedabad,"Raikhad, Ahmedabad - IITM","03-06-2026 23:00:00",23.020509,72.579261,NH3,3,6,4
India,Gujarat,Ahmedabad,"Rakhial, Ahmedabad - IITM","03-06-2026 23:00:00",23.016834,72.625775,CO,38,46,43
India,Gujarat,Ahmedabad,"SAC ISRO Bopal, Ahmedabad - IITM","03-06-2026 23:00:00",23.041137,72.456691,PM2.5,57,102,77
India,Gujarat,Ahmedabad,"SAC ISRO Satellite, Ahmedabad - IITM","03-06-2026 23:00:00",23.023389,72.515201,PM10,57,119,90
India,Gujarat,Ahmedabad,"SVPI Airport Hansol, Ahmedabad - IITM","03-06-2026 23:00:00",23.076793,72.627874,PM2.5,35,83,56
India,Gujarat,Ahmedabad,"SVPI Airport Hansol, Ahmedabad - IITM","03-06-2026 23:00:00",23.076793,72.627874,SO2,3,6,5
India,Gujarat,Bhavnagar,"Vidhyanagar, Bhavnagar - Nexteng Enviro","03-06-2026 23:00:00",21.755417,72.139056,NO2,46,60,53
India,Gujarat,Gandhinagar,"GIFT City, Gandhinagar - IITM","03-06-2026 23:00:00",23.163798,72.677768,PM10,69,129,100
India,Gujarat,Gandhinagar,"GIFT City, Gandhinagar - IITM","03-06-2026 23:00:00",23.163798,72.677768,NO2,19,54,27
India,Gujarat,Gandhinagar,"GIFT City, Gandhinagar - IITM","03-06-2026 23:00:00",23.163798,72.677768,NH3,5,10,6
India,Gujarat,Gandhinagar,"IIPHG Lekawada, Gandhinagar - IITM","03-06-2026 23:00:00",23.243639,72.68994,OZONE,1,9,6
India,Gujarat,Gandhinagar,"Sector-10, Gandhinagar - GPCB","03-06-2026 23:00:00",23.221714,72.654328,PM10,66,121,88
India,Gujarat,Nandesari,"GIDC, Nandesari - Nandesari Ind. Association","03-06-2026 23:00:00",22.410802,73.097923,CO,15,76,42
India,Gujarat,Rajkot,"Mavdi, Rajkot - Nexteng Enviro ","03-06-2026 23:00:00",22.248853,70.776774,PM2.5,32,71,51
India,Gujarat,Rajkot,"Mavdi, Rajkot - Nexteng Enviro ","03-06-2026 23:00:00",22.248853,70.776774,NH3,1,3,2
India,Gujarat,Rajkot,"Mavdi, Rajkot - Nexteng Enviro ","03-06-2026 23:00:00",22.248853,70.776774,SO2,5,8,7
India,Haryana,Jind,"Police Lines, Jind - HSPCB","03-06-2026 23:00:00",29.307814,76.337619,NH3,4,6,5
India,Haryana,Jind,"Police Lines, Jind - HSPCB","03-06-2026 23:00:00",29.307814,76.337619,OZONE,16,54,37
India,Haryana,Kaithal,"Rishi Nagar, Kaithal - HSPCB","03-06-2026 23:00:00",29.8006,76.4155,NH3,5,7,6
India,Haryana,Kurukshetra,"Sector-7, Kurukshetra - HSPCB","03-06-2026 23:00:00",29.966942,76.875879,OZONE,11,115,60
India,Haryana,Mandikhera,"General Hospital, Mandikhera(Nuh) - HSPCB","03-06-2026 23:00:00",27.9002,76.9938,OZONE,55,57,56
India,Haryana,Narnaul,"Shastri Nagar, Narnaul - HSPCB","03-06-2026 23:00:00",28.060249,76.113115,PM2.5,26,108,57
India,Haryana,Palwal,"Shyam Nagar, Palwal - HSPCB","03-06-2026 23:00:00",28.1485564,77.3320667,PM10,81,86,83
India,Haryana,Palwal,"Shyam Nagar, Palwal - HSPCB","03-06-2026 23:00:00",28.1485564,77.3320667,NH3,8,9,9
India,Haryana,Panchgaon,"Amity University, Panchgaon - IITM","03-06-2026 23:00:00",28.3153,76.9143,PM10,23,117,74
India,Haryana,Panchgaon,"Amity University, Panchgaon - IITM","03-06-2026 23:00:00",28.3153,76.9143,OZONE,21,312,108
India,Haryana,Panchkula,"Sector-6, Panchkula - HSPCB ","03-06-2026 23:00:00",30.7057778,76.8531805555555,PM2.5,50,121,78
India,Haryana,Panchkula,"Sector-6, Panchkula - HSPCB ","03-06-2026 23:00:00",30.7057778,76.8531805555555,NO2,23,25,24
India,Delhi,Delhi,"North Campus, DU, Delhi - IITM","03-06-2026 23:00:00",28.6573814,77.1585447,PM10,101,174,132
India,Delhi,Delhi,"Okhla Phase-2, Delhi - DPCC","03-06-2026 23:00:00",28.530785,77.271255,SO2,14,33,18
India,Delhi,Delhi,"Patparganj, Delhi - DPCC","03-06-2026 23:00:00",28.623763,77.287209,PM2.5,47,143,83
India,Delhi,Delhi,"Punjabi Bagh, Delhi - DPCC","03-06-2026 23:00:00",28.674045,77.131023,NO2,19,60,35
India,Delhi,Delhi,"Punjabi Bagh, Delhi - DPCC","03-06-2026 23:00:00",28.674045,77.131023,OZONE,11,92,58
India,Delhi,Delhi,"Pusa, Delhi - DPCC","03-06-2026 23:00:00",28.639652,77.146275,NH3,5,31,11
India,Delhi,Delhi,"Pusa, Delhi - DPCC","03-06-2026 23:00:00",28.639652,77.146275,CO,56,106,82
India,Delhi,Delhi,"R K Puram, Delhi - DPCC","03-06-2026 23:00:00",28.563262,77.186937,SO2,9,45,18
India,Delhi,Delhi,"Shadipur, Delhi - CPCB","03-06-2026 23:00:00",28.6514781,77.1473105,PM10,90,500,171
India,Delhi,Delhi,"Shadipur, Delhi - CPCB","03-06-2026 23:00:00",28.6514781,77.1473105,SO2,2,22,7
India,Delhi,Delhi,"Sirifort, Delhi - CPCB","03-06-2026 23:00:00",28.5504249,77.2159377,PM2.5,83,178,129
India,Delhi,Delhi,"Sirifort, Delhi - CPCB","03-06-2026 23:00:00",28.5504249,77.2159377,NO2,17,31,24
India,Delhi,Delhi,"Sirifort, Delhi - CPCB","03-06-2026 23:00:00",28.5504249,77.2159377,NH3,8,13,11
India,Delhi,Delhi,"Sirifort, Delhi - CPCB","03-06-2026 23:00:00",28.5504249,77.2159377,OZONE,4,67,18
India,Maharashtra,Mumbai,"Chakala-Andheri East, Mumbai - IITM","03-06-2026 23:00:00",19.11074,72.86084,SO2,2,29,10
India,Maharashtra,Mumbai,"Chembur, Mumbai - MPCB","03-06-2026 23:00:00",19.0364585,72.8954371,OZONE,1,55,21
India,Maharashtra,Mumbai,"Chhatrapati Shivaji Intl. Airport (T2), Mumbai - MPCB","03-06-2026 23:00:00",19.10078,72.87462,SO2,7,8,7
India,Maharashtra,Mumbai,"Deonar, Mumbai - IITM","03-06-2026 23:00:00",19.04946,72.9230,NH3,NA,NA,NA
India,Maharashtra,Mumbai,"Ghatkopar, Mumbai - BMC","03-06-2026 23:00:00",19.083694,72.920967,PM10,51,133,72
India,Maharashtra,Mumbai,"Ghatkopar, Mumbai - BMC","03-06-2026 23:00:00",19.083694,72.920967,CO,23,52,26
India,Maharashtra,Mumbai,"Ghatkopar, Mumbai - BMC","03-06-2026 23:00:00",19.083694,72.920967,OZONE,30,54,37
India,Maharashtra,Mumbai,"Kandivali West, Mumbai - BMC","03-06-2026 23:00:00",19.215859,72.831718,PM2.5,28,47,39
India,Maharashtra,Mumbai,"Kandivali West, Mumbai - BMC","03-06-2026 23:00:00",19.215859,72.831718,PM10,32,63,43
India,Maharashtra,Mumbai,"Kandivali West, Mumbai - BMC","03-06-2026 23:00:00",19.215859,72.831718,OZONE,29,71,42
India,Maharashtra,Mumbai,"Kherwadi_Bandra East, Mumbai - MPCB","03-06-2026 23:00:00",19.0632143,72.8456324,PM2.5,12,39,21
India,Maharashtra,Mumbai,"Kherwadi_Bandra East, Mumbai - MPCB","03-06-2026 23:00:00",19.0632143,72.8456324,CO,4,24,18
India,Maharashtra,Mumbai,"Khindipada-Bhandup West, Mumbai - IITM","03-06-2026 23:00:00",19.1653323,72.922099,PM10,14,66,43
India,Maharashtra,Mumbai,"Khindipada-Bhandup West, Mumbai - IITM","03-06-2026 23:00:00",19.1653323,72.922099,NO2,10,38,19
India,Maharashtra,Mumbai,"Khindipada-Bhandup West, Mumbai - IITM","03-06-2026 23:00:00",19.1653323,72.922099,SO2,1,26,11
India,Maharashtra,Mumbai,"Kurla, Mumbai - MPCB","03-06-2026 23:00:00",19.0863,72.8888,PM2.5,3,95,53
India,Maharashtra,Mumbai,"Kurla, Mumbai - MPCB","03-06-2026 23:00:00",19.0863,72.8888,PM10,4,108,62
India,Maharashtra,Mumbai,"Kurla, Mumbai - MPCB","03-06-2026 23:00:00",19.0863,72.8888,NH3,2,2,2
India,Maharashtra,Mumbai,"Malad West, Mumbai - IITM","03-06-2026 23:00:00",19.19709,72.82204,NO2,19,59,37
India,"Madhya Pradesh",Bhopal,"T T Nagar, Bhopal - MPPCB","03-06-2026 23:00:00",23.233584,77.400574,OZONE,65,166,127
India,"Madhya Pradesh",Damoh,"Shrivastav Colony, Damoh - MPPCB","03-06-2026 23:00:00",23.81748678,79.446246,PM2.5,39,112,65
India,"Madhya Pradesh",Dewas,"Bhopal Chauraha, Dewas - MPPCB","03-06-2026 23:00:00",22.9682591,76.064118,NO2,96,118,107
India,"Madhya Pradesh",Gwalior,"City Center, Gwalior - MPPCB","03-06-2026 23:00:00",26.203442,78.193251,SO2,4,42,14
India,"Madhya Pradesh",Gwalior,"City Center, Gwalior - MPPCB","03-06-2026 23:00:00",26.203442,78.193251,CO,34,72,50
India,"Madhya Pradesh",Gwalior,"City Center, Gwalior - MPPCB","03-06-2026 23:00:00",26.203442,78.193251,OZONE,34,126,116
India,"Madhya Pradesh",Gwalior,"Maharaj Bada, Gwalior - MPPCB","03-06-2026 23:00:00",26.200388,78.147714,NO2,35,85,63
India,"Madhya Pradesh",Gwalior,"Maharaj Bada, Gwalior - MPPCB","03-06-2026 23:00:00",26.200388,78.147714,SO2,5,19,9
India,"Madhya Pradesh",Gwalior,"Maharaj Bada, Gwalior - MPPCB","03-06-2026 23:00:00",26.200388,78.147714,OZONE,49,145,97
India,"Madhya Pradesh",Indore,"Chhoti Gwaltoli, Indore - MPPCB","03-06-2026 23:00:00",22.4310,75.5213,PM10,66,117,93
India,"Madhya Pradesh",Indore,"Chhoti Gwaltoli, Indore - MPPCB","03-06-2026 23:00:00",22.4310,75.5213,OZONE,7,22,15
India,"Madhya Pradesh",Indore,"Regional Park, Indore - IMC","03-06-2026 23:00:00",22.6780,75.8559,PM10,NA,NA,NA
India,"Madhya Pradesh",Indore,"Residency Area, Indore - IMC","03-06-2026 23:00:00",22.7084,75.8815,CO,20,52,25
India,"Madhya Pradesh",Indore,"Residency Area, Indore - IMC","03-06-2026 23:00:00",22.7084,75.8815,OZONE,6,14,12
India,"Madhya Pradesh",Jabalpur,"Govindh Bhavan Colony, Jabalpur - JMC","03-06-2026 23:00:00",23.163174,79.973061,SO2,1,6,2
India,Karnataka,Chikkaballapur,"Chikkaballapur Rural, Chikkaballapur - KSPCB","03-06-2026 23:00:00",13.428828,77.731418,NO2,3,5,4
India,Karnataka,Chikkamagaluru,"Kalyana Nagara, Chikkamagaluru - KSPCB","03-06-2026 23:00:00",13.328028,75.797056,PM10,NA,NA,NA
India,Karnataka,Dharwad,"Kalabhavan, Dharwad - KSPCB","03-06-2026 23:00:00",15.459706,75.008381,PM2.5,53,82,68
India,Karnataka,Dharwad,"Kalabhavan, Dharwad - KSPCB","03-06-2026 23:00:00",15.459706,75.008381,CO,32,87,65
India,Karnataka,Dharwad,"Kalabhavan, Dharwad - KSPCB","03-06-2026 23:00:00",15.459706,75.008381,OZONE,27,31,27
India,Karnataka,Hubballi,"Lingaraj Nagar, Hubballi - KSPCB","03-06-2026 23:00:00",15.3714823,75.1160168,PM10,51,56,54
India,Karnataka,Hubballi,"Lingaraj Nagar, Hubballi - KSPCB","03-06-2026 23:00:00",15.3714823,75.1160168,NH3,1,2,2
India,Karnataka,Kalaburagi,"Mahatma Basaveswar Colony, Kalaburgi - KSPCB","03-06-2026 23:00:00",17.336318,76.847397,PM2.5,13,29,20
India,Karnataka,Kalaburagi,"Mahatma Basaveswar Colony, Kalaburgi - KSPCB","03-06-2026 23:00:00",17.336318,76.847397,SO2,2,6,4
India,Karnataka,Kalaburagi,"Mahatma Basaveswar Colony, Kalaburgi - KSPCB","03-06-2026 23:00:00",17.336318,76.847397,CO,30,38,36
India,Karnataka,Koppal,"Diwator Nagar, Koppal - KSPCB","03-06-2026 23:00:00",15.347630,76.181767,CO,34,52,48
India,Karnataka,Madikeri,"Stuart Hill, Madikeri - KSPCB","03-06-2026 23:00:00",12.415911,75.735050,PM2.5,10,33,20
India,Karnataka,Madikeri,"Stuart Hill, Madikeri - KSPCB","03-06-2026 23:00:00",12.415911,75.735050,PM10,15,31,22
India,Karnataka,Mangalore,"Kadri, Mangalore - KSPCB","03-06-2026 23:00:00",12.889250,74.853000,PM2.5,NA,NA,NA
India,Karnataka,Mangalore,"Kadri, Mangalore - KSPCB","03-06-2026 23:00:00",12.889250,74.853000,OZONE,37,37,37
India,Karnataka,Ramanagara,"Vijay Nagar, Ramanagara - KSPCB","03-06-2026 23:00:00",12.733409,77.298051,OZONE,6,55,30
India,Karnataka,Shivamogga,"Vinoba Nagara, Shivamogga - KSPCB","03-06-2026 23:00:00",13.940000,75.555917,PM10,35,42,38
India,Karnataka,Vijayapura,"Ibrahimpur, Vijayapura - KSPCB","03-06-2026 23:00:00",16.802639,75.722694,PM10,38,39,39
India,Kerala,Kannur,"Thavakkara, Kannur - Kerala PCB","03-06-2026 23:00:00",11.875000,75.373200,NO2,11,14,13
India,Kerala,Kannur,"Thavakkara, Kannur - Kerala PCB","03-06-2026 23:00:00",11.875000,75.373200,NH3,1,1,1
India,Kerala,Kollam,"Polayathode, Kollam - Kerala PCB","03-06-2026 23:00:00",8.8787,76.6073,SO2,2,3,3
India,Kerala,Kollam,"Polayathode, Kollam - Kerala PCB","03-06-2026 23:00:00",8.8787,76.6073,CO,14,18,16
India,Kerala,Thiruvananthapuram,"Kariavattom, Thiruvananthapuram - Kerala PCB","03-06-2026 23:00:00",8.563700,76.886500,PM2.5,38,45,42
India,Kerala,Thiruvananthapuram,"Plammoodu, Thiruvananthapuram - Kerala PCB","03-06-2026 23:00:00",8.5149093,76.9435879,SO2,8,29,16
India,"Madhya Pradesh",Bhopal,"Paryavaran Parisar, Bhopal - MPPCB","03-06-2026 23:00:00",23.210494,77.425409,SO2,11,19,16
India,"Madhya Pradesh",Bhopal,"T T Nagar, Bhopal - MPPCB","03-06-2026 23:00:00",23.233584,77.400574,PM10,52,118,87
India,"Madhya Pradesh",Bhopal,"T T Nagar, Bhopal - MPPCB","03-06-2026 23:00:00",23.233584,77.400574,SO2,5,14,9
India,Maharashtra,Latur,"Sawe Wadi, Latur - MPCB","03-06-2026 23:00:00",18.39963,76.57452,PM2.5,25,59,40
India,Maharashtra,Latur,"Sawe Wadi, Latur - MPCB","03-06-2026 23:00:00",18.39963,76.57452,PM10,42,70,56
India,Maharashtra,Latur,"Sawe Wadi, Latur - MPCB","03-06-2026 23:00:00",18.39963,76.57452,NH3,3,21,6
India,Maharashtra,Mahad,"Kamble Tarf Birwadi, Mahad - MPCB","03-06-2026 23:00:00",18.1023399,73.4783687,NH3,NA,NA,NA
India,Maharashtra,Malegaon,"Mahesh Nagar, Malegaon - MPCB","03-06-2026 23:00:00",20.555712,74.529236,PM10,NA,NA,NA
India,Maharashtra,Malegaon,"Mahesh Nagar, Malegaon - MPCB","03-06-2026 23:00:00",20.555712,74.529236,NH3,NA,NA,NA
India,Maharashtra,Mumbai,"Bandra Kurla Complex, Mumbai - IITM","03-06-2026 23:00:00",19.053536,72.84643,SO2,NA,NA,NA
India,Maharashtra,Mumbai,"Borivali East, Mumbai - IITM","03-06-2026 23:00:00",19.23241,72.86895,PM2.5,15,51,29
India,Maharashtra,Mumbai,"Borivali East, Mumbai - MPCB","03-06-2026 23:00:00",19.2243333,72.8658113,PM10,NA,NA,NA
India,Maharashtra,Mumbai,"Borivali East, Mumbai - MPCB","03-06-2026 23:00:00",19.2243333,72.8658113,NH3,NA,NA,NA
India,Maharashtra,Mumbai,"Borivali East, Mumbai - MPCB","03-06-2026 23:00:00",19.2243333,72.8658113,CO,NA,NA,NA
India,Maharashtra,Mumbai,"Byculla, Mumbai - BMC","03-06-2026 23:00:00",18.9767,72.8380,PM2.5,19,40,26
India,Maharashtra,Mumbai,"Byculla, Mumbai - BMC","03-06-2026 23:00:00",18.9767,72.8380,PM10,52,95,69
India,Maharashtra,Mumbai,"Byculla, Mumbai - BMC","03-06-2026 23:00:00",18.9767,72.8380,CO,46,69,59
India,Maharashtra,Boisar,"Khaira, Boisar - MPCB","03-06-2026 23:00:00",19.786089,72.757971,OZONE,22,39,28
India,Maharashtra,Chandrapur,"Chauhan Colony, Chandrapur - MPCB","03-06-2026 23:00:00",19.962900,79.298714,PM10,60,141,101
India,Maharashtra,Chandrapur,"MIDC Khutala, Chandrapur - MPCB","03-06-2026 23:00:00",19.9775302,79.2337086,SO2,5,86,22
India,Maharashtra,Dombivli,"Kalu Nagar, Dombivli - MPCB","03-06-2026 23:00:00","19.2268427 ","73.0788456 ",PM10,12,80,35
India,Maharashtra,Hingoli,"Ashta Vinayak Nagar, Hingoli - MPCB","03-06-2026 23:00:00",19.710842,77.151824,PM10,32,74,45
India,Maharashtra,Jalgaon,"Prabhat Colony, Jalgaon - MPCB","03-06-2026 23:00:00",21.001264,75.565602,OZONE,12,74,55
India,Maharashtra,Kalyan,"Pimpleshwar Mandir, Kalyan - MPCB","03-06-2026 23:00:00",19.192056,72.9585188,PM2.5,51,56,54
India,Maharashtra,Kalyan,"Pimpleshwar Mandir, Kalyan - MPCB","03-06-2026 23:00:00",19.192056,72.9585188,PM10,70,80,75
India,Maharashtra,Kolhapur,"Shivaji University, Kolhapur - MPCB","03-06-2026 23:00:00",16.6870449,74.2505872,CO,6,20,16
India,Maharashtra,Amravati,"Shivneri Colony, Amravati - MPCB","03-06-2026 23:00:00",20.9402359,77.7895248,NH3,4,7,6
India,Maharashtra,Amravati,"Shri Shivaji Science College, Amravati - MPCB","03-06-2026 23:00:00",20.939198,77.765701,NH3,6,10,7
India,Maharashtra,Aurangabad,"MIDC Chilkalthana, Aurangabad - MPCB","03-06-2026 23:00:00",19.875620,75.387310,NH3,1,4,2
India,Maharashtra,Aurangabad,"MIDC Chilkalthana, Aurangabad - MPCB","03-06-2026 23:00:00",19.875620,75.387310,SO2,8,73,36
India,Maharashtra,Aurangabad,"MIDC Chilkalthana, Aurangabad - MPCB","03-06-2026 23:00:00",19.875620,75.387310,CO,3,11,3
India,Maharashtra,Aurangabad,"More Chowk Waluj, Aurangabad - MPCB","03-06-2026 23:00:00",19.8389439,75.244448,PM2.5,24,53,44
India,Maharashtra,Aurangabad,"More Chowk Waluj, Aurangabad - MPCB","03-06-2026 23:00:00",19.8389439,75.244448,SO2,8,44,31
India,Maharashtra,Aurangabad,"Rachnakar Colony, Aurangabad - MPCB","03-06-2026 23:00:00",19.863756,75.321188,OZONE,12,16,14
India,Maharashtra,Beed,"Bir, Beed - MPCB","03-06-2026 23:00:00",18.988474,75.753873,SO2,1,4,2
India,Maharashtra,Bhiwandi,"Gokul Nagar, Bhiwandi - MPCB","03-06-2026 23:00:00",19.309073,73.057223,PM10,51,101,68
India,"Madhya Pradesh",Jabalpur,"Marhatal, Jabalpur - MPPCB","03-06-2026 23:00:00",23.168606,79.932247,OZONE,36,94,56
India,"Madhya Pradesh",Jabalpur,"Suhagi, Jabalpur - JMC","03-06-2026 23:00:00",23.218135,79.957770,CO,37,103,78
India,"Madhya Pradesh",Katni,"Gole Bazar, Katni - MPPCB","03-06-2026 23:00:00",23.50016,80.23284,NO2,13,33,19
India,"Madhya Pradesh",Katni,"Gole Bazar, Katni - MPPCB","03-06-2026 23:00:00",23.50016,80.23284,NH3,4,7,5
India,"Madhya Pradesh",Mandideep,"Sector-D Industrial Area, Mandideep - MPPCB","03-06-2026 23:00:00",23.108440,77.511428,NH3,4,8,7
India,"Madhya Pradesh",Mandideep,"Sector-D Industrial Area, Mandideep - MPPCB","03-06-2026 23:00:00",23.108440,77.511428,SO2,19,120,40
India,"Madhya Pradesh",Ratlam,"Shasthri Nagar, Ratlam - IPCA Lab","03-06-2026 23:00:00",23.331731,75.045981,PM10,50,117,81
India,"Madhya Pradesh",Sagar,"Civil Lines, Sagar - MPPCB","03-06-2026 23:00:00",23.838586,78.759431,NH3,3,4,3
India,"Madhya Pradesh",Satna,"Bandhavgar Colony, Satna - Birla Cement","03-06-2026 23:00:00",24.58434363,80.8549414,SO2,18,20,19
India,"Madhya Pradesh",Satna,"Bandhavgar Colony, Satna - Birla Cement","03-06-2026 23:00:00",24.58434363,80.8549414,OZONE,10,60,54
India,"Madhya Pradesh",Singrauli,"Suryakiran Bhawan NCL, Singrauli - MPPCB","03-06-2026 23:00:00",24.108970,82.645580,PM2.5,82,359,167
India,"Madhya Pradesh",Singrauli,"Suryakiran Bhawan NCL, Singrauli - MPPCB","03-06-2026 23:00:00",24.108970,82.645580,PM10,97,338,165
India,Maharashtra,Ahmednagar,"Tarakpur, Ahmednagar - MPCB","03-06-2026 23:00:00",19.10122,74.73339,PM2.5,NA,NA,NA
India,Maharashtra,Ahmednagar,"Tarakpur, Ahmednagar - MPCB","03-06-2026 23:00:00",19.10122,74.73339,NH3,NA,NA,NA
India,Odisha,Cuttack,"CDA Area, Cuttack - OSPCB","03-06-2026 23:00:00","20.48891     ","85.84768     ",NH3,1,2,2
India,Odisha,Cuttack,"CDA Area, Cuttack - OSPCB","03-06-2026 23:00:00","20.48891     ","85.84768     ",OZONE,10,125,91
India,Odisha,Keonjhar,"Jagamohanpur, Keonjhar - OSPCB","03-06-2026 23:00:00",21.643900,85.599355,PM10,44,81,62
India,Odisha,Keonjhar,"Jagamohanpur, Keonjhar - OSPCB","03-06-2026 23:00:00",21.643900,85.599355,SO2,4,22,8
India,Odisha,Keonjhar,"Jagamohanpur, Keonjhar - OSPCB","03-06-2026 23:00:00",21.643900,85.599355,OZONE,5,36,29
India,Odisha,Rairangpur,"Divisional Forest Office, Rairangpur - OSPCB","03-06-2026 23:00:00",22.265816,86.174829,PM10,60,105,79
India,Odisha,Rairangpur,"Divisional Forest Office, Rairangpur - OSPCB","03-06-2026 23:00:00",22.265816,86.174829,CO,2,26,17
India,Odisha,Rourkela,"Fertilizer Township, Rourkela - OSPCB","03-06-2026 23:00:00",22.18972222,84.86277778,NO2,NA,NA,NA
India,Odisha,Rourkela,"Raghunathpali, Rourkela - OSPCB","03-06-2026 23:00:00",22.220833,84.809444,OZONE,2,20,15
India,Odisha,Suakati,"OMC Colony, Suakati - OSPCB","03-06-2026 23:00:00",21.606865,85.510538,CO,2,20,9
India,Odisha,Talcher,"Talcher Coalfields,Talcher - OSPCB","03-06-2026 23:00:00",20.9360711,85.1707021,PM2.5,5,207,74
India,Odisha,Talcher,"Talcher Coalfields,Talcher - OSPCB","03-06-2026 23:00:00",20.9360711,85.1707021,NH3,5,8,6
India,Puducherry,Puducherry,"Jawahar Nagar, Puducherry - PPCC","03-06-2026 23:00:00",11.9309,79.8027,PM10,10,52,27
India,Punjab,Amritsar,"Golden Temple, Amritsar - PPCB","03-06-2026 23:00:00",31.620000,74.876512,NH3,7,7,7
India,Punjab,Amritsar,"Golden Temple, Amritsar - PPCB","03-06-2026 23:00:00",31.620000,74.876512,SO2,2,16,7
India,Maharashtra,Pune,"Dhankawadi, Pune - IITM","03-06-2026 23:00:00",18.459883,73.852193,OZONE,2,25,9
India,Maharashtra,Pune,"Katraj Dairy, Pune - MPCB","03-06-2026 23:00:00",18.454450,73.854155,NO2,10,23,13
India,Maharashtra,Pune,"Katraj Dairy, Pune - MPCB","03-06-2026 23:00:00",18.454450,73.854155,OZONE,12,111,35
India,Maharashtra,Pune,"Mhada Colony, Pune - IITM","03-06-2026 23:00:00",18.573040,73.927715,NO2,13,80,44
India,Maharashtra,Pune,"Panchawati_Pashan, Pune - IITM","03-06-2026 23:00:00",18.536457,73.805454,CO,NA,NA,NA
India,Maharashtra,Sangli,"Vijay Nagar, Sangli - MPCB","03-06-2026 23:00:00"," 16.5038",74.3623,NH3,3,6,4
India,Maharashtra,Sangli,"Vijay Nagar, Sangli - MPCB","03-06-2026 23:00:00"," 16.5038",74.3623,SO2,4,7,5
India,Maharashtra,Sangli,"Vijay Nagar, Sangli - MPCB","03-06-2026 23:00:00"," 16.5038",74.3623,CO,15,30,22
India,Maharashtra,Satara,"Koyana Nagar, Satara - MPCB","03-06-2026 23:00:00",17.696651,74.003387,NO2,3,12,6
India,Maharashtra,Satara,"Koyana Nagar, Satara - MPCB","03-06-2026 23:00:00",17.696651,74.003387,OZONE,18,56,49
India,Maharashtra,Solapur,"Ratandeep Housing Society, Solapur - MPCB","03-06-2026 23:00:00",17.65439,75.90649,PM2.5,12,44,27
India,Maharashtra,Solapur,"Ratandeep Housing Society, Solapur - MPCB","03-06-2026 23:00:00",17.65439,75.90649,CO,11,37,26
India,Maharashtra,Thane,"Kasarvadavali, Thane - MPCB","03-06-2026 23:00:00",19.26777,72.97182,PM10,60,84,72
India,Maharashtra,Thane,"Kasarvadavali, Thane - MPCB","03-06-2026 23:00:00",19.26777,72.97182,SO2,1,4,2
India,Maharashtra,Thane,"Kasarvadavali, Thane - MPCB","03-06-2026 23:00:00",19.26777,72.97182,OZONE,16,44,24
India,Maharashtra,Thane,"Upvan Fort, Thane - MPCB","03-06-2026 23:00:00",19.222279,72.957979,PM10,60,83,72
India,Maharashtra,Thane,"Upvan Fort, Thane - MPCB","03-06-2026 23:00:00",19.222279,72.957979,NO2,7,49,18
India,Punjab,Bathinda,"Hardev Nagar, Bathinda - PPCB","03-06-2026 23:00:00",30.233011,74.907758,NO2,44,53,47
India,Punjab,Jalandhar,"Civil Line, Jalandhar - PPCB","03-06-2026 23:00:00",31.321907,75.578914,NO2,10,18,16
India,Punjab,Ludhiana,"Punjab Agricultural University, Ludhiana - PPCB","03-06-2026 23:00:00",30.9028,75.8086,PM2.5,67,117,79
India,Punjab,Ludhiana,"Punjab Agricultural University, Ludhiana - PPCB","03-06-2026 23:00:00",30.9028,75.8086,NO2,47,54,50
India,Punjab,Patiala,"Model Town, Patiala - PPCB","03-06-2026 23:00:00",30.349388,76.366642,NH3,6,7,6
India,Punjab,Patiala,"Model Town, Patiala - PPCB","03-06-2026 23:00:00",30.349388,76.366642,SO2,1,59,25
India,Punjab,Patiala,"Model Town, Patiala - PPCB","03-06-2026 23:00:00",30.349388,76.366642,CO,21,61,34
India,Rajasthan,Ajmer,"Civil Lines,  Ajmer - RSPCB","03-06-2026 23:00:00",26.470859,74.646594,SO2,8,17,12
India,Rajasthan,Alwar,"Moti Doongri, Alwar - RSPCB","03-06-2026 23:00:00",27.554793,76.611536,NH3,3,14,10
India,Rajasthan,Banswara,"Rati Talai, Banswara - RSPCB","03-06-2026 23:00:00",23.555190,74.440010,OZONE,5,172,78
India,Rajasthan,Baran,"Bamboliya, Baran - RSPCB","03-06-2026 23:00:00",25.106006,76.469948,NH3,9,16,13
India,Rajasthan,Baran,"Bamboliya, Baran - RSPCB","03-06-2026 23:00:00",25.106006,76.469948,CO,42,107,78
India,Rajasthan,Baran,"Bamboliya, Baran - RSPCB","03-06-2026 23:00:00",25.106006,76.469948,OZONE,5,192,65
India,Rajasthan,Barmer,"Railway Colony, Barmer - RSPCB","03-06-2026 23:00:00",25.747299,71.393989,PM2.5,17,422,130
India,Rajasthan,Barmer,"Railway Colony, Barmer - RSPCB","03-06-2026 23:00:00",25.747299,71.393989,NH3,6,13,9
India,Maharashtra,"Navi Mumbai","Mahape, Navi Mumbai - MPCB","03-06-2026 23:00:00",19.1135051,73.008978,PM10,44,124,78
India,Maharashtra,"Navi Mumbai","Mahape, Navi Mumbai - MPCB","03-06-2026 23:00:00",19.1135051,73.008978,NO2,43,44,43
India,Maharashtra,"Navi Mumbai","Nerul, Navi Mumbai - MPCB","03-06-2026 23:00:00",19.008751,73.016620,PM2.5,12,53,26
India,Maharashtra,"Navi Mumbai","Sanpada, Navi Mumbai - MPCB","03-06-2026 23:00:00",19.0575752,73.0151367,SO2,13,19,16
India,Maharashtra,Parbhani,"Masoom Colony, Parbhani - MPCB","03-06-2026 23:00:00",19.265594,76.761463,PM10,22,73,51
India,Maharashtra,Parbhani,"Masoom Colony, Parbhani - MPCB","03-06-2026 23:00:00",19.265594,76.761463,OZONE,37,197,77
India,Maharashtra,Pimpri-Chinchwad,"Bhosari,Pimpri-Chinchwad - IITM","03-06-2026 23:00:00",18.640051,73.848956,PM10,30,116,59
India,Maharashtra,Pimpri-Chinchwad,"Bhosari,Pimpri-Chinchwad - IITM","03-06-2026 23:00:00",18.640051,73.848956,OZONE,14,30,21
India,Maharashtra,Pimpri-Chinchwad,"Bhumkar Nagar, Pimpri-Chinchwad - IITM","03-06-2026 23:00:00",18.605770,73.749976,CO,16,48,28
India,Maharashtra,Pimpri-Chinchwad,"Bhumkar Nagar, Pimpri-Chinchwad - IITM","03-06-2026 23:00:00",18.605770,73.749976,OZONE,7,25,19
India,Maharashtra,Pimpri-Chinchwad,"Gavalinagar, Pimpri Chinchwad - MPCB","03-06-2026 23:00:00",18.63673,73.82487,NH3,NA,NA,NA
India,Maharashtra,Pimpri-Chinchwad,"Thergaon, Pimpri Chinchwad - MPCB","03-06-2026 23:00:00",18.616318,73.765797,NO2,7,24,16
India,Maharashtra,Pimpri-Chinchwad,"Thergaon, Pimpri Chinchwad - MPCB","03-06-2026 23:00:00",18.616318,73.765797,SO2,NA,NA,NA
India,Maharashtra,Pimpri-Chinchwad,"Thergaon, Pimpri Chinchwad - MPCB","03-06-2026 23:00:00",18.616318,73.765797,CO,16,56,40
India,Maharashtra,Pune,"Dhankawadi, Pune - IITM","03-06-2026 23:00:00",18.459883,73.852193,NO2,20,25,22
India,Maharashtra,Mumbai,"Mazgaon, Mumbai - IITM","03-06-2026 23:00:00",18.96702,72.84214,OZONE,6,50,31
India,Maharashtra,Mumbai,"Mindspace-Malad West, Mumbai - MPCB","03-06-2026 23:00:00",19.1878657,72.8304069,PM2.5,NA,NA,NA
India,Maharashtra,Mumbai,"Mindspace-Malad West, Mumbai - MPCB","03-06-2026 23:00:00",19.1878657,72.8304069,CO,NA,NA,NA
India,Maharashtra,Mumbai,"Mindspace-Malad West, Mumbai - MPCB","03-06-2026 23:00:00",19.1878657,72.8304069,OZONE,NA,NA,NA
India,Maharashtra,Mumbai,"Mulund West, Mumbai - MPCB","03-06-2026 23:00:00",19.1750,72.9419,NO2,12,15,14
India,Maharashtra,Mumbai,"Mulund West, Mumbai - MPCB","03-06-2026 23:00:00",19.1750,72.9419,NH3,5,5,5
India,Maharashtra,Mumbai,"Navy Nagar-Colaba, Mumbai - IITM","03-06-2026 23:00:00",18.897756,72.813320,PM10,35,65,48
India,Maharashtra,Mumbai,"Powai, Mumbai - MPCB","03-06-2026 23:00:00",19.137500,72.915056,SO2,7,17,13
India,Maharashtra,Mumbai,"Sewri, Mumbai - BMC","03-06-2026 23:00:00",19.000084,72.856730,PM10,55,77,66
India,Maharashtra,Mumbai,"Shivaji Nagar, Mumbai - BMC","03-06-2026 23:00:00",19.060498,72.923356,NO2,17,32,22
India,Maharashtra,Mumbai,"Siddharth Nagar-Worli, Mumbai - IITM","03-06-2026 23:00:00",19.000083,72.813993,PM2.5,18,30,24
India,Maharashtra,Mumbai,"Siddharth Nagar-Worli, Mumbai - IITM","03-06-2026 23:00:00",19.000083,72.813993,NO2,23,44,28
India,Maharashtra,Mumbai,"Siddharth Nagar-Worli, Mumbai - IITM","03-06-2026 23:00:00",19.000083,72.813993,NH3,2,2,2
India,Maharashtra,Mumbai,"Siddharth Nagar-Worli, Mumbai - IITM","03-06-2026 23:00:00",19.000083,72.813993,CO,11,24,17
India,Maharashtra,Mumbai,"Worli, Mumbai -MPCB","03-06-2026 23:00:00",18.9942180,72.8158167,PM10,14,102,37
India,Maharashtra,Ulhasnagar,"Sidhi Vinayak Nagar, Ulhasnagar - MPCB","03-06-2026 23:00:00",19.235581,73.159121,PM10,41,78,59
India,Maharashtra,Ulhasnagar,"Sidhi Vinayak Nagar, Ulhasnagar - MPCB","03-06-2026 23:00:00",19.235581,73.159121,NH3,3,7,5
India,Maharashtra,Ulhasnagar,"Vithalwadi, Ulhasnagar - MPCB","03-06-2026 23:00:00","19.2307571 ",73.1551920,PM10,24,43,32
India,Maharashtra,Ulhasnagar,"Vithalwadi, Ulhasnagar - MPCB","03-06-2026 23:00:00","19.2307571 ",73.1551920,NO2,14,32,20
India,Maharashtra,Ulhasnagar,"Vithalwadi, Ulhasnagar - MPCB","03-06-2026 23:00:00","19.2307571 ",73.1551920,CO,26,47,32
India,Maharashtra,Ulhasnagar,"Vithalwadi, Ulhasnagar - MPCB","03-06-2026 23:00:00","19.2307571 ",73.1551920,OZONE,8,46,20
India,Maharashtra,Virar,"Bolinj, Virar - MPCB","03-06-2026 23:00:00",19.4458210,72.7988231,PM2.5,29,52,37
India,Maharashtra,Virar,"Bolinj, Virar - MPCB","03-06-2026 23:00:00",19.4458210,72.7988231,OZONE,7,28,15
India,Meghalaya,Byrnihat,"15th Mile-Nongthymmai, Byrnihat - Meghalaya PCB","03-06-2026 23:00:00",26.05374,91.86796,SO2,NA,NA,NA
India,Mizoram,Aizawl,"Sikulpuikawn, Aizawl - Mizoram PCB","03-06-2026 23:00:00",23.7176342,92.7192841,PM10,35,78,52
India,Mizoram,Aizawl,"Sikulpuikawn, Aizawl - Mizoram PCB","03-06-2026 23:00:00",23.7176342,92.7192841,CO,3,4,3
India,Odisha,Angul,"Hakimapada, Angul - OSPCB","03-06-2026 23:00:00",20.832874,85.104082,OZONE,2,198,32
India,Odisha,Balasore,"Kalidaspur, Balasore - OSPCB","03-06-2026 23:00:00",21.51161,86.89088,PM2.5,27,133,61
India,Maharashtra,Nagpur,"Ambazari, Nagpur - MPCB","03-06-2026 23:00:00",21.121801,79.04952,SO2,2,28,10
India,Maharashtra,Nagpur,"Mahal, Nagpur - MPCB","03-06-2026 23:00:00",21.14472,79.107595,NH3,4,16,7
India,Maharashtra,Nagpur,"Opp GPO Civil Lines, Nagpur - MPCB","03-06-2026 23:00:00",21.152875,79.0517531,NH3,3,4,3
India,Maharashtra,Nagpur,"Opp GPO Civil Lines, Nagpur - MPCB","03-06-2026 23:00:00",21.152875,79.0517531,SO2,1,17,10
India,Maharashtra,Nanded,"Sneh Nagar, Nanded - MPCB","03-06-2026 23:00:00",19.173852,77.296291,NH3,4,5,4
India,Maharashtra,Nanded,"Sneh Nagar, Nanded - MPCB","03-06-2026 23:00:00",19.173852,77.296291,OZONE,31,105,79
India,Maharashtra,Nashik,"Gangapur Road, Nashik - MPCB","03-06-2026 23:00:00",20.0073285,73.7762427,NO2,5,5,5
India,Maharashtra,Nashik,"Gangapur Road, Nashik - MPCB","03-06-2026 23:00:00",20.0073285,73.7762427,NH3,3,3,3
India,Maharashtra,Nashik,"Hirawadi, Nashik - MPCB","03-06-2026 23:00:00",20.021503,73.813844,NH3,NA,NA,NA
India,Maharashtra,Nashik,"Hirawadi, Nashik - MPCB","03-06-2026 23:00:00",20.021503,73.813844,CO,25,38,29
India,Maharashtra,Nashik,"Pandav Nagari, Nashik - MPCB","03-06-2026 23:00:00",19.9591346,73.7788008,SO2,1,4,2
India,Maharashtra,"Navi Mumbai","Kopripada-Vashi, Navi Mumbai - MPCB","03-06-2026 23:00:00",19.090337,73.014232,PM10,84,126,102
India,Odisha,Barbil,"Forest Office, Barbil - OSPCB","03-06-2026 23:00:00",22.1166054,85.3945546,PM2.5,33,107,58
India,Odisha,Barbil,"Forest Office, Barbil - OSPCB","03-06-2026 23:00:00",22.1166054,85.3945546,OZONE,4,147,95
India,Odisha,Baripada,"Meher Colony, Baripada - OSPCB","03-06-2026 23:00:00",21.941841,86.728318,SO2,5,10,7
India,Odisha,Baripada,"Meher Colony, Baripada - OSPCB","03-06-2026 23:00:00",21.941841,86.728318,OZONE,26,85,51
India,Odisha,Bhubaneswar,"Lingraj Mandir, Bhubaneswar - OSPCB","03-06-2026 23:00:00",20.240790,85.836784,CO,52,108,87
India,Odisha,Bhubaneswar,"Lingraj Mandir, Bhubaneswar - OSPCB","03-06-2026 23:00:00",20.240790,85.836784,OZONE,23,118,67
India,Odisha,Bhubaneswar,"Patia, Bhubaneswar - OSPCB","03-06-2026 23:00:00",20.34652,85.81630,PM10,NA,NA,NA
India,Odisha,Bileipada,"Tata Township, Bileipada - OSPCB","03-06-2026 23:00:00",22.06156703,85.47409613,NO2,14,17,15
India,Odisha,Byasanagar,"Ferro Chrome Colony, Byasanagar - OSPCB","03-06-2026 23:00:00",20.94185,86.11510,OZONE,5,158,87
India,Rajasthan,Bharatpur,"Krishna Nagar, Bharatpur - RSPCB","03-06-2026 23:00:00",27.215415,77.50873,PM2.5,7,52,24
India,Rajasthan,Bharatpur,"Krishna Nagar, Bharatpur - RSPCB","03-06-2026 23:00:00",27.215415,77.50873,NH3,8,16,11
India,Rajasthan,Bhilwara,"Pratap Nagar, Bhilwara - RSPCB","03-06-2026 23:00:00",25.339605,74.618883,OZONE,36,98,79
India,Rajasthan,Bhiwadi,"RIICO Ind. Area III, Bhiwadi - RSPCB","03-06-2026 23:00:00",28.194909,76.862296,NH3,5,17,9
India,Rajasthan,Bhiwadi,"Vasundhara Nagar_UIT, Bhiwadi - RSPCB","03-06-2026 23:00:00",28.207266,76.829265,PM10,56,400,159
India,Rajasthan,Bhiwadi,"Vasundhara Nagar_UIT, Bhiwadi - RSPCB","03-06-2026 23:00:00",28.207266,76.829265,NO2,8,97,32
India,Rajasthan,Bikaner,"MM Ground, Bikaner - RSPCB","03-06-2026 23:00:00",28.018792,73.292658,PM2.5,32,142,58
India,Rajasthan,Bundi,"New Colony, Bundi - RSPCB","03-06-2026 23:00:00",25.435774,75.644272,NH3,NA,NA,NA
India,Rajasthan,Pali,"Indira Colony Vistar, Pali - RSPCB","03-06-2026 23:00:00",25.771061," 73.340227",NH3,1,3,1
India,Rajasthan,Pali,"Indira Colony Vistar, Pali - RSPCB","03-06-2026 23:00:00",25.771061," 73.340227",CO,17,54,24
India,Rajasthan,Pratapgarh,"Pragati Nagar, Pratapgarh - RSPCB","03-06-2026 23:00:00",24.041198,74.780702,PM2.5,17,97,53
India,Rajasthan,Pratapgarh,"Pragati Nagar, Pratapgarh - RSPCB","03-06-2026 23:00:00",24.041198,74.780702,CO,13,28,21
India,Rajasthan,"Sawai Madhopur","Sahu Nagar, Sawai Madhopur - RSPCB","03-06-2026 23:00:00",26.031443,76.359327,NO2,1,40,10
India,Rajasthan,"Sawai Madhopur","Sahu Nagar, Sawai Madhopur - RSPCB","03-06-2026 23:00:00",26.031443,76.359327,OZONE,26,160,78
India,Rajasthan,Sikar,"Radhakishan Pura, Sikar - RSPCB","03-06-2026 23:00:00",27.608912,75.153302,PM2.5,25,78,50
India,Rajasthan,Sikar,"Radhakishan Pura, Sikar - RSPCB","03-06-2026 23:00:00",27.608912,75.153302,NO2,12,56,25
India,Rajasthan,Sikar,"Radhakishan Pura, Sikar - RSPCB","03-06-2026 23:00:00",27.608912,75.153302,SO2,1,7,4
India,Rajasthan,Sirohi,"Vedhaynath Colony, Sirohi - RSPCB","03-06-2026 23:00:00",24.885261,72.857549,PM2.5,8,57,27
India,Rajasthan,"Sri Ganganagar","Old City, Sri Ganganagar - RSPCB","03-06-2026 23:00:00",29.931624,73.864511,NO2,15,79,52
India,Rajasthan,Tonk,"Shastri Nagar, Tonk - RSPCB","03-06-2026 23:00:00",26.159933,75.780517,PM10,90,237,136
India,Rajasthan,Udaipur,"Ashok Nagar, Udaipur - RSPCB","03-06-2026 23:00:00",24.5886166,73.6321397,CO,11,50,36
India,Sikkim,Gangtok,"Zero Point GICI, Gangtok - SSPCB","03-06-2026 23:00:00",27.338530,88.614099,SO2,1,1,1
India,Sikkim,Gangtok,"Zero Point GICI, Gangtok - SSPCB","03-06-2026 23:00:00",27.338530,88.614099,CO,4,12,9
India,Sikkim,Gangtok,"Zero Point GICI, Gangtok - SSPCB","03-06-2026 23:00:00",27.338530,88.614099,OZONE,15,29,23
India,TamilNadu,Chennai,"Arumbakkam, Chennai - TNPCB","03-06-2026 23:00:00",13.0664,"80.2112 ",PM2.5,5,49,26
India,Uttar_Pradesh,Agra,"Manoharpur, Agra - UPPCB","03-06-2026 23:00:00",27.23711,78.01936,NO2,21,22,21
India,Uttar_Pradesh,Agra,"Rohta, Agra - UPPCB","03-06-2026 23:00:00",27.106972,78.000111,CO,9,26,20
India,Uttar_Pradesh,Agra,"Sector-3B Avas Vikas Colony, Agra - UPPCB","03-06-2026 23:00:00",27.19412,77.96237,PM10,11,143,94
India,Uttar_Pradesh,Agra,"Sector-3B Avas Vikas Colony, Agra - UPPCB","03-06-2026 23:00:00",27.19412,77.96237,NO2,20,20,20
India,Uttar_Pradesh,Agra,"Sector-3B Avas Vikas Colony, Agra - UPPCB","03-06-2026 23:00:00",27.19412,77.96237,CO,10,44,16
India,Uttar_Pradesh,Agra,"Shahjahan Garden, Agra - UPPCB","03-06-2026 23:00:00",27.169338,78.03582,NO2,7,11,9
India,Uttar_Pradesh,Agra,"Shahjahan Garden, Agra - UPPCB","03-06-2026 23:00:00",27.169338,78.03582,SO2,20,31,26
India,Uttar_Pradesh,Agra,"Shahjahan Garden, Agra - UPPCB","03-06-2026 23:00:00",27.169338,78.03582,CO,8,22,20
India,Uttar_Pradesh,Agra,"Shastripuram, Agra - UPPCB","03-06-2026 23:00:00",27.19862,77.92066,PM2.5,24,106,55
India,Uttar_Pradesh,Agra,"Shastripuram, Agra - UPPCB","03-06-2026 23:00:00",27.19862,77.92066,NO2,39,39,39
India,Uttar_Pradesh,Baghpat,"Sardar Patel Inter College, Baghpat - UPPCB","03-06-2026 23:00:00",28.964949,77.278761,PM10,NA,NA,NA
India,Uttar_Pradesh,Baghpat,"Sardar Patel Inter College, Baghpat - UPPCB","03-06-2026 23:00:00",28.964949,77.278761,NO2,14,115,55
India,Uttar_Pradesh,Baghpat,"Sardar Patel Inter College, Baghpat - UPPCB","03-06-2026 23:00:00",28.964949,77.278761,CO,32,92,49
India,Uttar_Pradesh,Bareilly,"Civil Lines, Bareilly - UPPCB","03-06-2026 23:00:00",28.359581,79.414455,PM2.5,28,57,42
India,Uttar_Pradesh,Bareilly,"Civil Lines, Bareilly - UPPCB","03-06-2026 23:00:00",28.359581,79.414455,NH3,1,8,2
India,Uttar_Pradesh,Bulandshahr,"Yamunapuram, Bulandshahr - UPPCB","03-06-2026 23:00:00",28.406963,77.849831,PM10,96,162,125
India,Uttar_Pradesh,Bulandshahr,"Yamunapuram, Bulandshahr - UPPCB","03-06-2026 23:00:00",28.406963,77.849831,SO2,3,29,14
India,Uttar_Pradesh,Bulandshahr,"Yamunapuram, Bulandshahr - UPPCB","03-06-2026 23:00:00",28.406963,77.849831,CO,18,60,47
India,Uttar_Pradesh,Firozabad,"Nagla Bhau, Firozabad - UPPCB","03-06-2026 23:00:00",27.168897,78.376960,PM10,31,110,54
India,Uttar_Pradesh,Firozabad,"Nagla Bhau, Firozabad - UPPCB","03-06-2026 23:00:00",27.168897,78.376960,NO2,17,17,17
India,Uttar_Pradesh,Firozabad,"Vibhab Nagar, Firozabad - UPPCB","03-06-2026 23:00:00",27.1594,78.3953,PM2.5,24,85,42
India,Uttar_Pradesh,Firozabad,"Vibhab Nagar, Firozabad - UPPCB","03-06-2026 23:00:00",27.1594,78.3953,SO2,4,9,8
India,Uttar_Pradesh,Firozabad,"Vibhab Nagar, Firozabad - UPPCB","03-06-2026 23:00:00",27.1594,78.3953,CO,20,40,38
India,Uttar_Pradesh,Ghaziabad,"Govindpuram, Ghaziabad - UPPCB","03-06-2026 23:00:00","28.694528 ","77.494705 ",PM2.5,43,160,76
India,Uttar_Pradesh,Ghaziabad,"Govindpuram, Ghaziabad - UPPCB","03-06-2026 23:00:00","28.694528 ","77.494705 ",PM10,101,206,140
India,Uttar_Pradesh,Ghaziabad,"Govindpuram, Ghaziabad - UPPCB","03-06-2026 23:00:00","28.694528 ","77.494705 ",NO2,31,90,56
India,Uttar_Pradesh,Ghaziabad,"Indirapuram, Ghaziabad - UPPCB","03-06-2026 23:00:00",28.646233,77.358075,PM2.5,51,193,103
India,Uttar_Pradesh,Ghaziabad,"Sanjay Nagar, Ghaziabad - UPPCB","03-06-2026 23:00:00",28.685382,77.453839,PM2.5,44,242,97
India,Uttar_Pradesh,Ghaziabad,"Sanjay Nagar, Ghaziabad - UPPCB","03-06-2026 23:00:00",28.685382,77.453839,PM10,107,351,144
India,Uttar_Pradesh,Ghaziabad,"Sanjay Nagar, Ghaziabad - UPPCB","03-06-2026 23:00:00",28.685382,77.453839,SO2,7,53,18
India,Uttar_Pradesh,Ghaziabad,"Vasundhara, Ghaziabad - UPPCB","03-06-2026 23:00:00",28.6603346,77.3572563,PM2.5,NA,NA,NA
India,Uttar_Pradesh,Ghaziabad,"Vasundhara, Ghaziabad - UPPCB","03-06-2026 23:00:00",28.6603346,77.3572563,SO2,NA,NA,NA
India,Uttar_Pradesh,Gorakhpur,"Madan Mohan Malaviya University of Technology, Gorakhpur - UPPCB","03-06-2026 23:00:00",26.730136,83.433859,PM10,36,109,72
India,Uttar_Pradesh,"Greater Noida","Knowledge Park - III, Greater Noida - UPPCB","03-06-2026 23:00:00",28.47272,77.482000,SO2,8,16,11
India,TamilNadu,Chennai,"Kodungaiyur, Chennai - TNPCB","03-06-2026 23:00:00",13.1278,80.2642,PM2.5,12,62,31
India,TamilNadu,Chennai,"Kodungaiyur, Chennai - TNPCB","03-06-2026 23:00:00",13.1278,80.2642,NH3,3,5,4
India,TamilNadu,Chennai,"Kodungaiyur, Chennai - TNPCB","03-06-2026 23:00:00",13.1278,80.2642,SO2,5,8,6
India,TamilNadu,Chennai,"Manali Village, Chennai - TNPCB","03-06-2026 23:00:00",13.1662,80.2584,SO2,11,37,15
India,TamilNadu,Chennai,"Manali Village, Chennai - TNPCB","03-06-2026 23:00:00",13.1662,80.2584,OZONE,15,236,236
India,TamilNadu,Chennai,"Manali, Chennai - CPCB","03-06-2026 23:00:00",13.164544,80.26285,PM10,34,68,50
India,TamilNadu,Chennai,"Perungudi, Chennai - TNPCB","03-06-2026 23:00:00",12.9533,80.2357,NO2,4,8,6
India,TamilNadu,Chennai,"Perungudi, Chennai - TNPCB","03-06-2026 23:00:00",12.9533,80.2357,NH3,NA,NA,NA
India,TamilNadu,Coimbatore,"PSG College of Arts and Science, Coimbatore - TNPCB","03-06-2026 23:00:00",11.0328,77.0349,SO2,2,3,3
India,TamilNadu,Coimbatore,"SIDCO Kurichi, Coimbatore - TNPCB","03-06-2026 23:00:00",10.942451,76.978996,PM2.5,8,31,19
India,TamilNadu,Coimbatore,"SIDCO Kurichi, Coimbatore - TNPCB","03-06-2026 23:00:00",10.942451,76.978996,NH3,1,1,1
India,TamilNadu,Cuddalore,"Semmandalam, Cuddalore - TNPCB","03-06-2026 23:00:00",11.7637683,79.7499835,PM10,NA,NA,NA
India,Rajasthan,Jaipur,"Mansarovar Sector-12, Jaipur - RSPCB","03-06-2026 23:00:00",26.843698,75.766894,CO,12,44,29
India,Rajasthan,Jaipur,"RIICO Sitapura, Jaipur - RSPCB","03-06-2026 23:00:00",26.786682,75.827928,NH3,2,3,2
India,Rajasthan,Jaipur,"Sector-2 Murlipura, Jaipur - RSPCB","03-06-2026 23:00:00",26.960669,75.771817,NH3,5,14,9
India,Rajasthan,Jaipur,"Sector-2 Murlipura, Jaipur - RSPCB","03-06-2026 23:00:00",26.960669,75.771817,CO,2,66,47
India,Rajasthan,Jaipur,"Sector-2 Murlipura, Jaipur - RSPCB","03-06-2026 23:00:00",26.960669,75.771817,OZONE,22,84,57
India,Rajasthan,Jaisalmer,"Sadar Bazar, Jaisalmer - RSPCB","03-06-2026 23:00:00",26.912329,70.909168,NH3,9,16,13
India,Rajasthan,Jalore,"Mudtra Sili, Jalore - RSPCB","03-06-2026 23:00:00",25.344694,72.626208,NH3,6,11,8
India,Rajasthan,Jalore,"Mudtra Sili, Jalore - RSPCB","03-06-2026 23:00:00",25.344694,72.626208,CO,13,34,24
India,Rajasthan,Jhalawar,"Rajlaxmi Nagar, Jhalawar - RSPCB","03-06-2026 23:00:00",24.588397,76.172782,PM10,47,98,76
India,Rajasthan,Jhunjhunu,"Indra Nagar, Jhunjhunu - RSPCB","03-06-2026 23:00:00",28.108988,75.386577,PM2.5,26,89,43
India,Telangana,Hyderabad,"Central University, Hyderabad - TSPCB","03-06-2026 23:00:00",17.460103,78.334361,PM2.5,NA,NA,NA
India,Telangana,Hyderabad,"Central University, Hyderabad - TSPCB","03-06-2026 23:00:00",17.460103,78.334361,CO,14,22,17
India,Telangana,Hyderabad,"Central University, Hyderabad - TSPCB","03-06-2026 23:00:00",17.460103,78.334361,OZONE,9,10,10
India,Telangana,Hyderabad,"ECIL Kapra, Hyderabad - TSPCB","03-06-2026 23:00:00",17.470431,78.566959,PM10,77,84,80
India,Telangana,Hyderabad,"ICRISAT Patancheru, Hyderabad - TSPCB","03-06-2026 23:00:00",17.518400,78.278777,SO2,6,17,10
India,Telangana,Hyderabad,"IDA Pashamylaram, Hyderabad - TSPCB","03-06-2026 23:00:00",17.5316895,78.218939,PM10,30,107,53
India,Telangana,Hyderabad,"IDA Pashamylaram, Hyderabad - TSPCB","03-06-2026 23:00:00",17.5316895,78.218939,CO,2,45,21
India,Telangana,Hyderabad,"IITH Kandi, Hyderabad - TSPCB","03-06-2026 23:00:00",17.585705,78.126199,PM2.5,40,112,70
India,Telangana,Hyderabad,"IITH Kandi, Hyderabad - TSPCB","03-06-2026 23:00:00",17.585705,78.126199,NO2,11,15,14
India,Telangana,Hyderabad,"IITH Kandi, Hyderabad - TSPCB","03-06-2026 23:00:00",17.585705,78.126199,NH3,4,5,5
India,Telangana,Hyderabad,"IITH Kandi, Hyderabad - TSPCB","03-06-2026 23:00:00",17.585705,78.126199,CO,25,43,31
India,Telangana,Hyderabad,"IITH Kandi, Hyderabad - TSPCB","03-06-2026 23:00:00",17.585705,78.126199,OZONE,18,31,22
India,Rajasthan,Jodhpur,"Jhalamand, Jodhpur - RSPCB","03-06-2026 23:00:00",26.215415,73.070156,NO2,7,49,16
India,Rajasthan,Jodhpur,"Jhalamand, Jodhpur - RSPCB","03-06-2026 23:00:00",26.215415,73.070156,SO2,2,4,2
India,Rajasthan,Jodhpur,"Jhalamand, Jodhpur - RSPCB","03-06-2026 23:00:00",26.215415,73.070156,OZONE,29,84,75
India,Rajasthan,Karauli,"Satyawati Vihar, Karauli - RSPCB","03-06-2026 23:00:00",26.506177,77.025989,PM2.5,13,53,37
India,Rajasthan,Karauli,"Satyawati Vihar, Karauli - RSPCB","03-06-2026 23:00:00",26.506177,77.025989,OZONE,11,95,49
India,Rajasthan,Kota,"Nayapura, Kota - RSPCB","03-06-2026 23:00:00",25.196024,75.855668,SO2,7,19,14
India,Rajasthan,Kota,"Shrinath Puram, Kota - RSPCB","03-06-2026 23:00:00",25.14389,75.821256,PM2.5,40,96,58
India,Rajasthan,Kota,"Shrinath Puram, Kota - RSPCB","03-06-2026 23:00:00",25.14389,75.821256,NH3,5,11,7
India,Rajasthan,Kota,"Shrinath Puram, Kota - RSPCB","03-06-2026 23:00:00",25.14389,75.821256,OZONE,8,13,11
India,Telangana,Hyderabad,"Kokapet, Hyderabad - TSPCB","03-06-2026 23:00:00",17.393559,78.339194,PM10,78,100,86
India,Telangana,Hyderabad,"Nacharam_TSIIC IALA, Hyderabad - TSPCB","03-06-2026 23:00:00",17.429398,78.569354,SO2,NA,NA,NA
India,Telangana,Hyderabad,"Ramachandrapuram, Hyderabad - TSPCB","03-06-2026 23:00:00",17.528544,78.286195,OZONE,25,44,31
India,Telangana,Hyderabad,"Sanathnagar, Hyderabad - TSPCB","03-06-2026 23:00:00",17.4559458,78.4332152,PM2.5,18,65,37
India,Telangana,Hyderabad,"Sanathnagar, Hyderabad - TSPCB","03-06-2026 23:00:00",17.4559458,78.4332152,CO,34,46,38
India,Telangana,Hyderabad,"Somajiguda, Hyderabad - TSPCB","03-06-2026 23:00:00",17.417094,78.457437,NO2,13,17,14
India,Telangana,Hyderabad,"Zoo Park, Hyderabad - TSPCB","03-06-2026 23:00:00",17.349694,78.451437,PM2.5,15,49,31
India,Rajasthan,Dausa,"Khatikan Mohalla, Dausa - RSPCB","03-06-2026 23:00:00",26.895552,76.334753,NO2,2,107,37
India,Rajasthan,Dholpur,"Raja Ganj, Dholpur - RSPCB","03-06-2026 23:00:00",26.699557,77.898881,SO2,9,14,11
India,Rajasthan,Dungarpur,"Bhoiwada, Dungarpur - RSPCB","03-06-2026 23:00:00",23.837789,73.714926,OZONE,11,87,53
India,Rajasthan,Hanumangarh,"Housing Board, Hanumangarh - RSPCB","03-06-2026 23:00:00",29.610750,74.283608,PM2.5,18,40,31
India,Rajasthan,Hanumangarh,"Housing Board, Hanumangarh - RSPCB","03-06-2026 23:00:00",29.610750,74.283608,SO2,2,6,4
India,Rajasthan,Jaipur,"Adarsh Nagar, Jaipur - RSPCB","03-06-2026 23:00:00",26.902909,75.836858,PM10,NA,NA,NA
India,Rajasthan,Jaipur,"Adarsh Nagar, Jaipur - RSPCB","03-06-2026 23:00:00",26.902909,75.836858,OZONE,NA,NA,NA
India,Uttar_Pradesh,Jhansi,"Shivaji Nagar, Jhansi - UPPCB","03-06-2026 23:00:00",25.4547,78.6039,PM2.5,22,46,32
India,Uttar_Pradesh,Jhansi,"Shivaji Nagar, Jhansi - UPPCB","03-06-2026 23:00:00",25.4547,78.6039,PM10,33,79,48
India,Uttar_Pradesh,Jhansi,"Shivaji Nagar, Jhansi - UPPCB","03-06-2026 23:00:00",25.4547,78.6039,CO,2,14,9
India,Uttar_Pradesh,Kanpur,"FTI Kidwai Nagar, Kanpur - UPPCB","03-06-2026 23:00:00",26.428282,80.327067,PM10,18,136,80
India,Uttar_Pradesh,Kanpur,"FTI Kidwai Nagar, Kanpur - UPPCB","03-06-2026 23:00:00",26.428282,80.327067,NO2,25,27,26
India,Uttar_Pradesh,Kanpur,"NSI Kalyanpur, Kanpur - UPPCB","03-06-2026 23:00:00",26.509954,80.249612,SO2,NA,NA,NA
India,Uttar_Pradesh,Kanpur,"Nehru Nagar, Kanpur - UPPCB","03-06-2026 23:00:00",26.4703136,80.3229863,PM2.5,29,92,62
India,Uttar_Pradesh,Kanpur,"Nehru Nagar, Kanpur - UPPCB","03-06-2026 23:00:00",26.4703136,80.3229863,PM10,26,82,55
India,Uttar_Pradesh,Kanpur,"Nehru Nagar, Kanpur - UPPCB","03-06-2026 23:00:00",26.4703136,80.3229863,NO2,42,47,44
India,Uttar_Pradesh,Kanpur,"Nehru Nagar, Kanpur - UPPCB","03-06-2026 23:00:00",26.4703136,80.3229863,CO,48,54,50
India,Uttar_Pradesh,Khora,"Prashant Garden, Khora - UPPCB","03-06-2026 23:00:00",28.61119,77.34206,NO2,26,65,37
India,Uttar_Pradesh,Khora,"Prashant Garden, Khora - UPPCB","03-06-2026 23:00:00",28.61119,77.34206,SO2,9,21,12
India,Uttar_Pradesh,Khurja,"Kalindi Kunj, Khurja - UPPCB","03-06-2026 23:00:00",28.2348927,77.8683002,NH3,1,1,1
India,Uttar_Pradesh,Khurja,"Kalindi Kunj, Khurja - UPPCB","03-06-2026 23:00:00",28.2348927,77.8683002,OZONE,12,21,19
India,Uttar_Pradesh,Lucknow,"B R Ambedkar University, Lucknow - UPPCB","03-06-2026 23:00:00",26.766433,80.927299,NO2,11,12,12
India,Uttar_Pradesh,Lucknow,"B R Ambedkar University, Lucknow - UPPCB","03-06-2026 23:00:00",26.766433,80.927299,NH3,3,3,3
India,Uttar_Pradesh,Lucknow,"B R Ambedkar University, Lucknow - UPPCB","03-06-2026 23:00:00",26.766433,80.927299,SO2,30,30,30
India,Uttar_Pradesh,Lucknow,"Gomti Nagar, Lucknow - UPPCB","03-06-2026 23:00:00",26.868120,81.005119,SO2,11,12,12
India,Uttar_Pradesh,Lucknow,"Gomti Nagar, Lucknow - UPPCB","03-06-2026 23:00:00",26.868120,81.005119,OZONE,45,55,51
India,Uttar_Pradesh,Lucknow,"Kukrail Picnic Spot-1, Lucknow - UPPCB","03-06-2026 23:00:00",26.90723,80.98579,PM2.5,31,133,77
India,Uttar_Pradesh,Lucknow,"Kukrail Picnic Spot-1, Lucknow - UPPCB","03-06-2026 23:00:00",26.90723,80.98579,PM10,50,110,75
India,Uttar_Pradesh,Lucknow,"Kukrail Picnic Spot-1, Lucknow - UPPCB","03-06-2026 23:00:00",26.90723,80.98579,OZONE,24,74,57
India,Uttar_Pradesh,Lucknow,"Lalbagh, Lucknow - CPCB","03-06-2026 23:00:00",26.8458805,80.9365541,SO2,1,11,5
India,Uttar_Pradesh,Lucknow,"Lalbagh, Lucknow - CPCB","03-06-2026 23:00:00",26.8458805,80.9365541,OZONE,13,111,53
India,Uttar_Pradesh,Lucknow,"Talkatora District Industries Center, Lucknow - CPCB","03-06-2026 23:00:00",26.83399722,80.8917361,SO2,1,15,6
India,Uttar_Pradesh,Meerut,"Ganga Nagar, Meerut - UPPCB","03-06-2026 23:00:00",28.999264,77.7590354,NO2,25,55,43
India,Uttar_Pradesh,Meerut,"Ganga Nagar, Meerut - UPPCB","03-06-2026 23:00:00",28.999264,77.7590354,NH3,8,14,10
India,Uttar_Pradesh,Meerut,"Jai Bhim Nagar, Meerut - UPPCB","03-06-2026 23:00:00",28.9535882,77.7622941,PM2.5,25,124,77
India,Uttar_Pradesh,Meerut,"Pallavpuram Phase 2, Meerut - UPPCB","03-06-2026 23:00:00",29.063510,77.709723,CO,10,105,29
India,Uttar_Pradesh,Moradabad,"Buddhi Vihar, Moradabad - UPPCB","03-06-2026 23:00:00",28.83526,78.74460,NO2,28,29,29
India,Uttar_Pradesh,Moradabad,"Buddhi Vihar, Moradabad - UPPCB","03-06-2026 23:00:00",28.83526,78.74460,SO2,22,27,24
India,Uttar_Pradesh,Moradabad,"Buddhi Vihar, Moradabad - UPPCB","03-06-2026 23:00:00",28.83526,78.74460,OZONE,13,111,60
India,Uttar_Pradesh,Moradabad,"Employment Office, Moradabad - UPPCB","03-06-2026 23:00:00",28.88528,78.73880,NH3,4,4,4
India,Uttar_Pradesh,Moradabad,"Jigar Colony, Moradabad - UPPCB","03-06-2026 23:00:00",28.856664,78.772638,NH3,6,6,6
India,Uttar_Pradesh,Moradabad,"Jigar Colony, Moradabad - UPPCB","03-06-2026 23:00:00",28.856664,78.772638,CO,40,40,40
India,Uttar_Pradesh,Moradabad,"Kashiram Nagar, Moradabad - UPPCB","03-06-2026 23:00:00",28.849399,78.742362,PM10,56,103,80
India,Uttar_Pradesh,Moradabad,"Transport Nagar, Moradabad - UPPCB","03-06-2026 23:00:00",28.802625,78.753728,PM2.5,26,95,57
India,Uttar_Pradesh,Moradabad,"Transport Nagar, Moradabad - UPPCB","03-06-2026 23:00:00",28.802625,78.753728,CO,48,65,54
India,Uttar_Pradesh,Moradabad,"Transport Nagar, Moradabad - UPPCB","03-06-2026 23:00:00",28.802625,78.753728,OZONE,29,42,35
India,Uttar_Pradesh,Noida,"Sector-1, Noida - UPPCB","03-06-2026 23:00:00",28.5898,77.3101,OZONE,3,276,159
India,Uttar_Pradesh,Noida,"Sector-116, Noida - UPPCB","03-06-2026 23:00:00",28.569230,77.393848,PM10,92,424,169
India,Uttar_Pradesh,Noida,"Sector-116, Noida - UPPCB","03-06-2026 23:00:00",28.569230,77.393848,NO2,15,104,54
India,Uttar_Pradesh,Prayagraj,"Motilal Nehru NIT, Prayagraj - UPPCB","03-06-2026 23:00:00",25.494,81.863,NH3,7,9,8
India,Uttar_Pradesh,Raebareli," Indira Nagar, Raebareli - NTPC Unchahar","03-06-2026 23:00:00",26.207781,81.245571,OZONE,14,126,65
India,Uttar_Pradesh,Varanasi,"IESD Banaras Hindu University, Varanasi - UPPCB","03-06-2026 23:00:00",25.262326,82.995408,PM2.5,12,87,34
India,Uttar_Pradesh,Varanasi,"IESD Banaras Hindu University, Varanasi - UPPCB","03-06-2026 23:00:00",25.262326,82.995408,OZONE,1,11,6
India,Uttar_Pradesh,Varanasi,"Maldahiya, Varanasi - UPPCB","03-06-2026 23:00:00",25.32393,82.99687,PM10,45,117,67
India,Uttar_Pradesh,Varanasi,"Maldahiya, Varanasi - UPPCB","03-06-2026 23:00:00",25.32393,82.99687,NO2,2,4,3
India,Uttar_Pradesh,Varanasi,"Maldahiya, Varanasi - UPPCB","03-06-2026 23:00:00",25.32393,82.99687,SO2,28,29,28
India,Uttar_Pradesh,Varanasi,"Maldahiya, Varanasi - UPPCB","03-06-2026 23:00:00",25.32393,82.99687,OZONE,3,20,11
India,Uttar_Pradesh,Vrindavan,"Omex Eternity, Vrindavan - UPPCB","03-06-2026 23:00:00",27.5714090,77.6557570,PM2.5,16,64,35
India,Uttar_Pradesh,Vrindavan,"Omex Eternity, Vrindavan - UPPCB","03-06-2026 23:00:00",27.5714090,77.6557570,NH3,6,8,8
India,Uttarakhand,Rishikesh,"Shivaji Nagar, Rishikesh - UKPCB","03-06-2026 23:00:00",30.075911,78.2859547,CO,37,37,37
India,West_Bengal,Asansol,"Asansol Court Area, Asansol - WBPCB","03-06-2026 23:00:00",23.685297,86.945968,PM10,35,107,79
India,West_Bengal,Asansol,"Evelyn Lodge, Asansol - WBPCB","03-06-2026 23:00:00",23.6979360,86.9443950,CO,7,56,23
India,West_Bengal,Asansol,"Mahabir Colliery, Asansol - WBPCB","03-06-2026 23:00:00",23.6181830,87.1057180,CO,6,46,15
India,West_Bengal,Asansol,"Mahabir Colliery, Asansol - WBPCB","03-06-2026 23:00:00",23.6181830,87.1057180,OZONE,17,78,48
India,West_Bengal,Asansol,"Trivenidevi Bhalotia College, Asansol - WBPCB","03-06-2026 23:00:00",23.616515,87.119133,OZONE,5,19,13
India,West_Bengal,Barrackpore,"SVSPA Campus, Barrackpore - WBPCB","03-06-2026 23:00:00",22.7605581,88.3617589,PM10,44,87,62
India,West_Bengal,Durgapur,"Mahishkapur Road_B-Zone, Durgapur - WBPCB","03-06-2026 23:00:00",23.567923,87.306843,CO,36,117,96
India,West_Bengal,Durgapur,"PCBL Residential Complex, Durgapur - WBPCB","03-06-2026 23:00:00",23.5087640,87.3544400,PM10,32,99,62
India,West_Bengal,Durgapur,"PCBL Residential Complex, Durgapur - WBPCB","03-06-2026 23:00:00",23.5087640,87.3544400,NO2,48,85,59
India,West_Bengal,Durgapur,"PCBL Residential Complex, Durgapur - WBPCB","03-06-2026 23:00:00",23.5087640,87.3544400,OZONE,1,12,2
India,West_Bengal,Durgapur,"Womens College_City Center, Durgapur - WBPCB","03-06-2026 23:00:00",23.549395,87.300496,PM2.5,52,109,75
India,West_Bengal,Haldia,"Priyambada Housing Estate, Haldia - WBPCB","03-06-2026 23:00:00",22.06047,88.109737,PM10,43,91,64
India,West_Bengal,Haldia,"Priyambada Housing Estate, Haldia - WBPCB","03-06-2026 23:00:00",22.06047,88.109737,NH3,4,5,4
India,West_Bengal,Haldia,"Priyambada Housing Estate, Haldia - WBPCB","03-06-2026 23:00:00",22.06047,88.109737,SO2,4,20,10
India,West_Bengal,Haldia,"Priyambada Housing Estate, Haldia - WBPCB","03-06-2026 23:00:00",22.06047,88.109737,CO,22,28,24
India,West_Bengal,Howrah,"Belur Math, Howrah - WBPCB","03-06-2026 23:00:00",22.629801,88.352017,NH3,4,9,5
India,West_Bengal,Howrah,"Belur Math, Howrah - WBPCB","03-06-2026 23:00:00",22.629801,88.352017,SO2,5,14,7
India,West_Bengal,Howrah,"Belur Math, Howrah - WBPCB","03-06-2026 23:00:00",22.629801,88.352017,CO,14,27,24
India,West_Bengal,Howrah,"Botanical Garden, Howrah - WBPCB","03-06-2026 23:00:00",22.554954,88.292568,NO2,4,22,10
India,West_Bengal,Howrah,"Botanical Garden, Howrah - WBPCB","03-06-2026 23:00:00",22.554954,88.292568,SO2,7,12,8
India,West_Bengal,Howrah,"Botanical Garden, Howrah - WBPCB","03-06-2026 23:00:00",22.554954,88.292568,CO,6,15,12
India,West_Bengal,Howrah,"Dasnagar, Howrah - WBPCB","03-06-2026 23:00:00",22.6025571,88.3105664,PM2.5,1,70,36
India,West_Bengal,Howrah,"Dasnagar, Howrah - WBPCB","03-06-2026 23:00:00",22.6025571,88.3105664,SO2,6,6,6
India,West_Bengal,Howrah,"Dasnagar, Howrah - WBPCB","03-06-2026 23:00:00",22.6025571,88.3105664,OZONE,29,139,63
India,West_Bengal,Howrah,"Ghusuri, Howrah - WBPCB","03-06-2026 23:00:00",22.611968,88.347422,NO2,27,53,43
India,West_Bengal,Howrah,"Ghusuri, Howrah - WBPCB","03-06-2026 23:00:00",22.611968,88.347422,NH3,2,3,2
India,West_Bengal,Howrah,"Ghusuri, Howrah - WBPCB","03-06-2026 23:00:00",22.611968,88.347422,SO2,9,13,10
India,West_Bengal,Howrah,"Padmapukur, Howrah - WBPCB","03-06-2026 23:00:00",22.5687319,88.2797276,NO2,18,53,28
India,West_Bengal,Kolkata,"Bidhannagar, Kolkata - WBPCB","03-06-2026 23:00:00",22.58157048,88.41002457,SO2,7,39,10
India,West_Bengal,Kolkata,"Jadavpur, Kolkata - WBPCB","03-06-2026 23:00:00",22.49929,88.36917,CO,23,28,28
India,West_Bengal,Kolkata,"Rabindra Bharati University, Kolkata - WBPCB","03-06-2026 23:00:00",22.627847,88.380669,PM10,45,85,65
India,West_Bengal,Kolkata,"Rabindra Bharati University, Kolkata - WBPCB","03-06-2026 23:00:00",22.627847,88.380669,NO2,27,105,49
India,West_Bengal,Kolkata,"Rabindra Bharati University, Kolkata - WBPCB","03-06-2026 23:00:00",22.627847,88.380669,NH3,6,8,6
India,West_Bengal,Kolkata,"Rabindra Sarobar, Kolkata - WBPCB","03-06-2026 23:00:00",22.51106,88.35142,NO2,31,84,50
India,West_Bengal,Kolkata,"Rabindra Sarobar, Kolkata - WBPCB","03-06-2026 23:00:00",22.51106,88.35142,SO2,4,6,5
India,West_Bengal,Kolkata,"Victoria, Kolkata - WBPCB","03-06-2026 23:00:00",22.5448082,88.3403691,PM2.5,67,110,82
India,West_Bengal,Kolkata,"Victoria, Kolkata - WBPCB","03-06-2026 23:00:00",22.5448082,88.3403691,PM10,91,110,101
India,West_Bengal,Siliguri,"Ward-32 Bapupara, Siliguri - WBPCB","03-06-2026 23:00:00",26.6879226,88.4152495,PM10,NA,NA,NA
India,West_Bengal,Siliguri,"Ward-32 Bapupara, Siliguri - WBPCB","03-06-2026 23:00:00",26.6879226,88.4152495,NO2,NA,NA,NA
